epoch,start_sec,delta_power,theta_power,alpha_power,beta_power
0,0,0.822363183900193,0.10612762196703679,0.009623282020776131,0.009459405680150546
1,30,0.7279651002765529,0.07739456807264611,0.020980517663564572,0.04688388837917209
2,60,0.7765381759211608,0.030818553318215806,0.016405530071750423,0.018308806653041874
3,90,0.7690329871886793,0.07697154425637523,0.05388983484829992,0.02752085478150749
4,120,0.7159090066766436,0.14000227133789608,0.06633314439799194,0.025651813763140068
5,150,0.7205913801549189,0.19107265317787045,0.01674654577160987,0.013613644398412181
6,180,0.7460322918295301,0.08654751260704036,0.016276676446968882,0.041696431702516086
7,210,0.8030741687616438,0.06554331250448185,0.006723441014620439,0.008639132827525113
8,240,0.7209041382725349,0.17597166676092632,0.02206044869242917,0.022900461212368352
9,270,0.7704521710948281,0.06575589893856003,0.013810755774273846,0.02648394512372304
10,300,0.8294121820667393,0.04455914629793527,0.010657295918014469,0.011980091051412992
11,330,0.8476998441000426,0.05904031634893015,0.009697614714378066,0.014889749898332602
12,360,0.835348697339988,0.085886188424863,0.011973701264919775,0.01436491856592122
13,390,0.8001983476860725,0.08463800087543663,0.01297740605033535,0.019255153856873326
14,420,0.7933104279154869,0.07911813659694113,0.013532109362725106,0.021729794904028394
15,450,0.7918203033741309,0.07091023606610358,0.019346884223728177,0.02614787343789125
16,480,0.7585048883702705,0.08965526710711814,0.021683783077899567,0.03224286940621165
17,510,0.7767345707571628,0.08330601761048553,0.016583472178246086,0.022326334740302888
18,540,0.7847811987280207,0.08058341787887216,0.014549482933301962,0.018035609914203787
19,570,0.7150243754091059,0.09267388190189312,0.024769304568755455,0.05576567688966117
20,600,0.8320532253597461,0.05675011415192842,0.016736446835666347,0.028147922806641218
21,630,0.733752205158825,0.10515875646223237,0.03287177202016299,0.04169900569997087
22,660,0.7124050531727691,0.07742379454755004,0.03531083156214335,0.0657549727807775
23,690,0.689260876826841,0.09222335876004965,0.038874725114435245,0.0728765897047044
24,720,0.7956559899019725,0.08915355721732977,0.01812699449455192,0.027219406318238163
25,750,0.8168163494316786,0.050127588653097924,0.01113911395140182,0.016485299808245493
26,780,0.7751264982079504,0.05520232025427477,0.014984718071797862,0.02546056743507864
27,810,0.6778950333014115,0.10082257750688296,0.032202383849769374,0.06502836768774388
28,840,0.7546396535066763,0.06308236525329389,0.01998008042668045,0.027881964712066436
29,870,0.8156565696856699,0.06717782862461844,0.012354363755171939,0.019518452331530947
30,900,0.8214694537329879,0.06188760469040248,0.018866665164426234,0.032958853443890455
31,930,0.6214448665275402,0.14686898505020565,0.04131643962068347,0.07267532506272259
32,960,0.7460504520911744,0.07092767818801116,0.01850322492221635,0.03167810750114854
33,990,0.7582526605973621,0.07700559842583928,0.022286738286450867,0.042182586479827366
34,1020,0.7749197462113895,0.08280615131205947,0.02223066907774123,0.02979778953292835
35,1050,0.8290820387204627,0.056689491670885384,0.01302232046126255,0.017738835179798136
36,1080,0.778308187341012,0.05141851708193317,0.016633425854533,0.03286189594163463
37,1110,0.7977148895966586,0.08690442472984466,0.022117660849712513,0.028366823245021235
38,1140,0.653305998166158,0.12383147436586821,0.03223756619498374,0.07135924690277701
39,1170,0.736707960337956,0.08143887283498019,0.018907561111251015,0.036961604138061044
40,1200,0.8297671099889303,0.05118532471718824,0.01393779564953019,0.01831493349525106
41,1230,0.8173408897205227,0.05969625966589779,0.01618657996265376,0.02208288580759091
42,1260,0.8220152093456101,0.04730370092516706,0.010259619066789166,0.01840382487918767
43,1290,0.7834429299071638,0.07393665394588318,0.017274480588934285,0.03378693774839897
44,1320,0.7816122456902329,0.05219564361286871,0.020561899251161808,0.029878503881332237
45,1350,0.7059756813757366,0.09335374731811137,0.024455176911167577,0.04527906209324018
46,1380,0.7421899841684798,0.0813087232364178,0.032504780311118066,0.04890279119841203
47,1410,0.7584237060693213,0.07917701932939586,0.02214569423143142,0.04710662154884331
48,1440,0.8053319937630737,0.051946309277766875,0.015027232465787223,0.02210945852629052
49,1470,0.7839231846305273,0.05802783025847795,0.0152585404227491,0.018780396295636378
50,1500,0.7418312212101252,0.09854667395660463,0.019423450112205667,0.03210108893988072
51,1530,0.8152125492161524,0.058931308310422446,0.018037812319578322,0.027494107830108534
52,1560,0.745369774231451,0.06449227846343762,0.017354449646402446,0.030759593060779227
53,1590,0.7556630449646781,0.07887803492213721,0.022135676092698193,0.03995836017849063
54,1620,0.6958343822290757,0.084941583501759,0.029960867122498666,0.06119452607959837
55,1650,0.771351371169661,0.06465475267248189,0.013894922590220711,0.030525023052200916
56,1680,0.6835753566653999,0.09336728594481357,0.027589153376405016,0.05946237209137193
57,1710,0.4478264363984299,0.25909567216751495,0.061562713683765584,0.0902584275893456
58,1740,0.46558337093706814,0.2081806998120527,0.07450621900779339,0.1038014823742039
59,1770,0.7546483732816388,0.05048722672823402,0.014971410402568027,0.024255232471681532
60,1800,0.7322080305307821,0.08682771510137124,0.023461864925708287,0.03571280761311075
61,1830,0.7599626615683226,0.0836749417056075,0.01955584283573384,0.028125788478356003
62,1860,0.7247706990625301,0.08797576996213549,0.02555297371464608,0.053697099882505456
63,1890,0.799665811488581,0.054727482468341346,0.016267568034078493,0.0254726813988594
64,1920,0.7816853990850224,0.06420119730905295,0.013659434766841852,0.028510886752489847
65,1950,0.7711401265327583,0.07964808161154811,0.020497484913379386,0.03892808530440366
66,1980,0.7940398408361908,0.05743046364017983,0.01308398082609702,0.020644558049615982
67,2010,0.8327192736745237,0.06819067567792732,0.016725004298712643,0.018989165287980194
68,2040,0.8313320823895736,0.07306972711795715,0.012173470916101176,0.011788003751513206
69,2070,0.793461613677831,0.0787533771802405,0.01449444864137375,0.021118115875392005
70,2100,0.8119647107527764,0.054826239148540665,0.012251486426542925,0.018730900407848125
71,2130,0.8369024729437325,0.041239331940225,0.015817183983726953,0.02103084897940968
72,2160,0.8071068165341017,0.05664998689593155,0.011961597723578198,0.017915643265118526
73,2190,0.7791437064965039,0.08115822188704551,0.02136330538241188,0.03066004653109442
74,2220,0.8261884915038854,0.0657973539897986,0.020673165019961783,0.022425564522136777
75,2250,0.702671756783788,0.13086480008440762,0.025950687225285814,0.045029405839621235
76,2280,0.7323656536773142,0.08364959186595139,0.024812724015936895,0.030196564332019293
77,2310,0.7962940625762323,0.05924418524720475,0.014282763641469314,0.019364376421800486
78,2340,0.7789397872731352,0.054547159863641115,0.015530919360891488,0.03488495912000369
79,2370,0.6568141614438969,0.09333436331695817,0.03188608412943362,0.0621277871702019
80,2400,0.748657678771243,0.08761246775847688,0.023047530489562512,0.043634369421669955
81,2430,0.70105779291997,0.0656035816026212,0.026863745734249076,0.05326589949045223
82,2460,0.8075003519715382,0.05362349371039012,0.018696948380909663,0.027490353105825618
83,2490,0.7835924412696773,0.06501172274911639,0.014289909881961962,0.02600608229673219
84,2520,0.804207985554887,0.04479221400674107,0.010391755806470419,0.01659577252732285
85,2550,0.7713708439520709,0.07898490535951697,0.015766769635536845,0.02385205646224898
86,2580,0.8215464698067597,0.0463938141482592,0.00897104816607694,0.013357135937807916
87,2610,0.7860463904754192,0.0682609440033178,0.015841820572702496,0.024986004141865376
88,2640,0.7710403382400107,0.04751985248745501,0.013986957579818946,0.03592895271005423
89,2670,0.8423879329153916,0.053673206349650115,0.009644690551241742,0.014458307169565324
90,2700,0.801843233379384,0.07632779146380046,0.01535824668830559,0.02109597672686001
91,2730,0.7690779917499044,0.07340417292861223,0.015285505905960152,0.020562393974354606
92,2760,0.7942595459945373,0.06552625066822733,0.01413368084205203,0.016210693896047096
93,2790,0.7880275557089504,0.09425001790443202,0.01672424387322269,0.02285118209720793
94,2820,0.785006531608154,0.09846338665622405,0.017810421506605088,0.02591844698863275
95,2850,0.8208844768045592,0.06974760770852381,0.012381694507140655,0.01938307644289298
96,2880,0.8063403004927834,0.10599976259059064,0.013584807535053534,0.01974629821642847
97,2910,0.8018944969918633,0.08832433264064168,0.01599667539110635,0.024799633243758445
98,2940,0.7845235429894688,0.07323448986351472,0.013575561306209143,0.018285301542697367
99,2970,0.7941392055199332,0.09874985035181329,0.016032987443164035,0.0204251842318572
100,3000,0.8482022325835729,0.06809924130111011,0.010829293955673593,0.013769284698813996
101,3030,0.786231190458577,0.14453982212307795,0.014505689291065132,0.017636905579325
102,3060,0.8026551545159553,0.08115928963572275,0.012700458746505529,0.017723736182453688
103,3090,0.8273389083460801,0.08452199320348315,0.013173268820098614,0.019992623150553
104,3120,0.8169262287513906,0.04653174820966506,0.00977568773751719,0.013123939125337174
105,3150,0.7684229391198737,0.04849281737458669,0.013956329804539326,0.03103155355734698
106,3180,0.843958325218625,0.046571907404077295,0.009794777953753386,0.01940293043814792
107,3210,0.8309004487242915,0.06507850037299281,0.009732840436116167,0.012964220559830346
108,3240,0.7798683175755944,0.10587097697364402,0.021467141398465884,0.026352087425827446
109,3270,0.7998504027331351,0.09724422597573817,0.017657081273033535,0.02399402133284981
110,3300,0.7223494600340059,0.11711243671760584,0.02385160861731414,0.041267866232892074
111,3330,0.8356289629250154,0.05456746948079063,0.011151183780567498,0.012455878656891227
112,3360,0.8522182000071866,0.03620138383519393,0.00847786478884403,0.01080153874636598
113,3390,0.8531535702283409,0.040953507764177506,0.009642795933824212,0.009373103965991055
114,3420,0.7868437422800025,0.03409737483795675,0.009770677895676913,0.01670134309312401
115,3450,0.7870808387454911,0.09031472023397168,0.01849734213456735,0.01574632901908168
116,3480,0.7348679825132983,0.12118226396047817,0.0223382572335805,0.037115678491212487
117,3510,0.7922334134649583,0.0618527670283787,0.01351724326315793,0.025073835862471906
118,3540,0.8268221786761636,0.0649899428036669,0.015102354833082714,0.023394820769555354
119,3570,0.814659500120241,0.09535668511231249,0.014381904987041554,0.01611591006121681
120,3600,0.7368691724111996,0.08316902410911955,0.023780204977364827,0.038465894221184106
121,3630,0.7320296528332972,0.10808107741203839,0.023663554175319977,0.04498003182565354
122,3660,0.8064086988531235,0.0889738924872953,0.013374095883721885,0.01987379627297192
123,3690,0.798546158983978,0.07975826945278373,0.017206727865142362,0.025113608592145637
124,3720,0.7674477633631477,0.09682984251124396,0.023018709136055537,0.03984483171972537
125,3750,0.7635060268706506,0.09569353351378419,0.019734158094522638,0.02488354076975857
126,3780,0.8219215160641284,0.08221416692307328,0.018872433092811097,0.02217707108516911
127,3810,0.7677291065489525,0.10350319669197475,0.015850690778863148,0.023431157720575337
128,3840,0.8168246547226895,0.061137389033978085,0.01173422625284875,0.016698980863304944
129,3870,0.8082450834297521,0.10093373225907884,0.014325296086044187,0.02199192730966804
130,3900,0.8252189364308816,0.08952968820804434,0.01145830074050783,0.015461439022990828
131,3930,0.7975295263354152,0.08836999792369718,0.01871921686632838,0.02927626846313805
132,3960,0.7544706063393227,0.11540416788417913,0.0182968225732766,0.03290703411320582
133,3990,0.7308280961636006,0.09809123089158081,0.02465628904547938,0.04128351963826722
134,4020,0.7667958255805379,0.13706645221615102,0.01890087774166833,0.02384749218833197
135,4050,0.7845027226642568,0.0597749516613965,0.014105467351649867,0.020908937546431427
136,4080,0.8075190049883872,0.06841176761011684,0.012988944029450656,0.01528546235862955
137,4110,0.7675573153119349,0.13089186438689293,0.02166205218681745,0.0288695805103483
138,4140,0.7520700181012067,0.09655882527727266,0.02223697540847254,0.029714027371999335
139,4170,0.7507832016133034,0.0788723675660202,0.026583797425917995,0.03791623805953969
140,4200,0.7866604219944069,0.09096491266245323,0.01955638660257176,0.031389793438247944
141,4230,0.7660770687167279,0.09086479428733585,0.0219915601649008,0.038093270202351294
142,4260,0.8013699324322539,0.09127958747604993,0.0138773614949115,0.02223117664034947
143,4290,0.7798724480763001,0.06820705765436857,0.013427108446993317,0.02111632275849953
144,4320,0.7759342477751069,0.07137465461603917,0.01907952418259468,0.03230695139812318
145,4350,0.8168152032299948,0.06133759745172786,0.01373264352988054,0.021981828616009474
146,4380,0.756903139280448,0.078749879532274,0.01979472245895542,0.030379695527242814
147,4410,0.804867409744638,0.07399740674057202,0.013828060662538997,0.020696610066199966
148,4440,0.7742663335518283,0.09472718844068485,0.022475334598682152,0.027615158508453537
149,4470,0.7543011630885694,0.09506909967762975,0.019353833127464505,0.03815050108913458
150,4500,0.867224603039061,0.03993546859842998,0.013098355756584301,0.02476397508516726
151,4530,0.7836577837508484,0.080777232157291,0.020921697593025288,0.031240325864405987
152,4560,0.7168318220607944,0.07217588829361529,0.023000435249399282,0.04026931540723654
153,4590,0.6879017193288063,0.11099894470267334,0.027375284500200648,0.06437547251555914
154,4620,0.8065248934479998,0.05000007537848717,0.013783251190679002,0.019543212737768344
155,4650,0.7887155700132874,0.057169094093564556,0.012757398823184314,0.0227021850486551
156,4680,0.8481145794645117,0.047445648428267866,0.010161762043437694,0.017739571517278913
157,4710,0.7928747044080865,0.07610780311666929,0.015434330187088108,0.022184962245249795
158,4740,0.7519725796643627,0.09861406956174236,0.016193367106916413,0.019898374631339266
159,4770,0.8120242425130733,0.08732199339045446,0.016169781494854665,0.021745811434086257
160,4800,0.8254580818123097,0.05102733723970941,0.012397702926702996,0.019153996329495077
161,4830,0.792328864265883,0.06811603225581463,0.012343368027508074,0.01956830962329987
162,4860,0.8036596822518968,0.06050076054485467,0.01875004257802034,0.031617891856691886
163,4890,0.799503273744338,0.056880741291110315,0.014230929365037137,0.028976513401188824
164,4920,0.7892167182987703,0.07056041417454084,0.017098911205095418,0.025288156880871677
165,4950,0.7922416842481725,0.07549749123364777,0.013204280182608021,0.01866730655661126
166,4980,0.7287518373235315,0.07430226719366313,0.013188419306593091,0.02633711247796608
167,5010,0.7332065207448292,0.1073235467713063,0.01731241264367838,0.02603105886862973
168,5040,0.695748558770482,0.10288553929779502,0.01877608204495308,0.032497857651766396
169,5070,0.7827966374675978,0.10319036938585002,0.01718539049730715,0.021019508851827257
170,5100,0.7492954471629107,0.11194716928481062,0.020666601057841162,0.029626003085961857
171,5130,0.7672946955816994,0.11186778541582724,0.021488568189445674,0.025740376632708194
172,5160,0.7167223177524858,0.11962497931067423,0.028975183779889186,0.03323943858332034
173,5190,0.786237095026994,0.06275549698980926,0.01956074643568843,0.02917475225873473
174,5220,0.8097251746160222,0.09607713443586995,0.016513053163713057,0.020325966867274087
175,5250,0.7977699682232293,0.11093529188323388,0.01632494574841929,0.023699896027829338
176,5280,0.8144667620410083,0.0643381784461244,0.013539578656009021,0.020738471155570648
177,5310,0.814624779797808,0.07307223097885437,0.012665345798665089,0.014388866126507638
178,5340,0.794003688440896,0.06332414376008375,0.018502865863848524,0.020818028879099216
179,5370,0.7200563771083079,0.07600010075162278,0.019669417317086005,0.03170904147772294
180,5400,0.7584922666810561,0.07322935884715073,0.02075961739187423,0.03363992228901446
181,5430,0.8273027468234668,0.037749494009134466,0.011240734342618715,0.02296914658175832
182,5460,0.8238929501433044,0.05918160888325046,0.015440615496731347,0.02477986714206092
183,5490,0.8166763430614589,0.06385567115479933,0.01752769247232729,0.022244313015347586
184,5520,0.7921688057362425,0.0727582432840768,0.016502322890855,0.024605581537174227
185,5550,0.7732193275515975,0.06476137685088965,0.015569969667865577,0.022795849429347755
186,5580,0.8139918841189623,0.05565576439789064,0.017886931206026104,0.01635980272607142
187,5610,0.7939920618998267,0.052912687710138344,0.01248632250896535,0.014747028097989575
188,5640,0.7673399609065653,0.055311879793675564,0.01778256660558097,0.025432599136694708
189,5670,0.7759976947992098,0.07424759198750748,0.017747454669182126,0.0238558364295958
190,5700,0.8292082559769502,0.06247334337719647,0.014116388018062996,0.01799668094420521
191,5730,0.8316908427403765,0.04454904572320067,0.01073144912522641,0.015385059781352786
192,5760,0.8235160746772767,0.05035483439442866,0.008631298524899224,0.01814464257682712
193,5790,0.805527254571625,0.07367864844570489,0.014714173792385668,0.01695929636504629
194,5820,0.8136027915801829,0.040972850750935125,0.00950944448141468,0.01722952977190409
195,5850,0.8111393452616888,0.041500177332934186,0.005659008613296105,0.007194817050590392
196,5880,0.7845506923857529,0.06052944806311311,0.012445164345419406,0.02982983076363722
197,5910,0.7528125694506249,0.07574423757061816,0.016096533061150678,0.024860011760113893
198,5940,0.7545308121495724,0.06879687802103239,0.014717752242583553,0.022753332422486255
199,5970,0.81498006137555,0.04948525963131333,0.011366721611889091,0.014312781539596314
200,6000,0.8413527087866651,0.042731793654050686,0.00775393852251388,0.010355147600334746
201,6030,0.7879038449361598,0.07339369461706352,0.013823511278686838,0.020275242682491337
202,6060,0.8277294728289573,0.04835829901975921,0.011444394543702833,0.02151869669250519
203,6090,0.8022750778034378,0.060239064115497745,0.0141704166220947,0.024595573744382142
204,6120,0.7620692618255909,0.08582910486581365,0.01813668211722157,0.02610297139896349
205,6150,0.7793277048667324,0.0897244626441993,0.023606324877605802,0.030458435770508042
206,6180,0.7720466539895103,0.06071753344952851,0.015160654429227873,0.022799783986740565
207,6210,0.7649778219493708,0.07822032647179059,0.014580706150344385,0.023250808063806087
208,6240,0.7633477246780072,0.08613486711251099,0.02456388594234356,0.037369966281025395
209,6270,0.7782062208871756,0.08200365523917458,0.018907558528918067,0.02704343167085314
210,6300,0.8111495606708522,0.062481237294572396,0.013766426301298866,0.023639815360217423
211,6330,0.7835500865307932,0.07199945186306521,0.011869440661373867,0.018442483333513806
212,6360,0.8275545210969629,0.06567154829881662,0.012879336269186243,0.024908028346326983
213,6390,0.7799816715318142,0.08559026137866031,0.014857911088838065,0.02816885013105847
214,6420,0.7799488334801143,0.07598266623832534,0.019321613822346508,0.02992540177690732
215,6450,0.656112190449306,0.1081481411472683,0.02556171779845761,0.059758216254798574
216,6480,0.7535294069832683,0.08469936439794264,0.022678469834137547,0.04149725337511767
217,6510,0.7844697394507211,0.07954867924208021,0.018439136616908436,0.02386844486587828
218,6540,0.8216087439842474,0.06337575891166303,0.015228332047244428,0.022581534655394735
219,6570,0.769871096881424,0.06940905170298846,0.01475600565888825,0.026398537623148307
220,6600,0.7289267669953091,0.09421741946622025,0.023243576288138317,0.029203049469790694
221,6630,0.7604866496073645,0.0939915454350125,0.01574996605907377,0.02663176562863341
222,6660,0.8042542691035387,0.0559483533813956,0.01244175161921165,0.02557744805663189
223,6690,0.6985152564591542,0.08248766093308144,0.02905984634744835,0.053918227244496096
224,6720,0.774623243581583,0.07832661807081745,0.017245639596209106,0.03282761903348876
225,6750,0.7787916362590409,0.07306334511031749,0.014033503514426147,0.01939850512390664
226,6780,0.7988995485935706,0.06918104453095356,0.011243333399021399,0.02167791684552113
227,6810,0.8395255818473263,0.04953248084667595,0.011011697980529112,0.017933399464157264
228,6840,0.7300404288827412,0.050874121026294336,0.012389271360323749,0.0221449650569039
229,6870,0.7841728516304066,0.09414374520809059,0.016534256164180375,0.029265957709534187
230,6900,0.7856268923102399,0.06963317044891862,0.014837951430800198,0.023142427653106937
231,6930,0.7659316730649132,0.058575140658342205,0.01350748036357405,0.02221386013353229
232,6960,0.7988324661969279,0.05807176095600726,0.014710565491662313,0.022778633242295492
233,6990,0.7639147528002815,0.10360728907959721,0.021415930491781577,0.028304622531688726
234,7020,0.7507224243139591,0.09096995097555174,0.021554956102076684,0.03307954606819747
235,7050,0.7555687842962898,0.06376554406163912,0.01265211794515304,0.01967650081713098
236,7080,0.7986730354529249,0.059945912483585426,0.012835857296726285,0.022370143588794123
237,7110,0.8067657970327138,0.059117408200109765,0.012392494320314472,0.02249948172719798
238,7140,0.7291100920172785,0.07924373836701457,0.020459411197577135,0.03625241147867395
239,7170,0.7917156428714098,0.0679277860590373,0.010010346885242537,0.01621520513532018
240,7200,0.7831799591690894,0.04452644289227142,0.010762133853426527,0.021308389523783892
241,7230,0.8151321556493235,0.0543880162393715,0.012100370582579456,0.019527140036753352
242,7260,0.7821293987426549,0.04060190395517379,0.01148411361258742,0.024195102500210546
243,7290,0.8819774123678407,0.03057853983137561,0.006411948569316372,0.008984980716742105
244,7320,0.8678254229912552,0.04095150848717975,0.007742434033151513,0.012564402031263045
245,7350,0.8135109056179789,0.03966187038829118,0.013232441071293802,0.028540433763339212
246,7380,0.8494433251865268,0.040979091326268036,0.010138164282645279,0.01703723959702302
247,7410,0.8097434824690874,0.03929149452637828,0.008136630178846473,0.015563252972991801
248,7440,0.8624148128707689,0.05108545859891321,0.009298094995714665,0.012843504792197546
249,7470,0.8083459956887934,0.038033642691001436,0.015185835707736019,0.03382304785546752
250,7500,0.8044500050289668,0.03257642835865355,0.007208443732419128,0.01503204295550004
251,7530,0.8134418749418615,0.03580909237704493,0.008609587938714426,0.012604011455930725
252,7560,0.8145045313087039,0.02637132549851622,0.0067283507375004445,0.014328445737391955
253,7590,0.8216176703788954,0.07380368787092298,0.01015960568186228,0.011630158496435353
254,7620,0.7728597001286263,0.055750839629100594,0.0118508652131014,0.03372859150496274
255,7650,0.778338052336381,0.08862410284288105,0.015142901402704677,0.024022490283078696
256,7680,0.841464849570579,0.03706317727243901,0.00839890437470056,0.016755826596478163
257,7710,0.7229022397923703,0.08196451392163812,0.019557145295854214,0.03506115604660057
258,7740,0.8161627119182028,0.058112135556019184,0.011967714972388079,0.019380071740815113
259,7770,0.7542772404494389,0.12312222289160543,0.02395471565029267,0.034925366631489804
260,7800,0.7618043559455477,0.07448491280374166,0.015000781667744477,0.03557874166735348
261,7830,0.761597661359772,0.06256094015798094,0.022298826878600856,0.044973076644282545
262,7860,0.8188783615360582,0.0639745507041075,0.013565799589296336,0.022870728405369502
263,7890,0.7882809801770456,0.05509599173847732,0.015231629839881982,0.027831529739185727
264,7920,0.8121980551679479,0.06927606879529995,0.014579582818957161,0.024705255010513072
265,7950,0.8475626441421272,0.043341747683602494,0.010039209340909724,0.018374237714968898
266,7980,0.7944874136306043,0.058205856142557515,0.011791875782096055,0.017710318798033666
267,8010,0.8286693182785689,0.056792238710908605,0.013381054286670233,0.014551936097293834
268,8040,0.8165950909219952,0.0657768404090845,0.014885568106965617,0.018159215551277492
269,8070,0.8117839271137867,0.049633369360291626,0.013597840733265266,0.020615271107664174
270,8100,0.7650017014855778,0.10503519727751158,0.021559853136665787,0.03322429254158083
271,8130,0.801597251144845,0.029931169768233314,0.008391755526135506,0.015673058626920883
272,8160,0.817950784156061,0.05784105055429472,0.015707830642231177,0.02611721894531179
273,8190,0.785536197040096,0.04008802678772564,0.011065805049557561,0.022919019820018934
274,8220,0.8196809749019067,0.06416612698513677,0.0162394171244608,0.025328889690250503
275,8250,0.8412345435449758,0.041260947489968655,0.012488750469785287,0.018947454750710864
276,8280,0.856322148429327,0.04248806554310287,0.009383188708581097,0.02029099465242381
277,8310,0.7169021666018057,0.09715582900546159,0.019993520402027003,0.03375821081199099
278,8340,0.7321910860014841,0.11912791144937662,0.03521900350340575,0.04273912172950054
279,8370,0.8097244584815415,0.04435981301777028,0.008793811682776901,0.012431695534485976
280,8400,0.8049451191355229,0.04677646278450446,0.010884665736983937,0.018404372997652466
281,8430,0.8202336296019955,0.03338002562260281,0.008933344900795536,0.012195804984929167
282,8460,0.8281922558291135,0.03602111198796588,0.008489396656547726,0.01612067484940228
283,8490,0.8211304090244473,0.032637461988111946,0.0084949625934506,0.01742029402299825
284,8520,0.8345771230406491,0.04423601546601099,0.01019127876723652,0.01097755803057716
285,8550,0.838665984281082,0.059685601885112634,0.009976416562675486,0.015913620376555672
286,8580,0.8137291034377722,0.0400533342250203,0.00986060910022667,0.017987203567156565
287,8610,0.7680738185244987,0.0619399070880979,0.013265153766382471,0.02539237162108153
288,8640,0.7817388958206073,0.07687960641315779,0.01260278741597325,0.016873682477964187
289,8670,0.8514953194749291,0.05535533350676624,0.008445767332557629,0.01966422476132179
290,8700,0.7866628069586595,0.055542005655273424,0.01136834946210946,0.016663997566436634
291,8730,0.7893249095255245,0.0499593328843607,0.010902716582317921,0.023252099652489925
292,8760,0.8423397420097204,0.04623244300215707,0.007893013949417521,0.015772524970760447
293,8790,0.8006746096267445,0.07455259081818066,0.016027944572696698,0.02044067874926402
294,8820,0.7827396263878459,0.05594205244953324,0.016789039089919806,0.02726477860749926
295,8850,0.7296256453494875,0.07893145998036723,0.020725751331898346,0.02909948368289501
296,8880,0.8355462340143481,0.0380386580074087,0.00921689168540929,0.012499702112596996
297,8910,0.7689574687498038,0.04201371744952757,0.01104270609797061,0.0164759708749663
298,8940,0.8228531414510657,0.06835199983359522,0.01585820430908061,0.02224457627619838
299,8970,0.7610266678629157,0.055707478086284345,0.018464846018773937,0.03808829290105484
300,9000,0.7381491373012856,0.08563659431108632,0.02502442397149433,0.05373994998951434
301,9030,0.7291371466802319,0.06511374726029175,0.022300783666541216,0.04422040134103896
302,9060,0.8012662696066737,0.0457425752907258,0.0164551093311626,0.03400710260429726
303,9090,0.8286582149498773,0.0492753643413435,0.011634658087545229,0.01360703397384687
304,9120,0.7947032994347216,0.06831685574059947,0.012933490132611962,0.017566969706261225
305,9150,0.8162176912113053,0.0685342025354427,0.013757028304284576,0.019785055436468264
306,9180,0.7799002647604915,0.06508346453259314,0.01410136201193513,0.019935361357614867
307,9210,0.7685079387564949,0.07155762776135494,0.016289437395926632,0.0305652807167385
308,9240,0.7775026129838388,0.0771006461909676,0.01547991357529645,0.022472929462001374
309,9270,0.789757712560019,0.06869746012203178,0.014046367123813294,0.022332097688393313
310,9300,0.7942769873366733,0.054744540877993846,0.015016733511823584,0.021913506373765032
311,9330,0.7431447177646107,0.06792276800792552,0.013304220386759328,0.02550667558526529
312,9360,0.7828002467876707,0.06449713906978317,0.012088423475761823,0.01751177702838507
313,9390,0.8087981653427501,0.07663866945239464,0.015839057202259626,0.026751489170571262
314,9420,0.8020834661581342,0.0495009896434182,0.0121512604669818,0.020864676769291452
315,9450,0.8149811045107302,0.08703308037339838,0.018064966548207103,0.02336351721852935
316,9480,0.7732667069710103,0.0675058556183887,0.014506645817528639,0.031359175436740806
317,9510,0.8238563900944043,0.048529962733992876,0.007949603884379616,0.017406946724638814
318,9540,0.812744072542844,0.05496324842653073,0.013215900857870815,0.02031785955350469
319,9570,0.7374055213538697,0.10286918397720829,0.026224276547064683,0.04143829502573672
320,9600,0.8188520955466303,0.07271770722178372,0.01511886183093363,0.025034976485579594
321,9630,0.6607156814350352,0.18178614923161335,0.03590911114235158,0.04286072938506442
322,9660,0.7329695197244759,0.12378170481366356,0.014013348162233902,0.03817927104815499
323,9690,0.7958681757610342,0.09421067242605195,0.01783107609086742,0.019928528262326068
324,9720,0.812208171280322,0.07270842601844907,0.018255949719489566,0.029861105217987415
325,9750,0.696305401183949,0.09821797435540566,0.026723714249268674,0.05142278007540732
326,9780,0.7759318333965443,0.07660472021030187,0.018832713494158312,0.02472773749152046
327,9810,0.8241507370163889,0.04613315057325596,0.011699486982654939,0.019232429168428922
328,9840,0.7302757553401185,0.07304773543763318,0.016963618857583917,0.04348619898947366
329,9870,0.8025788120392415,0.07627396184803742,0.014072027730198335,0.019929378715722833
330,9900,0.8083481047890556,0.05958063854364751,0.011244745209372544,0.014985111065504392
331,9930,0.8145881835315484,0.06657328502112318,0.016719247431687796,0.02737046967099085
332,9960,0.7968497583553259,0.05320553175367947,0.015262876231217993,0.02587402825682903
333,9990,0.812408081006106,0.07727011322653747,0.017485807560122177,0.023191249695352387
334,10020,0.8151909338433987,0.06766049003112676,0.018086493963227323,0.02616093085843874
335,10050,0.8210907283216876,0.07104667000294755,0.010624723093581579,0.01581537834523211
336,10080,0.8154106239618625,0.06904633179155864,0.0114003840247879,0.015390727123830543
337,10110,0.8055410206649692,0.06355180391370949,0.01640747258893792,0.033517866984672295
338,10140,0.7887354737466082,0.049321522531262506,0.01089411782211441,0.020897004573457223
339,10170,0.7433002133487054,0.06076377826686198,0.01298699688767035,0.02397586161439615
340,10200,0.8237427561554341,0.059028676789994156,0.013725046533055762,0.020449870116279644
341,10230,0.7951889212642747,0.08549875156989097,0.01653147999317927,0.01934019535807523
342,10260,0.7867868247129407,0.0987206491380139,0.01598665193270713,0.018431427231601252
343,10290,0.8171870833752675,0.05448167607266222,0.011643478555588617,0.01639253952278005
344,10320,0.8210686277020934,0.04786993424446007,0.014334753637455152,0.02273535323997797
345,10350,0.8388680565363587,0.05519779732571418,0.015555045658142369,0.024312916024491624
346,10380,0.7736572677170732,0.040933544894542616,0.010305443909218141,0.018871803405728645
347,10410,0.7905312630210056,0.06057504524082571,0.010265132799507495,0.017973441845752742
348,10440,0.8043616285105571,0.05737254558826426,0.01584325617405335,0.0223763730128771
349,10470,0.7910392991379288,0.08053670020047082,0.017502748759547118,0.02322922427698749
350,10500,0.7657078692030317,0.06283150777655677,0.011946148731778801,0.017811517102639122
351,10530,0.7804696559014358,0.05034658409066076,0.014318623506624205,0.021164784411414186
352,10560,0.7610522132256865,0.07449513051828668,0.013965083454668147,0.022934247351358218
353,10590,0.7483876489609618,0.06441156057507169,0.018159417957689206,0.034638337623973434
354,10620,0.7818019162756001,0.08693194004237917,0.017788350142021597,0.02534397844289417
355,10650,0.8356630559590976,0.052107638542092126,0.01324885128958563,0.019771809827777757
356,10680,0.7980387213010608,0.07128237815942806,0.01303894321973787,0.01639019836758658
357,10710,0.7915038099012469,0.060240958085499445,0.015055594879166481,0.025133725137059245
358,10740,0.8134914535251692,0.07051798984482133,0.01401424699869211,0.017934658809581765
359,10770,0.8214479543346922,0.07002962458470342,0.011664480577517322,0.016851765449498717
360,10800,0.8325641356393567,0.06277382299433151,0.012679941142923616,0.015589843218799498
361,10830,0.8172960508582184,0.08583643882153615,0.015061117516225657,0.02661211256375685
362,10860,0.7891145078989956,0.07014134395254994,0.01520599668640755,0.020725191135447747
363,10890,0.7980199133397509,0.05758537190210235,0.01117614832495104,0.019017018325418116
364,10920,0.7597144389328828,0.053137923578715565,0.011905050030579165,0.02432715199288938
365,10950,0.7817819354809152,0.0709064250648492,0.016782432453631518,0.025320764583649565
366,10980,0.813939128890437,0.057718654752031924,0.012522966266477514,0.020412602452542717
367,11010,0.8394051206865258,0.06272134082172115,0.013121535595920261,0.020335281642225464
368,11040,0.7217216051857891,0.056558014849959405,0.017036664639907446,0.04644198431309333
369,11070,0.7879005951974991,0.07629157382763317,0.018084350513692418,0.026095690400088637
370,11100,0.7439294812503605,0.057066016008003345,0.010174944327459117,0.017319274829615282
371,11130,0.7860301753344752,0.060006352411919865,0.011639997354888252,0.018799398875066202
372,11160,0.7464808973237265,0.08083989551599563,0.021512051800849866,0.043788866491575165
373,11190,0.780383408175811,0.06529156505277985,0.0134865818912305,0.026604120653538968
374,11220,0.7391930398053995,0.051267131947744515,0.010818323368146561,0.02429170499013179
375,11250,0.7579942652031983,0.054908456086916475,0.014470717789741986,0.0368844861227875
376,11280,0.7831825114289702,0.06260513533158515,0.013574861009872102,0.02846102552591715
377,11310,0.7611634710735695,0.08519436317559882,0.01794985525881723,0.030771673145912927
378,11340,0.7274138116094602,0.08067551900965816,0.021700344019988358,0.04232777845016678
379,11370,0.786081458731881,0.04816934975255949,0.011546750427375142,0.028575789965748517
380,11400,0.7857502769704406,0.037854195650601365,0.010158292042212622,0.03197207760971593
381,11430,0.8064047846540536,0.056241967863835174,0.012260358530018823,0.02400335821961628
382,11460,0.8078445596852273,0.053168991866904464,0.009976552848250676,0.024180000718869953
383,11490,0.8013769558157577,0.04934853594113155,0.013354037539002064,0.025033425718738806
384,11520,0.8241435379898931,0.043957834290839444,0.010864503232938257,0.017289623414634085
385,11550,0.8713271133896092,0.033956480490895606,0.009048513902590859,0.011590895128036769
386,11580,0.8184671012263603,0.06609866749994135,0.010341348328541927,0.012820848249156915
387,11610,0.8395293690331691,0.04502130313382597,0.007308588473787955,0.010434046751912503
388,11640,0.857475924533151,0.037279267205660827,0.007882547184659213,0.011446573875895387
389,11670,0.766232036262219,0.06092646472330869,0.012496840112978263,0.022293902526481134
390,11700,0.7672310320722703,0.07653594955505907,0.015602514212114931,0.023490230284675097
391,11730,0.7755525614059671,0.065189722738354,0.01182779162055272,0.02095141695123237
392,11760,0.8212395864560335,0.0673592193426535,0.012460422795928863,0.020056911964639147
393,11790,0.8332806493756497,0.05791128637606284,0.013072663287864087,0.017843370439110214
394,11820,0.8001695597088672,0.04346747540216194,0.012711151356112227,0.016957723465982136
395,11850,0.8451914106923716,0.056362964745553676,0.012226918995761163,0.014870659624634873
396,11880,0.7776605175765025,0.05148636221824772,0.011394148388449054,0.017386677465034164
397,11910,0.6821979109978699,0.16263282550224611,0.026126632343470835,0.049097248189588605
398,11940,0.69780014414975,0.09706522084161182,0.028794513359231836,0.053887467236867846
399,11970,0.8775304584926364,0.04017671313108201,0.009289791571347222,0.017204433698382027
400,12000,0.780337261080701,0.07296329442772462,0.017691521644477133,0.026248331509075257
401,12030,0.7424247044469058,0.0919656480131915,0.023019312140675586,0.039442057626252816
402,12060,0.7094167983980737,0.12330906384243238,0.025814805983295618,0.04366681924695718
403,12090,0.7753882166000027,0.06065899096747393,0.020183508452154237,0.040488429765746924
404,12120,0.6673123099638032,0.13386041201347815,0.028503740295122388,0.06278760955336359
405,12150,0.7603351647579474,0.10089190121367607,0.017947356754930897,0.027592802769120746
406,12180,0.7205322141599834,0.1227526156900268,0.02842180240872461,0.04960783238840731
407,12210,0.798393714138478,0.06439462539451091,0.01459971765821425,0.03153124692804524
408,12240,0.7612760077091676,0.07708962430921319,0.016606788924085,0.03108776263789587
409,12270,0.762984057277785,0.07528153160809607,0.018306757076939788,0.03416576352239953
410,12300,0.6637623930893224,0.14854106319055577,0.03019746137355803,0.06313832556207581
411,12330,0.7216100318324191,0.15028337178855494,0.021891340899562167,0.03561373486558206
412,12360,0.608298897112869,0.15950085398401503,0.04092352191044049,0.08835487210993302
413,12390,0.7559168826750873,0.05961354061375759,0.014082065367630231,0.034549240788870464
414,12420,0.8075814909164621,0.07887535717989061,0.014773473740040944,0.02589912686962554
415,12450,0.808357779076702,0.05169301415737177,0.016533816796734335,0.03670095823077152
416,12480,0.7008384646696749,0.1358535262857762,0.026465765272108283,0.05280062203781359
417,12510,0.6658388534118377,0.16414331720290926,0.02690348862269057,0.05836664546754318
418,12540,0.7572565334693516,0.1083062979444671,0.02030391074052913,0.03854462072911612
419,12570,0.7228488391659177,0.11101290284902719,0.02549075275733659,0.04856653862404614
420,12600,0.60970755690376,0.15748099639132634,0.04309501765955371,0.07994211685278506
421,12630,0.7961895871329117,0.0554982227875531,0.013732135334271381,0.03497684103011098
422,12660,0.7219768868272916,0.1530261108220969,0.01935066028380842,0.036267156933480475
423,12690,0.7516665140524013,0.11038687853822317,0.018411060999321407,0.030216253514653253
424,12720,0.7684180573193058,0.059336095154534856,0.013834622700508264,0.03435389402659053
425,12750,0.7491178318443494,0.1348508461757529,0.02199387514985378,0.03309971894249151
426,12780,0.8075808477854012,0.09872048304367097,0.01658477328391697,0.02823684948486754
427,12810,0.7938360225343201,0.08282430003692079,0.015553630378770078,0.028378532918326687
428,12840,0.7826033723449644,0.06909559504135375,0.018550929964115146,0.03451237812734889
429,12870,0.7309449065855813,0.10596481188301685,0.02283710050973785,0.04394476776577149
430,12900,0.8114538187901339,0.07790954675803848,0.01229216217191428,0.026272035134014885
431,12930,0.8047611414263308,0.05848729215629632,0.01603149821672444,0.026161495206767343
432,12960,0.7685229324335705,0.07817645340488212,0.01576268224673957,0.01189547421988315
433,12990,0.7628047488706192,0.07499593631947057,0.01471663161542154,0.020746711764918012
434,13020,0.810441877193217,0.10154597445061492,0.012902562760506,0.020431521268951962
435,13050,0.7269380110586773,0.14003112347310845,0.023353369340217752,0.0407624005890789
436,13080,0.5953131515161579,0.14527043731531294,0.03421526443024975,0.08295068917829763
437,13110,0.6835747302888984,0.14893826178277117,0.034597068438135675,0.048620707571955954
438,13140,0.7511950570421325,0.09787041805999995,0.017305501148104852,0.02482754891361336
439,13170,0.8049828950678541,0.09903271702370613,0.014035164720533221,0.015512760957825432
440,13200,0.8303330121228213,0.07260289348706787,0.011299227460834366,0.01202024253102548
441,13230,0.7886054475452235,0.07658668343589796,0.017701504150841662,0.028181020203871567
442,13260,0.8003781267809937,0.05912528887152287,0.014732404231312562,0.021502230886427064
443,13290,0.7507571194358151,0.09901423024722887,0.018626892657161484,0.02369214669839013
444,13320,0.7423351457714422,0.05932776274742019,0.013779608734446048,0.02002035752231988
445,13350,0.7977367212794437,0.0688891923637895,0.017011982435788664,0.03637911921776731
446,13380,0.65356401726946,0.1176538188644843,0.030660611836425357,0.0696440140631745
447,13410,0.777818206768712,0.0681100951428727,0.016599375008102595,0.030064368400158952
448,13440,0.7000186194001945,0.08829316977778907,0.026665647966091294,0.03901978081410497
449,13470,0.7975056650429264,0.06157958551236596,0.01649060053935749,0.02096884715944749
450,13500,0.7394665826381069,0.10195325270560722,0.018839529015184212,0.028579554075876368
451,13530,0.7574613133110908,0.0822972389458613,0.021260430185017616,0.035934077329259184
452,13560,0.7724259436017884,0.07503778665881705,0.013646967476634934,0.0203514931296348
453,13590,0.7986977933250293,0.06412190346405408,0.012281278849837683,0.019302380760103252
454,13620,0.7126279452518242,0.14183494896612592,0.026392888029537702,0.0412856913303435
455,13650,0.7957391023615935,0.07393220838803334,0.013501645229560334,0.018362855448500942
456,13680,0.7717164355724913,0.11137085994997276,0.017487824373442564,0.023370882590897632
457,13710,0.82772106958617,0.053688218435000636,0.01329846713971981,0.02178011454018373
458,13740,0.8583077325724356,0.04911037725148848,0.012170916130498114,0.021435426730822833
459,13770,0.7314038517509738,0.12426819025760649,0.027805196619005164,0.03421519494833283
460,13800,0.6855599541122267,0.15745811645799415,0.031082268864310494,0.04575743233877442
461,13830,0.6923331383640867,0.1326292166844459,0.02473383454663578,0.04541502001624314
462,13860,0.8077538977259479,0.07990626559807548,0.015481299411072168,0.027521581034262714
463,13890,0.7747092741764554,0.06589379054259424,0.02268567539848064,0.0384363104300756
464,13920,0.8285824623000684,0.07727887300790696,0.015002600303843597,0.024543532850649204
465,13950,0.7976994445545922,0.0569099617447851,0.01485009176876312,0.0331420095006572
466,13980,0.7879963560767823,0.06963663843201993,0.019912115640135567,0.032028265830446136
467,14010,0.6361730844812558,0.14037901201429798,0.03695870387040669,0.06732991964840629
468,14040,0.759551627637627,0.07556357223807275,0.017403443123535464,0.03633784602038292
469,14070,0.6993139816566944,0.11992331963932149,0.022067353614956067,0.048817550637552685
470,14100,0.756428283494105,0.09888112219896937,0.018135976473303755,0.043644264147062586
471,14130,0.7707842876104587,0.07664222613094039,0.016276694611888746,0.02316651227135746
472,14160,0.7755597692279818,0.10377868089061261,0.017728786794154534,0.03271044590943305
473,14190,0.7408449002115618,0.13146462028816458,0.015414447405265265,0.03372228548772735
474,14220,0.7343115236049477,0.11838572697186582,0.016430585175867797,0.04215415038206318
475,14250,0.7866737212377117,0.11898716315882261,0.012737394916224144,0.023846257696594632
476,14280,0.7221884772396221,0.12433835206716674,0.02223434541522683,0.04442196194902547
477,14310,0.8301826450605174,0.05106908212970195,0.009918396623053619,0.0224205174005377
478,14340,0.8405693290408387,0.06321533464307522,0.01498325385905232,0.019113836355765402
479,14370,0.8485422916672242,0.041993004610255236,0.008152210267023376,0.009362025293486996
480,14400,0.7984507493043106,0.11670176258574072,0.012564242533102093,0.025466323181463076
481,14430,0.790651380367156,0.07733997821227696,0.014758466041398396,0.025349428067297727
482,14460,0.6921132926914807,0.08998930772968103,0.023431191923329705,0.03590800823760583
483,14490,0.7833841349630466,0.1041125707785914,0.011255672910138929,0.019838603168879365
484,14520,0.7946703303916163,0.10092503412024302,0.012200175204164212,0.027786386842373847
485,14550,0.7618786544858224,0.039433369833116565,0.00776284687114001,0.015756213009047462
486,14580,0.7764677863934755,0.08649537215229824,0.014277141618779,0.02279184160292784
487,14610,0.7553128803829949,0.11919708940883988,0.022469472521258298,0.03170958984514343
488,14640,0.7045631658339577,0.16313457448919053,0.021757611640848246,0.04404614675872268
489,14670,0.7811238077991283,0.054280150530600105,0.014533043641803592,0.028430694318527305
490,14700,0.8118821088902377,0.06909368627864255,0.01466515043595914,0.022020592415306614
491,14730,0.821712910822737,0.056888241168893794,0.012859897192452622,0.020231251425207493
492,14760,0.6716317890191791,0.16098628045058389,0.026648435895743658,0.05236472303131274
493,14790,0.7033893485543018,0.10422797759586104,0.02850998212571891,0.051057675308390685
494,14820,0.6436298135326723,0.11590559958649058,0.042237487124336864,0.06618773648592816
495,14850,0.7497517362522821,0.11133452273327737,0.027294669927622847,0.037495322590218046
496,14880,0.8150851595935983,0.06213465840244215,0.012444425813384322,0.020255137018782968
497,14910,0.7809137047461997,0.07532258960341416,0.01923842213079405,0.028676864685342425
498,14940,0.774621364121874,0.07619598284931509,0.017722658305332335,0.026859475971347142
499,14970,0.7781356044168268,0.08006405090071607,0.015002775488641307,0.025192189233207006
500,15000,0.7699001214728192,0.08478732775439288,0.019362164466217878,0.04484294955220301
501,15030,0.8177045975398092,0.03880674001136216,0.009079508996909697,0.01622382000105066
502,15060,0.7517873557452919,0.04466552287293298,0.012303902615947384,0.0276643347976856
503,15090,0.8073682489904572,0.06353002599096355,0.016156158759281038,0.03024966505178453
504,15120,0.7866102602048496,0.08638578829365826,0.014176783800934031,0.026524071545391634
505,15150,0.8383605079698505,0.07842947863674925,0.010836506417942772,0.015382836870234394
506,15180,0.817635059721283,0.07007127254477757,0.016763518311752375,0.026514045954125487
507,15210,0.7957440712829436,0.07452934798092951,0.015500814601170436,0.019671256650054116
508,15240,0.7967626961498431,0.07230630455381147,0.017690272161525192,0.02952585575695138
509,15270,0.7734111159026973,0.0743578535547969,0.019805294310748837,0.029501995932257323
510,15300,0.8276720033151737,0.07097038204546315,0.014964693977973422,0.02041255803098513
511,15330,0.788384577057111,0.060183418091463596,0.015364328820058917,0.02414164104187436
512,15360,0.7772656249733556,0.06888367381978658,0.021165453864547684,0.042302840493341744
513,15390,0.792994003803106,0.06231527384193633,0.01728428647022842,0.022333532359456995
514,15420,0.8094823528875527,0.04919220587148469,0.014834543577915136,0.0228581598858935
515,15450,0.7340525807900747,0.12155833581138448,0.023169130884290626,0.040729649573126664
516,15480,0.834156491934951,0.031086043918604225,0.007421385767001094,0.01265614316055867
517,15510,0.7949773821054125,0.06961657678046244,0.011910223066887176,0.021388127188349863
518,15540,0.8107359912794604,0.09239226042628136,0.015856403262831484,0.019822614792787838
519,15570,0.8596523727370459,0.07003357415213099,0.007034292545486517,0.008899228265525595
520,15600,0.8639262867292079,0.06631770287800322,0.006909499203340972,0.006956695434717949
521,15630,0.846628664411259,0.041815811346289596,0.00785053095788958,0.008883803765719017
522,15660,0.8146907249615377,0.07879787652951845,0.014135290660438277,0.015330422732508073
523,15690,0.795289488626414,0.0502576574640754,0.0069613887727572295,0.00819651437378089
524,15720,0.8045268085653178,0.09261885979942468,0.009701884173194767,0.014230680692780526
525,15750,0.7701677094314252,0.11008260254851256,0.01519175322489011,0.021697617344421383
526,15780,0.7862956856350812,0.0955209033499856,0.02026971374603296,0.0276134990399303
527,15810,0.7512897220716844,0.14161849671591986,0.02443713065700502,0.026535820714279314
528,15840,0.7812143925018568,0.11881856791805023,0.018699967539979722,0.02951282590817623
529,15870,0.704486889981117,0.08032107661676946,0.025422457693497144,0.04933559745767535
530,15900,0.8018660026513516,0.052891908730125635,0.013167028705689988,0.027739595771589694
531,15930,0.7533559375699589,0.04498161094564591,0.017473187483441628,0.0504466760696586
532,15960,0.8225805116199342,0.07277034878309618,0.015188280281084324,0.022167020764549055
533,15990,0.7692268255036602,0.05947264543772446,0.014613538691303959,0.029917972807681506
534,16020,0.778105887786105,0.06515224567058754,0.01769438878994325,0.028843572831424726
535,16050,0.7885931617244334,0.0915580436374523,0.016471997265844272,0.028325788812194642
536,16080,0.8078568993995254,0.05665597681093521,0.011898271919161938,0.014348475434032214
537,16110,0.7904208424586503,0.07830183725344282,0.016005278060958836,0.034533642026582316
538,16140,0.7849552625058642,0.07213140298480783,0.0174049643939474,0.026223187080069356
539,16170,0.7733518984257396,0.06633762513223289,0.014503192475212206,0.024880359224764437
540,16200,0.7797558413873925,0.11768683168324429,0.017934399396437435,0.02156476185407011
541,16230,0.8289090804350515,0.07581273968991109,0.01185371490831856,0.015576346808491676
542,16260,0.7682685683392724,0.09149293685535648,0.01424221959301042,0.02684759674311305
543,16290,0.7432341496395143,0.14317787822891298,0.025758763513437415,0.030480260006495348
544,16320,0.7354072435854405,0.12970694189364823,0.0251088457690715,0.034910149897427245
545,16350,0.785667237383761,0.12081482218690345,0.021499695764047567,0.017545805581412097
546,16380,0.7674928184413397,0.10676075235836925,0.023043377164544944,0.026443995656764297
547,16410,0.7440511960269319,0.08671814777456793,0.020143288551811786,0.03697415629170771
548,16440,0.8033656135353378,0.10116150400020878,0.015668641666430016,0.022383427894632463
549,16470,0.7463964948949705,0.1371803400985613,0.01841197018783519,0.02055919989994628
550,16500,0.7453704102710098,0.14312831782269075,0.020951454190057152,0.02834464030653593
551,16530,0.7532694158481874,0.1252763983405821,0.01732755208519557,0.02100387398737143
552,16560,0.7616640759259063,0.12452010918238918,0.01923707895860405,0.028452719218964084
553,16590,0.7891238253954299,0.13975387226642033,0.013754008637507927,0.017717621876301298
554,16620,0.7945599295575625,0.10202792648387139,0.015297757363044657,0.02328489814386569
555,16650,0.8148968731589541,0.08934398753629379,0.011443307205749388,0.017475096997792133
556,16680,0.7582856118186301,0.1058788161540687,0.019649794020439214,0.03452855116719226
557,16710,0.7895282805225807,0.11405100906673353,0.018727444290966105,0.02892628526312419
558,16740,0.7535444027969422,0.1364442387560483,0.0216852019449093,0.0344220110006328
559,16770,0.8095090634547364,0.10938706364649366,0.01579611585345767,0.01922889367301558
560,16800,0.7344805793522794,0.1789808200311835,0.039261727801973685,0.016760439720326016
561,16830,0.8199112663937911,0.1404000462802936,0.01384378385361748,0.009426986873671939
562,16860,0.7894320618673082,0.12414992831467765,0.02276853266188781,0.022810026959649125
563,16890,0.8124345443850823,0.12466252957008514,0.01432875302782305,0.01533377201196121
564,16920,0.8059846445312416,0.12152706722782007,0.019102375899317254,0.01458010046400974
565,16950,0.8506420219043126,0.09422990755646506,0.010457962615065238,0.011750543731479348
566,16980,0.800761025153054,0.1147268785550218,0.013803846952801947,0.022014755502395917
567,17010,0.7970774028864207,0.12591821688743063,0.014779775165379466,0.016766981506647235
568,17040,0.775381889658246,0.12199227906695179,0.023249147039905747,0.03007577148999124
569,17070,0.800068320542226,0.10611399655573786,0.01495191394141757,0.02374033469130373
570,17100,0.8295831978626115,0.09909182540636784,0.015700176353797123,0.020176579743171504
571,17130,0.8189199846628511,0.10709896423468626,0.010223946947645599,0.018076591135696613
572,17160,0.7981809256419615,0.11738344112895316,0.014685430687773513,0.01814735937718706
573,17190,0.7575177607561944,0.11810371428311799,0.019369327324643585,0.023589186087614136
574,17220,0.804213341850267,0.11897817750046481,0.016408706419976573,0.017739709832963847
575,17250,0.7776203224968616,0.12212025621946399,0.033761157028469255,0.025112668187391603
576,17280,0.8456134761024428,0.09720118494781002,0.013514089487814452,0.013273054636093712
577,17310,0.8149251030138691,0.09933770976106389,0.014105688152895184,0.019280150125151968
578,17340,0.7906901012076669,0.1258903187230877,0.017208069393329556,0.020485813581886936
579,17370,0.7584683708719934,0.1182168670100068,0.018867374803614716,0.032224595038041454
580,17400,0.8167084242903645,0.10293227838779839,0.016117551049395207,0.021212289599996836
581,17430,0.7784739611673647,0.12175084345112555,0.01670507291700605,0.02617603684264321
582,17460,0.7770818618584219,0.13362856397671857,0.017378638180967236,0.02373402418777506
583,17490,0.7490910410095143,0.14360377037507385,0.020386126983297316,0.02552668774499643
584,17520,0.7952050222922875,0.11632408628520119,0.017274329911020323,0.023884978839497608
585,17550,0.7850219981394123,0.1360744282153402,0.01865220979218687,0.019307646302162907
586,17580,0.7541451911319738,0.14838969100888488,0.017152097535350606,0.025831369718203535
587,17610,0.7867340977519708,0.1140009744865328,0.017887031310007868,0.025486085154787307
588,17640,0.8159062826752157,0.10029440280425503,0.016615604857978097,0.024383772381517173
589,17670,0.8570211674944248,0.07058527235163294,0.009770264582297437,0.012651706840285062
590,17700,0.8126469476799416,0.07711076548103124,0.011853580067180423,0.01687263407005371
591,17730,0.7594685405303351,0.1070084855209203,0.01801972460577775,0.030083776535281884
592,17760,0.7584632811457113,0.11099071121039035,0.023272373939646266,0.032919017309244285
593,17790,0.8166030240427138,0.08225086247515534,0.01574982290469616,0.02514922973776904
594,17820,0.7101326896406518,0.1323886572881172,0.031224932263229116,0.04395685542504719
595,17850,0.7356602410737064,0.10777825523728633,0.02083750981662018,0.04198378878989908
596,17880,0.7048950072284336,0.1409889190883676,0.021139206341083926,0.03431408428856376
597,17910,0.7233451802301966,0.14600248981082067,0.028797604999464623,0.030556100183616444
598,17940,0.8136954488121235,0.09170038979017756,0.014572754032036431,0.017531532049799528
599,17970,0.7707069471524459,0.1207379522827983,0.01786922062188527,0.024521493782487226
600,18000,0.7898606360242434,0.11091951786760251,0.0231926774303027,0.023080021509370576
601,18030,0.7573384489262993,0.1129105624345033,0.020190571189612094,0.030674720046095574
602,18060,0.7779108496821083,0.10389498722274676,0.02162305838784376,0.030930579898935273
603,18090,0.8043156413284335,0.11462213705122616,0.01963119863909516,0.020668461478295503
604,18120,0.7904251454962785,0.12546256775336276,0.015854804760681077,0.01735386400248677
605,18150,0.8192922740138497,0.10746881736167843,0.013951834373536906,0.017566077127385886
606,18180,0.781371930289687,0.10748949749140715,0.017951516412530347,0.022146333484467956
607,18210,0.7714914685301698,0.1344603545709318,0.02010469751511031,0.021242764274253954
608,18240,0.7937316775903812,0.13519782368508373,0.01709994045323098,0.018188666857460074
609,18270,0.7303945289361907,0.14727208486705182,0.021232199858847212,0.029125014313373825
610,18300,0.7350423187565839,0.10637863637756653,0.02449949023606735,0.046285764797100386
611,18330,0.7451827487945041,0.059237152502646495,0.01690015427077698,0.025761457594049485
612,18360,0.7815926598344569,0.03081829828726787,0.00983570279005557,0.022721331336960197
613,18390,0.8049147506731638,0.05517799310646426,0.011136804336794981,0.01972693691069427
614,18420,0.7778651672420097,0.05952903759713025,0.010498879221535695,0.02252189886475117
615,18450,0.7811748458802167,0.06547771540105886,0.018119796714798245,0.031997775919535315
616,18480,0.8066098847118507,0.07479279355128182,0.017361283725877516,0.023662465519417253
617,18510,0.7637559690744377,0.09367403031635034,0.01644439598934236,0.03232189374178275
618,18540,0.7839533176629586,0.07352120577073144,0.018722867744079785,0.03108417763404473
619,18570,0.7536143894932361,0.10544015431270298,0.019631820762696296,0.03242729148706714
620,18600,0.7809439562897971,0.04723904510914965,0.016764570892640714,0.03965289688600096
621,18630,0.7775918130773064,0.07965157090799573,0.016106095970517504,0.025274828729842304
622,18660,0.7855604073334648,0.0958714876981365,0.019511173985283254,0.027599899360934054
623,18690,0.7746290872283897,0.06741574819528082,0.02053196809461469,0.03155352833380476
624,18720,0.7944965419027367,0.08000260032737527,0.019607915067434627,0.03056348386318683
625,18750,0.775949707227947,0.07717264878460675,0.021239971172230844,0.03241619267977153
626,18780,0.7943021823946476,0.07322646067266858,0.011961121461567692,0.02322831592180434
627,18810,0.8005531359696463,0.08293580053152663,0.01770563893268499,0.027908431631287065
628,18840,0.7960699343195862,0.07407171773755995,0.01571055429104322,0.026355616932617988
629,18870,0.7830417846936704,0.035142000443401225,0.012671894829023346,0.024300689791250548
630,18900,0.8451626050787193,0.03545322206859734,0.006056311838980236,0.009735209271993546
631,18930,0.7873548947761649,0.03590485602283447,0.010329262028250885,0.021910476884836886
632,18960,0.7792501801704244,0.04480717333937627,0.011552591831438598,0.03018870980128711
633,18990,0.8108001950078876,0.02775348966899198,0.008227618581964984,0.01405932687518389
634,19020,0.8267325721895847,0.04228223007983994,0.009999589534660413,0.024863565737639134
635,19050,0.7477039902840618,0.05397127943271581,0.019905183750043347,0.05370542161975925
636,19080,0.7408484098149374,0.08800537260512135,0.018978119293717243,0.027398936829689333
637,19110,0.8140303395660359,0.08680722975817225,0.013033786480003647,0.014958525014952841
638,19140,0.7309488952815768,0.1395903468430475,0.020290302095710255,0.027954142627851564
639,19170,0.7508162565304389,0.11996327697898601,0.022287136249567997,0.03432483291949578
640,19200,0.809344861718531,0.06014293492790492,0.009576234460736247,0.02039244556670158
641,19230,0.7985392917120808,0.08861714964451611,0.016003444043952007,0.017034484222258565
642,19260,0.7856224230814801,0.10073219224401271,0.019356325123607045,0.02958979566206969
643,19290,0.6964715363222347,0.10783860625578676,0.028197942283669966,0.05897723094600167
644,19320,0.6348743612098682,0.10945570565690026,0.030087553240752758,0.07748856198173519
645,19350,0.6910055587467578,0.09723824427340012,0.02453704041576924,0.06379285650163219
646,19380,0.7825260726970704,0.09287990757747831,0.02024685797040057,0.031194009856592604
647,19410,0.7004294385232636,0.13211051270811694,0.031249829265793054,0.051021396161207024
648,19440,0.6415846445174449,0.18534746728795096,0.02734562828572695,0.05697132941824109
649,19470,0.6934114675274261,0.1739224567598337,0.018276946367849725,0.045241134871341133
650,19500,0.707470580715445,0.13135590659020793,0.02116599524471253,0.04893425207492033
651,19530,0.7058936152883907,0.14870248266660085,0.029046070638131426,0.041833956499036935
652,19560,0.610049784029179,0.20896382961340804,0.036242336116382994,0.06239358547501626
653,19590,0.6686424480109049,0.19050123494056412,0.031688497852193645,0.049691204884046124
654,19620,0.62712751905601,0.17619995668980099,0.032806917926703295,0.060484930556309095
655,19650,0.6957051360216435,0.11166246771458666,0.02531616949933278,0.06519840975386959
656,19680,0.7858807152855527,0.07047798879681215,0.01676631153192387,0.043281738741402724
657,19710,0.7417234237104282,0.08801305922220348,0.020356658336524915,0.04778346864525918
658,19740,0.7178711738660366,0.09865180917863402,0.02145850279034232,0.05245654992146822
659,19770,0.6589054574836931,0.13029216444744074,0.02961467789492567,0.06086183717791826
660,19800,0.7253746780410517,0.09057092374312936,0.0212506848524866,0.05115074797647883
661,19830,0.6609049305542031,0.07738176359331776,0.025282376249938517,0.08134952349966702
662,19860,0.7467859063565261,0.11409810318474602,0.018323553001621546,0.04026232611750968
663,19890,0.7217909258267071,0.08401792842456932,0.026055949134266843,0.05878295746168848
664,19920,0.7156853375084109,0.127262615315616,0.021498662299901536,0.04986998095027976
665,19950,0.7861515654872662,0.08954637123078006,0.014983842810154215,0.02655116331093489
666,19980,0.7944154104983412,0.09438305897404917,0.014526958984364251,0.024374379055617314
667,20010,0.8044149233366444,0.11458992320958529,0.014872786381064549,0.014417004680105093
668,20040,0.7885566345129662,0.07296757814981351,0.012776117242275538,0.02363795919805494
669,20070,0.7696932165155395,0.13185979044486376,0.02132680911239091,0.02484759784275437
670,20100,0.7802841078514716,0.10924941600342501,0.01964904210983654,0.0319831600620902
671,20130,0.7928668410947246,0.09862665588874582,0.012209458431735425,0.01917820858157627
672,20160,0.7708718657056388,0.08081244537509304,0.016975167652467194,0.02819048497120228
673,20190,0.733762753628686,0.06639099232526464,0.0184514146865684,0.06276109458392588
674,20220,0.7625948482506608,0.11390240292677857,0.01850665515895166,0.026092484092672535
675,20250,0.8074684751520212,0.09574075889228434,0.014959571756990859,0.016822320513679854
676,20280,0.7967699888807733,0.10511534996965764,0.014285650965064137,0.02150189389216642
677,20310,0.8352989056121679,0.0790146125314617,0.012488902660750067,0.017031000273675215
678,20340,0.8039078665665911,0.09339747244393871,0.018377973142924928,0.021539485990309498
679,20370,0.7693485575373299,0.118973950212192,0.01928416502226122,0.02435941563050457
680,20400,0.804609817346528,0.11008173928343006,0.016685316560111636,0.021499211564185272
681,20430,0.7775395030721204,0.07503784521675018,0.010024876108863878,0.015521687516547996
682,20460,0.8165435171918641,0.08787577979647945,0.013525885700090022,0.020997565893988702
683,20490,0.7746024332973172,0.08319135256734594,0.019305804828385446,0.03649738429218006
684,20520,0.679966934262879,0.1555850183252019,0.03487092880631158,0.057895307215045544
685,20550,0.7597773595499477,0.07802863135143909,0.015555787287279972,0.037040571539707225
686,20580,0.7482102963356453,0.07738028820753044,0.018156547322077318,0.03599535920112151
687,20610,0.8168575517672648,0.08552643253969319,0.013154209221952162,0.027128800993215615
688,20640,0.7180601746141899,0.09940266566522381,0.022390493714101223,0.05174900552736818
689,20670,0.6954793606316992,0.13011811913760385,0.028662131734926887,0.05343824459438133
690,20700,0.7449450072106987,0.07918182837514746,0.014386529268906776,0.03885006010521729
691,20730,0.6952698280463194,0.10985775987140102,0.022848902840978107,0.060986651160877973
692,20760,0.7443209059524575,0.09213272701895174,0.023433050841490742,0.048632177220163664
693,20790,0.7843694101724188,0.08666818259009927,0.016285071464903895,0.02255747208686699
694,20820,0.7436154039570363,0.1068842264356307,0.019226502363532513,0.03950455604453424
695,20850,0.6644719526474806,0.1592258540198562,0.028316017660846408,0.05341929027253763
696,20880,0.7898831903944084,0.12254815605247119,0.015138688452636422,0.014955368494964382
697,20910,0.7518051093286069,0.10465128534650872,0.016815973087171292,0.02116262856216203
698,20940,0.7771751190156982,0.10243420208060809,0.015477234492649442,0.028997309130526346
699,20970,0.7809489114016129,0.10307823419376602,0.018063226012085896,0.022681812451605242
700,21000,0.706729024033378,0.15826118383263596,0.025722636004943913,0.034387378225436624
701,21030,0.739101215817781,0.12102284595033884,0.020359336175360784,0.03553279043895718
702,21060,0.7782347450367229,0.0917869040133374,0.01678659776945459,0.022835453789271477
703,21090,0.7557747293330835,0.09419404319059976,0.019139620143996634,0.04051818838261054
704,21120,0.7256275816841936,0.1352397605040739,0.027202290796265426,0.03802529440290305
705,21150,0.7009353683611592,0.11892818705682251,0.02271240352561193,0.03948779380800831
706,21180,0.7174080457645869,0.15789830298916258,0.022103284600161272,0.03084181184322453
707,21210,0.6943510357301083,0.13936337681297156,0.019492734721802223,0.03981589571279671
708,21240,0.7196973113731077,0.10042300750114089,0.020540585482683307,0.050887842875312464
709,21270,0.6635334965648758,0.16580479394336248,0.02627079584876849,0.04619357754722049
710,21300,0.7501516199589195,0.11505703819671236,0.015978889545884663,0.031068952523844923
711,21330,0.7239176816024162,0.07457872524241417,0.01530608051610778,0.03824646199463661
712,21360,0.6936545649535223,0.08398974885942959,0.02196396746396132,0.06963116511128171
713,21390,0.7251308361485718,0.13415227472074814,0.02279230563693565,0.03923403829260673
714,21420,0.7206539254001222,0.17510125093646847,0.023355815748617954,0.025545847424339053
715,21450,0.6833557248337769,0.15376795629217527,0.026157488866664243,0.04373854456389543
716,21480,0.7607387416604401,0.1321707028180841,0.0199674300880221,0.024885732292368554
717,21510,0.7163690536648419,0.1096474078039418,0.01819133724212091,0.03073686605006764
718,21540,0.7621234166605286,0.10856706247456394,0.01633873755071147,0.039696587949971954
719,21570,0.7811741389301516,0.08855887611409884,0.012498919902667426,0.024053094916562063
720,21600,0.7694001566286321,0.13088091226416715,0.018858189298697675,0.02407812911269611
721,21630,0.8325126637525917,0.07288596324404498,0.010160575603378156,0.013179922399693497
722,21660,0.7466063782383631,0.14199608554089416,0.022535019480826594,0.030709955310019722
723,21690,0.670477390965242,0.2127588060487051,0.025470815473654863,0.030834651214907284
724,21720,0.7045073901786074,0.165030767148689,0.02660240379170586,0.033682337104221714
725,21750,0.7415637735831404,0.1338887632723721,0.023482323069235648,0.034921925561255875
726,21780,0.6832518852643951,0.1758830997604686,0.02507873685021852,0.042708394679735175
727,21810,0.678142883118271,0.16472944187040672,0.026139311707413227,0.05120807403039918
728,21840,0.7089631332479114,0.17070546058333227,0.023036718272955288,0.03839203452294497
729,21870,0.6627203153163842,0.1689117924587479,0.026767772715171046,0.047003802439972577
730,21900,0.7392728381365204,0.1194408587456638,0.015701821291675466,0.03820296835085258
731,21930,0.674092557501784,0.19560919951407263,0.031592189123596334,0.03495661395492268
732,21960,0.7015074304640052,0.17466935019310104,0.0265451274058005,0.039204321703227955
733,21990,0.7348228053871626,0.15262422026157382,0.02458819168322321,0.027533567218457122
734,22020,0.7556111699436311,0.14190440416557498,0.02342577450801957,0.025187000274350682
735,22050,0.827352003351906,0.08921758249835177,0.014211312675800726,0.010717558171998353
736,22080,0.7692872485248151,0.1365370968433561,0.016472551422932597,0.020875233725222018
737,22110,0.8040911578531572,0.04308779295844431,0.006619975764901075,0.01181304523419875
738,22140,0.8317647780942553,0.06592882373853756,0.01057292252798674,0.013783206876371044
739,22170,0.7847263825501445,0.14586650262883685,0.01905878227304207,0.014620720615667245
740,22200,0.8094648133247387,0.11181320921290837,0.014152895205092263,0.015202457067738904
741,22230,0.6915495145181523,0.08662036125472108,0.02087362639826367,0.06466014398207241
742,22260,0.7230204719385216,0.09312358081780052,0.026556373078703496,0.05679962001034416
743,22290,0.751501365704051,0.07523091121999721,0.017647473202462648,0.04352124338687333
744,22320,0.7633458747223241,0.06500000834714678,0.013978428555001022,0.02820147900762333
745,22350,0.6997115950543674,0.14748561501783455,0.025046453288084032,0.04382218690412871
746,22380,0.6560998742111478,0.1629646026958572,0.0242970030161918,0.054368750799852816
747,22410,0.7506896891535499,0.1309294110283041,0.018492292025103014,0.026505465959594625
748,22440,0.7264895229592887,0.10294549607075171,0.021496235060128863,0.045270891540757044
749,22470,0.7798608067026122,0.1011117103215172,0.01340144835980337,0.016839138748432503
750,22500,0.7599297522602998,0.143886232355385,0.02086845653204034,0.020116528150546258
751,22530,0.7558830804699181,0.15211567719100283,0.018383836279505676,0.021410458145080184
752,22560,0.7522508957461348,0.1016792403197235,0.018968282787200738,0.03152962922822682
753,22590,0.7305328874718123,0.15062297261881394,0.017961612460348917,0.018965888850341363
754,22620,0.7639136477863294,0.1315979510252399,0.01911842579994776,0.02678365820042699
755,22650,0.6667157172398981,0.11410071013622157,0.03250917092034102,0.06882289490988155
756,22680,0.7507889420645869,0.132139198853686,0.022872317178286965,0.02807653648929725
757,22710,0.7086823637378774,0.12073363729359973,0.020803458242703986,0.050699975152988845
758,22740,0.8051256109187418,0.0805079923572714,0.016787822479576556,0.025722011292183673
759,22770,0.7923575292282489,0.13738858650797725,0.017725136717938048,0.015585220042109235
760,22800,0.7745763468899973,0.12829397077591984,0.018452520390331007,0.01804218739589442
761,22830,0.7434768193097416,0.16902320198965265,0.023819975095174882,0.017744580956454065
762,22860,0.7918906363065901,0.1337397175210588,0.01838439823020936,0.014548219438797869
763,22890,0.803087720018066,0.09527962119196641,0.015448518230636471,0.013821200058754044
764,22920,0.7848631663092794,0.11516409399680533,0.01711997009051279,0.024913147209872998
765,22950,0.7385452215548278,0.13105183364913386,0.017809274078245594,0.02037265495727818
766,22980,0.8094420411777519,0.12609441356608542,0.013844103467743145,0.014989310635747589
767,23010,0.8620854380330016,0.055463537888731686,0.009400742197815528,0.01823532138495283
768,23040,0.7950858315347724,0.05211503014363929,0.007828076230003174,0.013234190235119072
769,23070,0.7865112022826627,0.09293778307661171,0.018533811977745455,0.02535547659482831
770,23100,0.7252738840717522,0.14939467593038527,0.024257524304317015,0.038639886239825436
771,23130,0.75216340568636,0.13520444077388863,0.017807071067506716,0.03062303569739756
772,23160,0.8257754467252567,0.06875926280642926,0.01338010978257694,0.024686881590163554
773,23190,0.7476404192091467,0.09484928207629101,0.020194796796281726,0.03662070175389563
774,23220,0.7418940976319981,0.10549778770276591,0.019054469848628717,0.0349562704799507
775,23250,0.7491680524251283,0.15208605346171095,0.018522832255112285,0.028959137016995457
776,23280,0.8232190612762238,0.0998370940693109,0.012317199940734264,0.020008398413540584
777,23310,0.8003534502780821,0.09837522460348265,0.014298553915010908,0.02214380046919075
778,23340,0.7859386598140139,0.0857342190823594,0.014504188971302123,0.025261648657959095
779,23370,0.6862785372377442,0.14849375754035157,0.0251926180683889,0.04424736925645151
780,23400,0.791938278481282,0.09252642812578121,0.015394960808743295,0.015670928784781716
781,23430,0.8355717210775502,0.06871367126081991,0.011108392995906198,0.01722680018229681
782,23460,0.7259962600485456,0.14056032888561437,0.02418345528255654,0.03760246235518118
783,23490,0.7661727107997396,0.08825219258880539,0.01800839993883431,0.036353202276953905
784,23520,0.8092883556571491,0.07580951465983385,0.01152999358350995,0.020736130079198948
785,23550,0.7309470510065867,0.12691982116962278,0.025935644507289725,0.03813906133713536
786,23580,0.7441270799091798,0.11911576016149428,0.017110619963969974,0.028961643971389988
787,23610,0.7603800798697721,0.14258929611574284,0.022735106541452096,0.021090830337403613
788,23640,0.7725373409912524,0.07858084620486719,0.014357491491547315,0.02927753323223031
789,23670,0.8298345984442348,0.06551273126852748,0.011499468449614976,0.020738014991062714
790,23700,0.7103361028383003,0.11031533821927192,0.026231897661406624,0.05428041893665244
791,23730,0.7485723094722014,0.09421465277204989,0.0242411286591366,0.042003406641812936
792,23760,0.8171753719952177,0.062038561735793155,0.010053002888468074,0.01988190539009275
793,23790,0.8355656039398803,0.06391940920741648,0.011767894088891787,0.024791271192181205
794,23820,0.7615244053468001,0.06474338613145482,0.017546293646544198,0.049672098094483794
795,23850,0.833629628051698,0.0472593110578181,0.01029269908017381,0.018356445906422793
796,23880,0.8381517613466684,0.031696366715528286,0.006536673028889034,0.011562104658952113
797,23910,0.790012777988543,0.08913582279251261,0.017781604957080498,0.028243113058559303
798,23940,0.7778354854180647,0.08012721472024531,0.01425258510686542,0.014332181831548605
799,23970,0.785506058930331,0.10728557844224017,0.015015531850270684,0.014276517864969591
800,24000,0.788067079236133,0.09791393266039077,0.016342533710216538,0.01831861981506289
801,24030,0.8207581580339552,0.07528622514990942,0.012397518184121664,0.01652752597277312
802,24060,0.7927964741486359,0.10044297115620049,0.01737457890255887,0.01956882102792131
803,24090,0.8527265207785427,0.06948495830452717,0.011138456756190483,0.017606378111258224
804,24120,0.8447939116963344,0.04126823515606686,0.007508810915718386,0.011639412825896088
805,24150,0.782513417882852,0.07102922279316785,0.01558272736338366,0.019348979491289903
806,24180,0.7453328952696153,0.09063267333508426,0.01997333552949419,0.04002389547900204
807,24210,0.7780881792495749,0.0978040715806709,0.01764918255248247,0.026620158264165344
808,24240,0.7620629347248463,0.08205624941474492,0.01703623181241619,0.04153517223404363
809,24270,0.8106424139842554,0.07885352038914996,0.015848022576647483,0.018190037206812726
810,24300,0.793251687628073,0.06699362520541391,0.011929599458102801,0.016530225646014595
811,24330,0.7916785858226679,0.04872770571820045,0.01079622230834694,0.02016872821699838
812,24360,0.7295366404905301,0.0749108514058674,0.015299786531938695,0.03920940464038059
813,24390,0.7800451928263716,0.051303003524130794,0.013599204923020766,0.023141905711236303
814,24420,0.7833313613939448,0.04655161226181351,0.014203488929748665,0.030599943523403176
815,24450,0.7460276225995468,0.0821124654914676,0.01641187249758748,0.03354478945149961
816,24480,0.7516196785728969,0.08899472480148085,0.018961096366094932,0.041683054572381036
817,24510,0.8044727929903465,0.0669066406601045,0.011947034828943012,0.025734891450532475
818,24540,0.7515986530565895,0.10578043521556874,0.018770957145752772,0.026610290608761557
819,24570,0.7788029387021006,0.10403967299639368,0.01417123297930494,0.030512184225180112
820,24600,0.8212517241271384,0.062212501752241266,0.015091220580869353,0.029196631690861563
821,24630,0.7304005493857161,0.04128275563962511,0.012303815998644904,0.03107824981949145
822,24660,0.7983686376423951,0.034794024039059804,0.013066698707959762,0.02795787631176617
823,24690,0.8420295096189685,0.06045166489419681,0.011733139341875629,0.024858252270137673
824,24720,0.7493606826288941,0.13373896222146592,0.018494319747764814,0.02383112485703739
825,24750,0.7551488537996913,0.12609730804724806,0.017561704797663513,0.029626830493013213
826,24780,0.7176407380980414,0.15620736600506216,0.01993830022739339,0.03899850908144734
827,24810,0.7871449908934471,0.09150988600074529,0.015079688813468757,0.030199530457680524
828,24840,0.7636605878570784,0.11887545943686817,0.014182007588656398,0.024028945189591124
829,24870,0.6898416897227787,0.13585667140340396,0.022502600765243203,0.04987352188053995
830,24900,0.7279410623924757,0.13358310185199562,0.01891669144069586,0.03552591628093614
831,24930,0.6513206003853641,0.14884730788188788,0.023077292048000762,0.047176466449982454
832,24960,0.7533638517967306,0.11536136651450996,0.018794155346277364,0.038153903469570795
833,24990,0.7255755310233155,0.11693574152263558,0.01641704321586074,0.039269344059337866
834,25020,0.7948214873307043,0.09174646623516933,0.017226238565097533,0.022143390938076293
835,25050,0.7168979011722877,0.14741316987319647,0.027184426749023945,0.036231563324684524
836,25080,0.8007827242443705,0.08488911964726448,0.0157546124229024,0.027601134340634378
837,25110,0.7725029965405377,0.08705969737299704,0.01669015966274702,0.026850062639207146
838,25140,0.7821592449441457,0.09746319072323766,0.013529493404529467,0.021359647990470156
839,25170,0.7464318122542893,0.10911878438964345,0.01855416453725193,0.036968395591817436
840,25200,0.7498771085665,0.12885627269319622,0.020345447804169324,0.03531078424138991
841,25230,0.6633027826389607,0.15704170557761435,0.02638527782520781,0.05653686774885549
842,25260,0.7085750608574756,0.10517248366179915,0.0197118716853383,0.045867711818280206
843,25290,0.7912107215074701,0.09030840973885285,0.015165460484534925,0.022949856968677268
844,25320,0.7377002156352155,0.10745554633386338,0.020299868610773944,0.032120466816574225
845,25350,0.7987560843361085,0.05678821961091854,0.010873895577711082,0.02277583862636383
846,25380,0.7435901943794521,0.07514984271497498,0.016681992784571574,0.04939191355738178
847,25410,0.796922333580388,0.08952491359562029,0.015766709513272775,0.032035015169205185
848,25440,0.8023184853839783,0.0669520056678187,0.01463029289568711,0.02379161176160416
849,25470,0.6832168318857519,0.14186176753399585,0.02497582233943356,0.04887680883403166
850,25500,0.6796529144282828,0.1599346153257697,0.025388072641346574,0.04795994507332165
851,25530,0.702972044497693,0.14018758178574275,0.024141204263149193,0.045600032441719236
852,25560,0.7318646404701327,0.121360435262724,0.023552690603487712,0.040578815672620616
853,25590,0.7328369480580542,0.1039925775866235,0.021404254629842422,0.04813469170671448
854,25620,0.7020204077147383,0.1377141567212595,0.021402572977855864,0.04832241632006401
855,25650,0.7602978257598948,0.09233589584304983,0.01886502421536006,0.032971800187630296
856,25680,0.7571552530760404,0.10663054034361531,0.01872941015613173,0.030870848265346792
857,25710,0.829410613246633,0.06275133118026228,0.010121561204311716,0.016198502812391193
858,25740,0.7842163763698373,0.11412458483716618,0.013890632267521904,0.014992551273637347
859,25770,0.7883737907526766,0.09262021510224022,0.012702050018591048,0.02426605081689121
860,25800,0.7764211367157207,0.06238722430975681,0.012024061450209393,0.02033874461101778
861,25830,0.7947560371841629,0.11200976579821943,0.014037939713544919,0.014429382508507487
862,25860,0.7836546014691796,0.07613303812623584,0.013462843969850752,0.03900275852482678
863,25890,0.7811129243961731,0.05880034915133516,0.015633045727964392,0.03739646262209152
864,25920,0.791792958612265,0.04215027232186885,0.00842818300340933,0.01481231055082748
865,25950,0.8291856954124107,0.03946780401949161,0.009355576159997084,0.018627285024768323
866,25980,0.7649171718354026,0.05294079198795583,0.013163999817326797,0.0196109352074354
867,26010,0.8189637056866151,0.046565524189567595,0.008762039139314289,0.014090656529286653
868,26040,0.8333925980072885,0.03717699076803831,0.007517676736848783,0.01006265219902016
869,26070,0.7841418794159659,0.07732578857025856,0.010990528217973848,0.014407289454672395
870,26100,0.8134101198420441,0.06097102433267293,0.009907053763642966,0.014240673655251598
871,26130,0.8210785828376554,0.06159633616593673,0.013064602295478952,0.017525873273607693
872,26160,0.7777826717077216,0.07208670512794806,0.01566442872673986,0.022145018699268486
873,26190,0.8092368040917071,0.07903708911370572,0.01555109226694732,0.02489949197303725
874,26220,0.8042052105707218,0.044262253602499885,0.010454504056014018,0.01769577315444708
875,26250,0.791665063657366,0.044817090272423976,0.007840781144099676,0.013765466044824759
876,26280,0.749148041831092,0.0692491429798292,0.020649253067714732,0.04731994895281282
877,26310,0.7730046426822906,0.0470134562231788,0.015136605033411753,0.028229032971517836
878,26340,0.7975769452244283,0.0642127108953214,0.014006606215741279,0.025893694392341498
879,26370,0.7591630289587292,0.05141897021936409,0.02042387070741158,0.04727227984543886
880,26400,0.7512122833529169,0.06934896316104482,0.016487703123617338,0.04915920405397704
881,26430,0.7838251575312467,0.06721396372638844,0.018164353911937648,0.04530400208013704
882,26460,0.772566135858609,0.05944415543937428,0.014001359923057571,0.02765292347636211
883,26490,0.787569189112613,0.10423483769055304,0.014958291508758078,0.021057056077685942
884,26520,0.8101324049671925,0.056888165348846005,0.012667041798783179,0.02289441640312243
885,26550,0.8063429558242458,0.060232047946584384,0.01211188223364165,0.01642725097846625
886,26580,0.7795203163135501,0.06342522984104301,0.015687309200453713,0.034943913705868995
887,26610,0.8572927405603666,0.044057377232791156,0.010737206084056976,0.019195275258010305
888,26640,0.8174951814335393,0.05697239986489629,0.014476562290675708,0.02728941922724366
889,26670,0.8157329754033709,0.05320325639538834,0.014258143587057836,0.037890340795401364
890,26700,0.7882092948665198,0.05233862362691927,0.014879177545370716,0.03416875984574977
891,26730,0.7911430895310644,0.04217163792019325,0.00966992612055901,0.03000934218718498
892,26760,0.7990379390751317,0.04666556700773252,0.009529950194869246,0.01951257602097057
893,26790,0.8389858207134402,0.0475213433167131,0.010825979337241016,0.029330904000993935
894,26820,0.8471550833563523,0.05425675479368614,0.011029536984519982,0.02031306829676999
895,26850,0.8441440913700313,0.046354252818746874,0.010137377982149347,0.021580723804157993
896,26880,0.8471486669320263,0.027864703297916085,0.006988811334362978,0.009992997122450524
897,26910,0.872001082654568,0.03787883503047012,0.008091315695629559,0.015211886023073435
898,26940,0.8565227316392762,0.04369867727643397,0.0075852316393036495,0.009534981117512093
899,26970,0.7876560698469669,0.04607353895101451,0.008673848699423078,0.01191288498258106
900,27000,0.844680257759889,0.033143507910280555,0.006991357087878108,0.01199916867410797
901,27030,0.8127433338178347,0.06434382511180059,0.011490047759745822,0.021384278242025715
902,27060,0.8310227418809628,0.059737842914883606,0.00886077296811412,0.0136184902625653
903,27090,0.7931908445096882,0.07303344032982836,0.010255873323349549,0.01334896164384513
904,27120,0.7836902129153082,0.09547495755243664,0.010837881061361201,0.01863419019523029
905,27150,0.8076887047183152,0.08080629045557103,0.012921017426713474,0.01739575792390588
906,27180,0.8337215574873632,0.071371920176084,0.01307864821654832,0.01702399990905896
907,27210,0.7577189308308248,0.0968734362181279,0.014400303164688514,0.01914375011809052
908,27240,0.7471617649693436,0.10453823818396804,0.014621114890183006,0.02521513812733359
909,27270,0.8383787951333052,0.06260237861727541,0.011778729982097723,0.018587364678520527
910,27300,0.8362322508983097,0.03264513809913935,0.005507407718696749,0.00631981720665431
911,27330,0.8282273410377321,0.021736877139668074,0.004793796149567714,0.010984409759325905
912,27360,0.845887578019364,0.05464835521918889,0.009512157637681533,0.012328878929354817
913,27390,0.8310308558910008,0.059841896275970925,0.00933522390202991,0.011745134643222625
914,27420,0.8511560208910431,0.08602857829597574,0.008112013669045803,0.010891305926209864
915,27450,0.8348298870609596,0.06433591153698795,0.011948745972803718,0.02692267670365455
916,27480,0.8259022990772023,0.08016127393975744,0.012652480679533352,0.020225163364615533
917,27510,0.8374342118754342,0.07747492150368876,0.012924642252493805,0.02059596453745599
918,27540,0.8028214045850974,0.10215213867461179,0.011463477604253584,0.01706955202569391
919,27570,0.8510197117382647,0.09339248299913937,0.01048938683313847,0.011026231580883707
920,27600,0.8376677599377128,0.08056798325001742,0.011340232220230064,0.013027284101315933
921,27630,0.8472549902296185,0.0848593111535141,0.00898322696029921,0.0073749516503663765
922,27660,0.8455844186490666,0.08122748013857511,0.010908009823323716,0.009574483048067257
923,27690,0.8181409401164383,0.0762693661916563,0.010220494016618686,0.01782485550404639
924,27720,0.7891987200495089,0.10061616111825777,0.020245552913695293,0.03063447422747455
925,27750,0.7710682426645367,0.11519856010504688,0.017572945682371062,0.030353529305886615
926,27780,0.8265857404662309,0.09644979807140613,0.011134671732641254,0.01209882218377121
927,27810,0.7077765276324363,0.1355241583938901,0.028267640846027356,0.04833097103924141
928,27840,0.7791196243347598,0.09223413663490658,0.01812944313351123,0.026562349570162055
929,27870,0.8416459458956431,0.07861664211502054,0.012757549615465172,0.022614487810936754
930,27900,0.8035370761491195,0.097747440645605,0.017001314123288994,0.025458846251279494
931,27930,0.8055666489659774,0.0849443260281184,0.017461635237045133,0.026010833742453776
932,27960,0.7949324656171542,0.08871274494510058,0.014246934289544747,0.023720823379838527
933,27990,0.8108978621148838,0.09748073425671594,0.013027056781777017,0.025277968805631344
934,28020,0.7855220711905327,0.09823938027599724,0.01177285274224584,0.028358188950374973
935,28050,0.772615115602326,0.11463835601950312,0.018935197569035875,0.02791267771554924
936,28080,0.7196873090434985,0.14406060822618244,0.02568145889364328,0.042083929297710175
937,28110,0.7979615058035446,0.10939696732050008,0.010374953162987904,0.02730160360375203
938,28140,0.774076492583578,0.10884850419164384,0.01608279167149688,0.035276785406355565
939,28170,0.8196172646332249,0.0896378344377077,0.013563708038276017,0.030541118941967097
940,28200,0.8139227509234859,0.09616019143390189,0.012205054917613381,0.026673951095485492
941,28230,0.7876302955301591,0.08596489427168161,0.018754942898344035,0.041364081985543685
942,28260,0.7730340225315314,0.07931359542015078,0.01661044093087911,0.04477861876836717
943,28290,0.7108295940430862,0.09554757255448681,0.02327749266383754,0.06304237687136334
944,28320,0.7352275222569529,0.07173741194160843,0.01800890478102685,0.06750245169755502
945,28350,0.7437079458766274,0.09560387841530757,0.0163264973939707,0.06094100140975083
946,28380,0.7186769167163011,0.07418531010340612,0.01807915730947895,0.07209633451919445
947,28410,0.7916651626416767,0.08741218572791265,0.01392596869023513,0.03593774255441211
948,28440,0.7646919113314982,0.07186813428633164,0.014354999747186209,0.04514764206592798
949,28470,0.6472667115440901,0.0956642093121439,0.02644723277726127,0.09197281798807204
950,28500,0.6124983710097834,0.0764864622683496,0.028967859776433215,0.1267530839727543
951,28530,0.7330757777319122,0.06716660120148396,0.02070854793994624,0.07907992851671
952,28560,0.6961110591410743,0.06414459190897784,0.020709980188055716,0.07226129803942817
953,28590,0.719362020942954,0.07049782889270584,0.021070033525284557,0.07002663896589416
954,28620,0.7153500999545546,0.08965639397003895,0.022157621734395137,0.06981385402995856
955,28650,0.8130443948245165,0.07241491584189035,0.013430337839478172,0.03286939154842325
956,28680,0.8255874565816848,0.06821900811841211,0.010804788194891082,0.016423953958430066
957,28710,0.81161520171837,0.08228243517737105,0.011397301576591001,0.01835142873034117
958,28740,0.8327502866059894,0.09463129147509243,0.01089597671314978,0.018526024257618623
959,28770,0.8219617274858614,0.10178182388698125,0.009237588628187377,0.01175487450839966
960,28800,0.8320093601673149,0.08143359692470446,0.01114045407879561,0.014595902625325051
961,28830,0.8337642256935833,0.08972579856091578,0.012438855207556741,0.02362780786577741
962,28860,0.84891126905999,0.08425004993334695,0.008529986758345848,0.016715367136189596
963,28890,0.8600150857746423,0.07238947791304648,0.006569502056803718,0.008920336404838502
964,28920,0.841364295114678,0.07552907327520808,0.009324458707726267,0.02404258994500869
965,28950,0.8295125691391279,0.06693017784603995,0.009513576007417679,0.015011365671318447
966,28980,0.8330114942482176,0.0789825834862643,0.011214561624525428,0.019265100071345697
967,29010,0.849174698858806,0.07064205774782754,0.00862628229848488,0.020983718197722226
968,29040,0.8435085245396328,0.06793637419171397,0.0104656163471031,0.014140671359566051
969,29070,0.8467481767332186,0.07938076911314315,0.011792347741901885,0.014937592181261885
970,29100,0.8322764521969847,0.08309133677254096,0.011779294281433698,0.015469316046820749
971,29130,0.7935155055386557,0.14216043674973938,0.01973719644711874,0.015063645267289347
972,29160,0.7978526672390497,0.1082351807994206,0.016237859960629382,0.023444325048523482
973,29190,0.729987709668934,0.12525795097540696,0.023973401450680443,0.04344221394418714
974,29220,0.796434310720363,0.0998189402920279,0.0155985160196191,0.026958667968034113
975,29250,0.8092855460515458,0.10091493700618039,0.012408104519345983,0.021137398485054994
976,29280,0.8214141586638876,0.09147057117835809,0.01185947331888322,0.023882444038775746
977,29310,0.7830728515143384,0.11186733563224718,0.014039062494102646,0.031146264455607024
978,29340,0.7699430075728778,0.11409323367689515,0.015769566133302163,0.02640787041792494
979,29370,0.7941923821775022,0.08877418021784059,0.020197118729250126,0.03406637074102605
980,29400,0.7816844518071766,0.07523542700953796,0.017260772203176438,0.03742480547040155
981,29430,0.7826265245477424,0.07379405596223439,0.020278416387228385,0.028234776538460987
982,29460,0.7869759266408808,0.06383672019574227,0.012684569145752693,0.01924710167401207
983,29490,0.7650170483056549,0.07758216865532092,0.018933531367998722,0.026549077380267565
984,29520,0.8245044403186755,0.07165967725375509,0.010278423014076934,0.022162010908196472
985,29550,0.7345804174410756,0.08244192967379971,0.018588958695626625,0.0358905970461522
986,29580,0.7617916428223104,0.09581939696537924,0.018177677696136787,0.02499784451579665
987,29610,0.7942267597861982,0.10309462807422372,0.015030237557572188,0.016068739662735917
988,29640,0.8065498849470262,0.06657478816361997,0.00928314327259673,0.017981770884499454
989,29670,0.7740897056869084,0.06277254289355451,0.013330838035741826,0.021557800550368694
990,29700,0.7809955201233538,0.0811910320627824,0.016982558791160746,0.029218215663512872
991,29730,0.8047000458450799,0.048899255761003686,0.0103433785240158,0.019029955483399842
992,29760,0.8128734851708493,0.05685649709574265,0.012462673945398725,0.021037071750928945
993,29790,0.7994729696855668,0.05149120061336844,0.010129101775841158,0.017229372289573514
994,29820,0.8285477393299522,0.04791579915772492,0.012234565099451209,0.019020614142413995
995,29850,0.8601174587095375,0.06630089299790437,0.010910426584556553,0.015506570922352752
996,29880,0.8241117880896531,0.031051154900321284,0.005929765092545997,0.012279162326120363
997,29910,0.7857286719100667,0.07082003875568454,0.01393983899018934,0.022354928083302517
998,29940,0.7682950575073306,0.09786661032295485,0.01566386992848962,0.03356580103020755
999,29970,0.7943551854315093,0.056565521622211415,0.013559727781351654,0.03367363820136759
1000,30000,0.8545666268155667,0.044176566573988135,0.009130287708479796,0.01683393466303968
1001,30030,0.8386578199407713,0.0816349832797638,0.011057394360885618,0.01439065082438339
1002,30060,0.8389394853065114,0.07013219685466983,0.0117447333487085,0.013284517280712211
1003,30090,0.7714676988001872,0.07503041960853642,0.01825953985800518,0.0220026167397189
1004,30120,0.8210337478820599,0.04264264457672426,0.00871670113743001,0.01010598324868529
1005,30150,0.8059145486386465,0.05666227262848276,0.011393047671616145,0.01592872025236887
1006,30180,0.77501185078772,0.06414368532829397,0.011844876690161127,0.017403690609489077
1007,30210,0.8390360819228979,0.06954827618874818,0.009975646654341145,0.0120095486185175
1008,30240,0.7800554575907165,0.08062515654336652,0.008445528357637812,0.007328145983395374
1009,30270,0.8350547512347923,0.06631547341783692,0.010806914199497102,0.013909822310490354
1010,30300,0.8396755804916783,0.017911870712451063,0.004163966735679829,0.006549622485005286
1011,30330,0.7651767601793735,0.04409988453194244,0.047259493267757344,0.026613785671574606
1012,30360,0.7298165490679072,0.1012369191199479,0.08518494741168214,0.023006240001420306
1013,30390,0.5964521355231784,0.18143072471463795,0.08348354057523322,0.033939059896864764
1014,30420,0.3505578226214274,0.38650669214481376,0.17900140718281038,0.043468741863943165
1015,30450,0.4731902300968575,0.2819663046649154,0.10500473797897776,0.036135409736681806
1016,30480,0.2514837055877363,0.5461179000869959,0.13341876568654737,0.03435073843128517
1017,30510,0.23644355887673876,0.5952409945246941,0.10782821336523112,0.031384587681756636
1018,30540,0.2789480412800594,0.49222397747621627,0.16715284356080298,0.036682755127895456
1019,30570,0.29343198210215565,0.4540828893021987,0.19384614665816513,0.037098699873578014
1020,30600,0.37376144267521333,0.3712776404784936,0.18000811905564673,0.042876482871040275
1021,30630,0.5372320605653186,0.24179392066547734,0.1421161726154708,0.04667178166869678
1022,30660,0.5231187205978839,0.32838834828086216,0.06654078355331312,0.05097131266307046
1023,30690,0.6400265401019758,0.26532252615156704,0.04279231237238922,0.030007740906843872
1024,30720,0.7548666460784638,0.19527115539947307,0.021088871583910006,0.014493092191641258
1025,30750,0.7590098874134096,0.1893732932092577,0.016727975756784075,0.013053331870353558
1026,30780,0.715541641239694,0.23762727152743823,0.014381624930864806,0.011929108534190849
1027,30810,0.7811695576847678,0.17639766335997542,0.015382127573190818,0.016231794515378473
1028,30840,0.7708657888166743,0.1682058101679435,0.021334683974577794,0.020903246533789936
1029,30870,0.7883200293644734,0.14375799999859168,0.021296458469646524,0.02277457508037411
1030,30900,0.7914817386216815,0.12698521362530737,0.023162560406711243,0.02403110782891947
1031,30930,0.7944387946259157,0.12653671718968884,0.027952905888477816,0.026665918356432092
1032,30960,0.8362007642433669,0.11343414776683514,0.023640371867046532,0.013140148791822725
1033,30990,0.7491501149353664,0.14769176649844523,0.041176186179848806,0.04210677783614153
1034,31020,0.7802587159090189,0.16019799250011607,0.028076147212146792,0.022357183032006154
1035,31050,0.7861629789314842,0.13464527342988072,0.031655739727016,0.016275098671296288
1036,31080,0.8193542906184008,0.10065844059955298,0.029601002985763066,0.018058877749701822
1037,31110,0.7950247282271066,0.1155279102582176,0.027548017219938718,0.018991952894149997
1038,31140,0.7992514412162552,0.12554996501561244,0.024096802385788905,0.014356440473794264
1039,31170,0.8251853605441063,0.11368540391669318,0.027085110124729916,0.013074410591906588
1040,31200,0.8160186042853562,0.10220253200219333,0.030787322614231838,0.01182585430927181
1041,31230,0.8542049517187275,0.09551621861852311,0.018138101736794508,0.007277520728866993
1042,31260,0.847630169288424,0.08708471942538414,0.01890261155132458,0.006430246255905332
1043,31290,0.8528137264449146,0.08663724172139897,0.020373610200036495,0.006948255942520403
1044,31320,0.8428891140057888,0.09621554468157908,0.017744687235098536,0.008902597368966697
1045,31350,0.8774757616252078,0.06479405319127027,0.01275336877287262,0.006219194316082412
1046,31380,0.8832764758679917,0.06429103669102476,0.017816682367673434,0.008396050124514234
1047,31410,0.8436543641789669,0.08387440500834864,0.018541565585221017,0.0063311392809792056
1048,31440,0.8757939932919896,0.07804165814318079,0.016728065314760274,0.0056211161481896955
1049,31470,0.872380553907233,0.061321274585882914,0.014033908126498868,0.004140364681094119
1050,31500,0.8867534013779471,0.05850496219107325,0.014161745204543181,0.003485374701421468
1051,31530,0.9004043234588142,0.05360961428856435,0.012173616690109003,0.005610008220872555
1052,31560,0.8988957857106528,0.05928214764053062,0.012662255433747362,0.004492552777531711
1053,31590,0.8863003441861392,0.06906748542128957,0.014010389212202372,0.00434206015603449
1054,31620,0.9079933104532985,0.048624875804052135,0.010923678027408285,0.0034210168609696374
1055,31650,0.8812593252475642,0.0715259449745343,0.016150524811906868,0.005077035657024051
1056,31680,0.9188230506372054,0.04834948177588502,0.008493464563242866,0.002878399978720799
1057,31710,0.8813646722288729,0.07150222911541577,0.009836872308978176,0.004913816904451572
1058,31740,0.9033106638080933,0.048323429665579495,0.010519592621517188,0.0032384876235219628
1059,31770,0.9103937278760974,0.04782000234770755,0.011050134017645031,0.0030260029459083277
1060,31800,0.6691154519556437,0.13726867855244773,0.03645360385860262,0.04017959976877803
1061,31830,0.8797256985735451,0.08150356577608284,0.011878713696434218,0.0076794002238486665
1062,31860,0.8532198111873144,0.08227440533021656,0.013249530729094641,0.008382917065745434
1063,31890,0.8332174444212688,0.10419772818057121,0.0252880225769051,0.013798980728799703
1064,31920,0.8531295643228451,0.077021045388011,0.015001317870104565,0.008928148724755145
1065,31950,0.8661699951163306,0.07235811923812444,0.013961874540564995,0.00575298758829638
1066,31980,0.8469448363862091,0.09308548716764849,0.02655138177798924,0.00937378433382461
1067,32010,0.8863302649410674,0.06595319983764483,0.011787745481355577,0.004608965015742917
1068,32040,0.8756260995223075,0.061825327544445634,0.013758757891689606,0.006604588791275018
1069,32070,0.868234784562572,0.07183385823382114,0.012441645277735997,0.004864643442504633
1070,32100,0.8759931726334511,0.07494054256555145,0.01415372303177579,0.006154537180420855
1071,32130,0.8750107187517245,0.06918068705988686,0.017439563397812385,0.005334158248446873
1072,32160,0.8569656029581425,0.07856803568981446,0.010396553206504663,0.00421388430514534
1073,32190,0.8943577808092107,0.06125697392487922,0.010481720148611642,0.006903687876976969
1074,32220,0.9016707495732964,0.04621654539089577,0.009497964874111427,0.0037063765251469107
1075,32250,0.8057659274208188,0.10417371127053868,0.02207260634993473,0.014852185891703156
1076,32280,0.8819911127254413,0.06249575613806348,0.010125519007224588,0.005141636312075698
1077,32310,0.8176497154042962,0.10029417665914409,0.025551784049627786,0.01354417900815141
1078,32340,0.8368161232818239,0.0948252287844053,0.017008987707734603,0.014508373132519894
1079,32370,0.7591890831612487,0.17525174830396292,0.028444120505166114,0.012033232861122577
1080,32400,0.8707794731897808,0.07656106771666198,0.014620512811369836,0.009177479713330505
1081,32430,0.751163548020466,0.16171055283418082,0.027731206188460488,0.022587071747607143
1082,32460,0.852352291525339,0.08903568844782991,0.016347694194401578,0.01249996641001962
1083,32490,0.784011114664365,0.12714150931169546,0.0302774947857604,0.022625500968611875
1084,32520,0.8258066237020392,0.08795116469580416,0.02755133341414881,0.018755791761388526
1085,32550,0.8428474828960006,0.0798429317953585,0.0206815670045437,0.012623498605960196
1086,32580,0.8494627222786854,0.07787074289616723,0.02022068426328645,0.013375212764491681
1087,32610,0.8414572159685555,0.08541306584574783,0.023327920889417583,0.008999642687322368
1088,32640,0.8123575299190954,0.11096646205955206,0.022437688505845984,0.007368993895456727
1089,32670,0.6310113304541354,0.13640874900058433,0.049658726340388586,0.06470985664144296
1090,32700,0.8275996132629638,0.09446235042066863,0.0189739674591154,0.022068289857520847
1091,32730,0.8486600127657652,0.07760325876426566,0.016240781341079306,0.01406640938651741
1092,32760,0.8283014426131375,0.10763652687512078,0.02219681153609104,0.015205974768777672
1093,32790,0.8431921182958859,0.09655883699907707,0.021084641919133118,0.012477812453866201
1094,32820,0.8139402151243593,0.07774466834502354,0.01994223211815464,0.008475947789431185
1095,32850,0.8582609392114978,0.0694044427544019,0.020330087597029027,0.012348850301123397
1096,32880,0.8447518726301296,0.0815591502482154,0.028597419551794605,0.008478705476909088
1097,32910,0.8286061759888592,0.08561803040883437,0.01994895973180548,0.013259199176109977
1098,32940,0.8500752469452854,0.058484415648014224,0.020319564798586678,0.012636249419936175
1099,32970,0.8206749477833359,0.09385626753324441,0.0217181439257676,0.007128516059825218
1100,33000,0.8617534229778497,0.049281503926753664,0.013147455059949086,0.0044452262549281125
1101,33030,0.8603266954325216,0.06682091456269455,0.013436798760383806,0.005356906293703952
1102,33060,0.8535097573128552,0.06670661105608824,0.015206531009899646,0.005993263915294465
1103,33090,0.8584955839539389,0.08682926208912888,0.017733245240041332,0.006426103462844134
1104,33120,0.8800245644171667,0.05512042281695947,0.01440088810940569,0.004534506381802292
1105,33150,0.8790651687390749,0.04546134094665935,0.013101423475934418,0.003522476860862499
1106,33180,0.9021997124831614,0.05381553973652981,0.010299790003017685,0.0031119669247894593
1107,33210,0.9155865858772525,0.038596323309408244,0.008039613328859939,0.0023093617614663247
1108,33240,0.8874516302262614,0.06011575113329133,0.010689713564966917,0.003254299774285126
1109,33270,0.8764745194814252,0.07088880056928207,0.016789434228409773,0.0037363756678340894
1110,33300,0.9015461893353314,0.04547226758418955,0.00876344895306915,0.004244195161777398
1111,33330,0.8624819867704917,0.05665291035735149,0.009862148933473164,0.005821562493027851
1112,33360,0.8501583063721833,0.06304249047821613,0.01777548010216707,0.01005828424286142
1113,33390,0.8808335659129491,0.05902545297006182,0.013551400005633,0.007239397624957829
1114,33420,0.8545815228263317,0.07876132708285118,0.023445554684390146,0.011331684148540435
1115,33450,0.8682169025044639,0.060568404806240275,0.014590161568375089,0.005768460144354971
1116,33480,0.8909556032121221,0.05583532952660931,0.015737396456349338,0.004382963141327543
1117,33510,0.9114523949386004,0.03337084738781907,0.008742579152077747,0.0024719949458679594
1118,33540,0.877655360080893,0.05591714490594754,0.011688262796889918,0.002674578021435233
1119,33570,0.8711541980092548,0.0472077203892409,0.008734913451659573,0.0033762146526118376
1120,33600,0.9133238219612252,0.03699154687309087,0.007869036463598364,0.001890198384109655
1121,33630,0.9039300953018552,0.04803369287866827,0.012119859682605656,0.0031613169504955403
1122,33660,0.8968939519509573,0.04710967454455312,0.010853544993418502,0.0019247639358884788
1123,33690,0.8827689287620964,0.04808169647142474,0.01536128115530432,0.0026488600131871396
1124,33720,0.9181245844976195,0.034588368359155935,0.009225757088466412,0.0018668948776202864
1125,33750,0.9181630015655434,0.0336199160612907,0.007241232815812585,0.0019181995083555475
1126,33780,0.9026086936015442,0.033605121220679456,0.008057690465317974,0.0023355201550914334
1127,33810,0.892393555673066,0.04000172831236922,0.011495979572615387,0.0020536265540127027
1128,33840,0.9192494590989058,0.026583357498827277,0.0081281356752818,0.003471145309379488
1129,33870,0.9429865720085041,0.03107271741660556,0.008821374082642188,0.0015734422793981344
1130,33900,0.9125688676682289,0.044231656784221376,0.009795480731767213,0.002043905652766366
1131,33930,0.8996803594495717,0.03625335631045493,0.008417345266109837,0.002120403344210605
1132,33960,0.9178791118990647,0.02824345417371681,0.0067255444754913294,0.0016231132593833414
1133,33990,0.9011467362127925,0.030597775303389755,0.007610607603860671,0.0014041708782141838
1134,34020,0.9329682288686908,0.02889135969562296,0.007178218680558699,0.0018571345632708515
1135,34050,0.9147500051505689,0.035320465046805354,0.009503621286177806,0.001950369041650073
1136,34080,0.8892258944224131,0.041579970320076605,0.012069346899577997,0.001720471112527359
1137,34110,0.9043376778270349,0.022622023463170667,0.00912862694557029,0.0014014598577487365
1138,34140,0.9053759039406127,0.03196904122118137,0.007924712313407557,0.0016737973426960275
1139,34170,0.9096589360048273,0.03122428800541739,0.010859312110663603,0.001548011517351837
1140,34200,0.8834037694009367,0.045048097540763936,0.011429630925385426,0.0018821479902655374
1141,34230,0.8939092060252267,0.032911303491138987,0.01170883327972155,0.001994126688159237
1142,34260,0.9299010961366084,0.03188549876603925,0.008396586738705664,0.0015161512396099387
1143,34290,0.9118443558292493,0.030121213604439884,0.008269854742456725,0.001424792311111046
1144,34320,0.9170959217816879,0.026612149359400077,0.0071620201632217415,0.0010152529850252323
1145,34350,0.919652679544743,0.031641625877809915,0.006616942921619613,0.0011944699596598011
1146,34380,0.9132990373436718,0.02733995641215785,0.006749649078838076,0.0011823506953399332
1147,34410,0.9153071057893173,0.029915471909888455,0.00810203235043729,0.0011750726318862953
1148,34440,0.9050181180069432,0.022036642345333198,0.004171505044506767,0.0009134434212676845
1149,34470,0.9409714048629919,0.02446673261929038,0.006199043661733939,0.00168822587782227
1150,34500,0.9210895382086358,0.031640053735698066,0.007102943352053424,0.00218103065681883
1151,34530,0.8936096741439351,0.02214603439474401,0.004345346019798539,0.0010339283630741458
1152,34560,0.9200308345589109,0.04048612976484657,0.007418452799138705,0.0013587865983049152
1153,34590,0.921393196502879,0.03153815127551706,0.006767514441376497,0.0013703497046597603
1154,34620,0.9150856942591608,0.03778684586008315,0.009243048497539015,0.0016808954722213859
1155,34650,0.926538157708168,0.03303712188556964,0.007763857886698256,0.0017327696743227362
1156,34680,0.9269584505911272,0.036622724339355844,0.007843718744839695,0.001610186165432601
1157,34710,0.9075638164278331,0.03548698686919735,0.006978847968093447,0.0014959765443355202
1158,34740,0.908721936319322,0.0327474447322908,0.011599934395884214,0.0018755002442689263
1159,34770,0.9047008202216427,0.034037803705201757,0.008294810931643132,0.001838675798692141
1160,34800,0.8719415823772877,0.031673158233536926,0.009130121979770355,0.0014725444062907423
1161,34830,0.920034356689121,0.02878353980116965,0.005818473091480853,0.0012650339437698841
1162,34860,0.9151575816200295,0.03600540513147849,0.007309345893628404,0.0017216860567221208
1163,34890,0.9353142884190385,0.029278244333615155,0.009427284673915301,0.001417267895008998
1164,34920,0.9183910691885128,0.029433415202080863,0.004782553320251951,0.0009973213942955604
1165,34950,0.9386756085734977,0.02992203813157527,0.006990951049579518,0.0019295805018061623
1166,34980,0.9007633990860279,0.030751114133290472,0.005477348780476678,0.0012588023576388756
1167,35010,0.9255435867550771,0.026818285351600617,0.004470845456055579,0.0012863318228616054
1168,35040,0.9234117975452185,0.02733016586909904,0.004882256485603878,0.001150848893966663
1169,35070,0.9180932026023297,0.024341370976644267,0.00538002087598922,0.001047909427696876
1170,35100,0.9375589325852101,0.026464691072852056,0.0067514054164358635,0.0018360213856854371
1171,35130,0.9190830255329806,0.028565584563719697,0.006749081249704207,0.0012264134752220262
1172,35160,0.8955652730932123,0.039931826946938864,0.01229382596092929,0.0013896738102499619
1173,35190,0.9218956056965945,0.029800511089084103,0.00653908450387862,0.0015047414042578386
1174,35220,0.8872014383071963,0.023530995746569125,0.007711354642688141,0.0013482961362236351
1175,35250,0.9164937543219059,0.022088081336489245,0.005981754802607099,0.0012060099699583524
1176,35280,0.9400408933554674,0.029810736551833673,0.007073474278923965,0.001453300319071253
1177,35310,0.8956957716237451,0.025218038819507783,0.004418475711920869,0.0012985585446451398
1178,35340,0.9199921170735351,0.029910861078823594,0.005379851477618905,0.0014338702550229293
1179,35370,0.8978358968802275,0.04069358631829328,0.011532377478433716,0.008916933258487329
1180,35400,0.7244664225028057,0.12939310607007565,0.0320228347450483,0.027163740440174052
1181,35430,0.8505231911354687,0.061888434550353186,0.008136711715299125,0.004669969471158712
1182,35460,0.8866172962011214,0.07042734761897283,0.0089698459160459,0.004992720518159426
1183,35490,0.854481941665491,0.09701896659585954,0.00850006826294782,0.0041397609918701036
1184,35520,0.8121638512674514,0.11723805872268496,0.013128848583869647,0.0059076257117326916
1185,35550,0.8385586278235109,0.11935718120980217,0.011330987963537839,0.005700232968504626
1186,35580,0.8155529781938812,0.1294821744020483,0.011151853227390117,0.006085867102503015
1187,35610,0.8509825495133816,0.07267853500291449,0.009677979214681791,0.005144946563672752
1188,35640,0.8165979569470332,0.09337524113208459,0.019417948233949316,0.009229706097041957
1189,35670,0.843380850283603,0.08541463024139624,0.014844399850889985,0.011530543585323887
1190,35700,0.8644607956973824,0.07757164495046606,0.011393835426973954,0.008443770363991536
1191,35730,0.7830735302086083,0.13536982919175533,0.0140799914761475,0.012019276746213595
1192,35760,0.8161970067887157,0.11185616740100303,0.009457400640071995,0.004849844118365538
1193,35790,0.7521661910434434,0.16577151416609806,0.014237279049379633,0.0069366006622677565
1194,35820,0.7227954647207617,0.1914693659371921,0.022368208986835645,0.01137554829229821
1195,35850,0.7154939801349244,0.20082508837720794,0.019089177482794803,0.014502337323385225
1196,35880,0.5943113594200046,0.2664151974237785,0.02994715029569315,0.03100049400167161
1197,35910,0.8126144691106213,0.12375155774005235,0.018622316224737923,0.012583008080153517
1198,35940,0.7059418120550108,0.21660402621076458,0.018929894542509595,0.012002498349825287
1199,35970,0.662804814745522,0.2523611548340671,0.023163535309097243,0.010975022518582477
1200,36000,0.5851472451350412,0.30318144736557395,0.027119791529772886,0.013921427214498886
1201,36030,0.6394914793725613,0.25605185935051644,0.030221742681111618,0.011530205026228086
1202,36060,0.6324730257350928,0.24209094644598145,0.056535927544819835,0.020372013158925097
1203,36090,0.6069451260206941,0.2829751457038786,0.04628831025381207,0.02176198868296669
1204,36120,0.6421787484336713,0.2230503720862086,0.0766395002422283,0.022199509828252254
1205,36150,0.5651975855779998,0.37166305446947323,0.031145923742257293,0.013071613699035787
1206,36180,0.5664051859351414,0.28735861911716554,0.07968655437209317,0.026751192442899044
1207,36210,0.6312481211370554,0.23803030401577685,0.05967128777029639,0.02311097189155831
1208,36240,0.6222367583411305,0.24565913568024025,0.06658286108128482,0.03537489134704918
1209,36270,0.7357039991788583,0.1253771568727387,0.04636224647736519,0.015742905778008444
1210,36300,0.565650694617356,0.2908356254312978,0.0674512341892464,0.02938715820702691
1211,36330,0.5461136545074933,0.3338510987154504,0.0630225134340771,0.025478831868735233
1212,36360,0.7006758817491046,0.1796351196187467,0.05591387685266988,0.01993280465144098
1213,36390,0.6197298973961173,0.22571662782678611,0.08523631315479838,0.031273320136681874
1214,36420,0.6446886533101949,0.19806866254255318,0.06041957932291006,0.032397633990690324
1215,36450,0.5886980027094736,0.24147559892654596,0.07569028494677614,0.031508773868734866
1216,36480,0.6347848469555668,0.21158459132809987,0.08223793781920613,0.027492673606643543
1217,36510,0.6810647047002057,0.17984871499447272,0.07302960434952861,0.02230609802149436
1218,36540,0.5818752377967812,0.26295272026197514,0.0739562792545963,0.03462841790171425
1219,36570,0.6647207563511291,0.19480864087269703,0.061595984026633986,0.035396407295903085
1220,36600,0.723503502359377,0.18703229870007718,0.028075697332756153,0.017655905947730137
1221,36630,0.6428133201140446,0.1934853107123759,0.049777092858941184,0.03103534976168276
1222,36660,0.6554425390727989,0.20913145014669765,0.07774509880525245,0.029069579962618775
1223,36690,0.6176375142298068,0.2536279823404006,0.06936029714497656,0.024242379699506506
1224,36720,0.5698604573134604,0.2636710967806444,0.07164051750383434,0.05082447879716979
1225,36750,0.6789620336788538,0.201738176678469,0.0596564916759639,0.02530858466525048
1226,36780,0.6367691389848549,0.240949275241229,0.05011765545901902,0.02126037455679512
1227,36810,0.6104650259385895,0.24511026022773416,0.05995614977626995,0.03445287775353865
1228,36840,0.4471627437263599,0.3108422569542123,0.05550730573505057,0.09211694353259882
1229,36870,0.709174266875023,0.08359503406999456,0.022276898709697852,0.018453854285548747
1230,36900,0.698686192984713,0.11737087889967898,0.052724793307054436,0.02537250602006593
1231,36930,0.7331230566253419,0.15524557417077794,0.039406225220704416,0.02741740052204638
1232,36960,0.7524727860128384,0.11452085182458309,0.03170695953507538,0.02083337328870008
1233,36990,0.76565981277742,0.12463038606779661,0.03710755762478937,0.029692348724983785
1234,37020,0.7698803608195162,0.13945763376461742,0.02962347671916432,0.015304957652218867
1235,37050,0.7827191502933994,0.11048891693500916,0.03177586634766127,0.02968019587274634
1236,37080,0.7688196678948729,0.09446455259907205,0.06627334949810555,0.03719125037336104
1237,37110,0.7430806275562412,0.12633630032682464,0.06474650003908415,0.03662734828333757
1238,37140,0.8117588484720907,0.09128643113059112,0.04039963728794661,0.017063253115986693
1239,37170,0.7352715828500159,0.16026404561021398,0.04917785467547839,0.02369036824400458
1240,37200,0.7361056299063415,0.1532255979110346,0.061726637998017635,0.031230525474104136
1241,37230,0.8039111668536593,0.10692495832719762,0.029993203615194617,0.0131180602590484
1242,37260,0.842700903964493,0.0564761626617051,0.01428168548268404,0.00599495771084789
1243,37290,0.6501641083577504,0.19897504919563977,0.05551720657016205,0.02684993362237315
1244,37320,0.544787784234216,0.31463000745149666,0.07531975603583714,0.03221426094161423
1245,37350,0.579247919579913,0.23926268885598087,0.10040462578611077,0.02838153759322175
1246,37380,0.6268776166066772,0.24244127755496744,0.05498778868549841,0.04057629562211767
1247,37410,0.861232482280429,0.06568015121965431,0.01484543846096282,0.01039155277436143
1248,37440,0.7678032600134492,0.1633740213306997,0.03266061656353364,0.018273946286022576
1249,37470,0.5805425623757559,0.26013233489510645,0.07345361535603517,0.03256819333231948
1250,37500,0.510445833466373,0.2952587001222412,0.1022067914926739,0.039377308977816036
1251,37530,0.7575699944712025,0.14032720107713847,0.041187139708651725,0.021203611325607052
1252,37560,0.8571589482195613,0.0930519365941544,0.018856439699414456,0.014400580938148356
1253,37590,0.8247508645795276,0.08368427961783,0.02916704037426855,0.022034043940970142
1254,37620,0.7956023809818871,0.12692182425032347,0.033799705919023454,0.02321903494687628
1255,37650,0.776840370007987,0.09002328006629302,0.06723203835894989,0.03608865512094606
1256,37680,0.7630858553367422,0.10388138616945558,0.04941156147425601,0.033904192746119555
1257,37710,0.8298813795373601,0.07802372067267982,0.03008563629014258,0.01718126623181631
1258,37740,0.820382691266994,0.09311047552481838,0.03682470724600692,0.018652592057833994
1259,37770,0.846677025195524,0.08087455051140273,0.028829362480613144,0.014854309916989094
1260,37800,0.759311009192964,0.13118360615340324,0.05660978516559059,0.02356297257067409
1261,37830,0.7992623097184286,0.09649067342910513,0.04212724785657893,0.018452149435136168
1262,37860,0.7110552406245509,0.14490259327027175,0.07828094636595187,0.033200721125713366
1263,37890,0.7770704642764044,0.14157029744928631,0.034113310722748015,0.014277267224346527
1264,37920,0.8019426496415972,0.0959508402807209,0.030040676982100008,0.01967339824462549
1265,37950,0.8128346072308443,0.09527866549657829,0.023593882123437493,0.012918305489397071
1266,37980,0.7863340688340045,0.08855341300144941,0.03450772105731192,0.01370485321559103
1267,38010,0.7796583890275853,0.13300070858349508,0.02366169991940832,0.009503546227697933
1268,38040,0.8149398523225944,0.09851817276823105,0.0319313036864541,0.015728328582248294
1269,38070,0.7983891531258106,0.10543592344146147,0.021949052170694233,0.010000640338443927
1270,38100,0.8263844308325191,0.09743627994161173,0.026160298825430223,0.01594476771985814
1271,38130,0.809748402951101,0.08716276585267389,0.032483144892510155,0.011701391103176941
1272,38160,0.8558125304098252,0.07173084680844702,0.02063139175282859,0.010597003612671112
1273,38190,0.8361025419053411,0.08802149767977586,0.021396875300226267,0.010719077188665703
1274,38220,0.8119208021695088,0.10967919490322375,0.025552851966506855,0.012288861971650487
1275,38250,0.8255076304433288,0.08801514457126684,0.03176872577544293,0.011805931069243353
1276,38280,0.8246595294965618,0.07774382426458296,0.0217027601805947,0.008693281482808254
1277,38310,0.8206136320413475,0.09769088268646418,0.03680603443040932,0.009263512487366465
1278,38340,0.8503147029922711,0.06706176366168085,0.026233853032494394,0.008967400393461175
1279,38370,0.8707087482422348,0.05744717140626109,0.02070773728956933,0.007126455092432866
1280,38400,0.8154544304591399,0.09686763779569496,0.020434901969236304,0.005219714856009168
1281,38430,0.8197443137104641,0.07218059202781839,0.02277721326076723,0.00579661566216747
1282,38460,0.8691804809175976,0.08273442345463623,0.01600928190022677,0.005133046455084725
1283,38490,0.8500742068055543,0.07937147856460348,0.023027843931458288,0.006513929192208647
1284,38520,0.8075726539995087,0.0629447760330065,0.012738989954501272,0.004061783451358228
1285,38550,0.8845989288598269,0.04393830430937481,0.009127499996928828,0.0025663333033423092
1286,38580,0.8671610725208301,0.03983113468127885,0.009118312063432476,0.0031515332055450087
1287,38610,0.8792267613075012,0.05288938691166674,0.013932205314086035,0.004218137478186736
1288,38640,0.881280334476653,0.03984710267030985,0.008463042045239422,0.0025019265153707697
1289,38670,0.8760192183610342,0.0432952792924386,0.01282409167394016,0.0038181044611642232
1290,38700,0.8929805541938527,0.048210666371157826,0.011767885923032788,0.0023562646989708095
1291,38730,0.8106776895591828,0.04500983251136777,0.010109915101661255,0.011553179212949042
1292,38760,0.8269842514616286,0.09338187180245872,0.02182984616780361,0.01610662203630906
1293,38790,0.7716144040363481,0.12056237912154798,0.02616281282454519,0.012643878226896782
1294,38820,0.8308667762349762,0.0740978233249701,0.022374576055123517,0.007299499659782756
1295,38850,0.8670076345039271,0.06034967901698692,0.016807802762714538,0.007221774656213621
1296,38880,0.8310593874705287,0.09387056263829002,0.023574972123576732,0.007814738630932508
1297,38910,0.8667015908226718,0.06983047960497511,0.01594267483242168,0.003906392289140153
1298,38940,0.8613084916218984,0.05305417134373919,0.012817080400757198,0.0048680396916201815
1299,38970,0.8552200559844888,0.054551438014143604,0.012180220319532706,0.002994404758232656
1300,39000,0.8910974657102226,0.03928436905508479,0.009318300074027463,0.002649079165300485
1301,39030,0.8735703324571711,0.03695857816630357,0.008041522140959424,0.002178804656416723
1302,39060,0.8659822587125005,0.046762225216310675,0.010132295753921963,0.005256107983654878
1303,39090,0.8704424811380435,0.04317896976977783,0.012329148541426171,0.003770650138820189
1304,39120,0.8873780409182536,0.04704959997224814,0.010036404522959928,0.004665186318221831
1305,39150,0.8869426175201943,0.04468144885262762,0.009441688577732815,0.0025247516313775743
1306,39180,0.9016135473724898,0.033641150302677524,0.007595179708975442,0.0022990547840329263
1307,39210,0.8784921626295802,0.05940532232201717,0.008653052261042654,0.0028307254581456808
1308,39240,0.8866947915174067,0.03493280930985357,0.006812451681116089,0.002370957961127979
1309,39270,0.9138330094165928,0.03346069859964932,0.006660621211964703,0.002515445477180452
1310,39300,0.8975691419190882,0.03420331884823541,0.008956139231508238,0.002655841365686916
1311,39330,0.9123040899878404,0.041906095909810114,0.006725991742644735,0.002250315573547785
1312,39360,0.9116489214187146,0.02338609926494863,0.0035891294549355145,0.0014896080679631311
1313,39390,0.876479229028779,0.020843851932742814,0.004062566164826042,0.0020172797129650224
1314,39420,0.8913919612942119,0.03345449750745557,0.006326205332076161,0.0016839611735789705
1315,39450,0.8804249783067553,0.036538674324645526,0.007692241307984529,0.005019828151173024
1316,39480,0.9150125472547865,0.03839446843133126,0.00830394497403785,0.00315108109378568
1317,39510,0.8926646608458105,0.03734014486049147,0.008890909926909966,0.0032018940514314444
1318,39540,0.8914529479814512,0.0328294055681164,0.005870757369970442,0.0027184013625004915
1319,39570,0.8808999616414919,0.03843895639493133,0.007621404674877321,0.0029094586892248545
1320,39600,0.9056469757060053,0.024480751536822803,0.007839737202459956,0.0021303658570594494
1321,39630,0.8988755068536962,0.025764501708810204,0.003715202948668288,0.00161350820833882
1322,39660,0.8756936724655605,0.02145062338308804,0.005124987804102066,0.002696287019831586
1323,39690,0.9263922924429218,0.030360432047785112,0.007713207650798725,0.0027353484909026166
1324,39720,0.9040669411688855,0.024427544829019095,0.004751784945541529,0.0013443245782783738
1325,39750,0.9054832425140524,0.028131802851703344,0.006056946567693752,0.0029761595626891803
1326,39780,0.9028988998340777,0.025380950167655632,0.004976128170223388,0.0021475324122273687
1327,39810,0.9169767626307336,0.021741802203959968,0.0047518393879541565,0.0015965705876383545
1328,39840,0.8677391625755204,0.032981299630412936,0.008077299482032256,0.007391875233838334
1329,39870,0.7645590369016757,0.10371270200184214,0.028730134981298953,0.012334321142949226
1330,39900,0.8687515727848859,0.04567740256940598,0.00769069401388601,0.004804877742987223
1331,39930,0.8328084366623264,0.04015369352697297,0.014131634648896146,0.008053101994909983
1332,39960,0.7663705925405894,0.044918869052944725,0.015571757883217706,0.02464186578344687
1333,39990,0.8763503800772312,0.04775416410640421,0.009535225063889135,0.006726746112068958
1334,40020,0.833284396777445,0.08964973109832902,0.014770842222696309,0.010340170435421618
1335,40050,0.7860218054938297,0.08879233770968874,0.013109819015634086,0.005654363257299243
1336,40080,0.7898250003977912,0.09492526230673606,0.02452325632934911,0.020425260999276752
1337,40110,0.795303022353457,0.13344431391669948,0.026218737615802755,0.015326898926420222
1338,40140,0.8496729640436793,0.09005034771824402,0.022628139614644348,0.014646285860803156
1339,40170,0.835641801488887,0.08902288129589077,0.01812233511987322,0.0073086561835837265
1340,40200,0.7952928890841507,0.11522133888245951,0.020092935491874665,0.009654502749629292
1341,40230,0.8598502524540494,0.06055903116689725,0.014277452653954484,0.010187900898218959
1342,40260,0.8606147297120504,0.06204644051148263,0.016348162191528577,0.008210124544577355
1343,40290,0.7463356415929853,0.1078666626411265,0.030863449600110063,0.011389214532379203
1344,40320,0.8444708632096052,0.07584510887378185,0.026316206133491758,0.026260675060679056
1345,40350,0.8685885963219517,0.07911818322131967,0.018592269397622856,0.01623150171390578
1346,40380,0.7426485077841021,0.17722478904545924,0.0355953651007168,0.020032005658493196
1347,40410,0.7472433061509915,0.15203245265169374,0.014606926043326321,0.011577384468089154
1348,40440,0.8345948220102469,0.10671818485437047,0.014626983707183345,0.007714574024101419
1349,40470,0.749160900688849,0.15934136757385256,0.026238520192128127,0.015505728621702582
1350,40500,0.6217672133154515,0.28139900442628873,0.03456056354722989,0.018076257334394632
1351,40530,0.6685560535425586,0.22516890197668424,0.0344617265692059,0.01446040213526426
1352,40560,0.6545874101864019,0.16702611814267795,0.08115286227952881,0.024969605152052095
1353,40590,0.5685717286220744,0.2798574733533423,0.06603459999468879,0.03415583733320634
1354,40620,0.6736881315379605,0.2198545045816485,0.046979999716883346,0.02131502698248519
1355,40650,0.5669951842223785,0.2698292585240477,0.08909387067795005,0.030014664757921652
1356,40680,0.5829500583139238,0.21516678627574204,0.10959526729370869,0.03409114715036599
1357,40710,0.6211941087975947,0.23609524739002252,0.07822526670341519,0.03720012146766695
1358,40740,0.6079012959388848,0.2165906644072047,0.08787731664322433,0.027513043675885727
1359,40770,0.7850147358700842,0.0915590664995736,0.03531228092566843,0.01294232228558016
1360,40800,0.6490237786518049,0.17340832676428208,0.05894836986589948,0.0341457165074753
1361,40830,0.6672647413751599,0.18639483563154732,0.07272226565122047,0.0306955875486039
1362,40860,0.6769213518089673,0.1736439227519098,0.07706210203035452,0.028592593049238346
1363,40890,0.5713393289597405,0.2263983796387685,0.09990992900631993,0.03650510760402526
1364,40920,0.7107788842142938,0.14957432220864728,0.05435165758197012,0.02029867248121518
1365,40950,0.6932434671241483,0.1668963635112106,0.06562417651182598,0.0313964679882272
1366,40980,0.726856085646492,0.09524114910417833,0.04575779329357271,0.024464929197483727
1367,41010,0.5980252077049181,0.21331181729888202,0.06871400480225899,0.030996643642254074
1368,41040,0.6054572753671216,0.2542605321625431,0.06267814693807769,0.036021997244174785
1369,41070,0.6097056945419949,0.22179626040272885,0.08527941737892025,0.035438191684147205
1370,41100,0.6286033732259657,0.22002005860742174,0.07364508375089172,0.03225527269137284
1371,41130,0.6605340351089779,0.19190182244881002,0.06538332914305932,0.027924874332690596
1372,41160,0.705935005149103,0.18845067556954262,0.049963616991794135,0.03043040597137528
1373,41190,0.728890849024793,0.13924410981282417,0.05329544623619947,0.02435568327554806
1374,41220,0.7002437974967478,0.15123877143910738,0.04186087254861706,0.02843590344847925
1375,41250,0.7322244780783396,0.14821214980034364,0.03338987899692832,0.028366353364144833
1376,41280,0.6419492887028331,0.18650560893426052,0.07138816546291679,0.03726195626518692
1377,41310,0.4570466601240338,0.3482246616191051,0.10466165067444876,0.05590734153130106
1378,41340,0.6578629082084904,0.2125387149505495,0.06222629891995516,0.020812048025742998
1379,41370,0.7780950235671736,0.021172709648144702,0.008357689427431965,0.014528019176987504
1380,41400,0.5809813163482583,0.09977579208008863,0.0746438060103895,0.029313638170173403
1381,41430,0.6654590725731108,0.18742492750035866,0.05455453594923359,0.040690415980089614
1382,41460,0.6828589826478981,0.04529927738804839,0.043097361330438656,0.05238367912924356
1383,41490,0.4568515648459702,0.285203206156712,0.1788925810065068,0.04480125903978886
1384,41520,0.40362505839340973,0.30974937014724685,0.21182329824621926,0.039691169550565314
1385,41550,0.606649748286316,0.22979932021989724,0.08477813012899955,0.04818184392279317
1386,41580,0.8381600647037322,0.09716546490957984,0.0245942172896368,0.016883083628085715
1387,41610,0.6972562955514914,0.20350439575088694,0.04912129657770534,0.0212379906374817
1388,41640,0.8046373895733009,0.10013056387511235,0.01999467679414935,0.01345673754289395
1389,41670,0.7774445443563752,0.13934582973304888,0.03271444287915096,0.025770080960411397
1390,41700,0.7437278575715032,0.16678269473824536,0.02834965342395275,0.028618483000355757
1391,41730,0.7781885834975685,0.11618741481726004,0.03491938783173436,0.024177335453878682
1392,41760,0.7274949169029098,0.19398820671517936,0.025094941208235345,0.02198526007830036
1393,41790,0.7865625563476704,0.12907547615521497,0.041573204800799186,0.023618877666089954
1394,41820,0.7288252441634172,0.1470631459827059,0.053412043446679346,0.03588465565191532
1395,41850,0.8030305592940258,0.10958281447723357,0.03711990766210165,0.027087933981187987
1396,41880,0.7823723890639491,0.14262219639382417,0.03593048560618602,0.024260544695295535
1397,41910,0.8199601517518242,0.08120731049561916,0.024574188544068253,0.01019983188262563
1398,41940,0.8177431100668736,0.1091657144402892,0.02526279595139952,0.01809730852714521
1399,41970,0.7737254533534005,0.1169545669466679,0.03887840001476481,0.029060149929231213
1400,42000,0.7353328355404555,0.13770784987683213,0.05544398388458027,0.024711735599316255
1401,42030,0.8241631451594644,0.11890981141184982,0.024377218545248446,0.014625818839204958
1402,42060,0.8505122565556283,0.08011970704836319,0.020164855197180913,0.011109126220856302
1403,42090,0.7198445876425447,0.15509617017048574,0.057506062937231206,0.036959710130925
1404,42120,0.8228624562861422,0.09160557329710373,0.03126815747747558,0.025053456628160393
1405,42150,0.8590051411937049,0.08658850271381244,0.01897933314747475,0.011328424184662643
1406,42180,0.8495452045741979,0.07888127480028609,0.015555769412776045,0.009485547715101433
1407,42210,0.8088222223939707,0.11903231491386675,0.029993943578675533,0.01273853817065158
1408,42240,0.8253953226899741,0.07591886338311425,0.02608741429563561,0.014609054267559249
1409,42270,0.8407309516617589,0.082561622716362,0.018069235039861593,0.010534036151371723
1410,42300,0.8530436510765621,0.05913008205367619,0.016298852412979927,0.007708293567620652
1411,42330,0.8203725033383411,0.07483869824385886,0.02015293186383639,0.015717115098328314
1412,42360,0.7804861043665299,0.1070025519568638,0.04346090570844214,0.03369001457147427
1413,42390,0.8022880797733496,0.09509264371480157,0.04372267226235881,0.032047428625175074
1414,42420,0.7360187620013872,0.14213941113630418,0.03222035796275393,0.015985669147066634
1415,42450,0.8190204644680108,0.10736708922814434,0.028393240321968244,0.013504178787544119
1416,42480,0.6805593157216242,0.144703967598854,0.041389076418205835,0.05162995055937614
1417,42510,0.7252798017943395,0.09909129288058678,0.05736558404881862,0.03985654932672122
1418,42540,0.6935449681018716,0.15571227760099232,0.06296980192610013,0.024273632239618297
1419,42570,0.6969438379108724,0.13874186647038245,0.05920214185520731,0.039947113094141784
1420,42600,0.7680481221981114,0.11894191167234157,0.04135565778869726,0.043664619223328725
1421,42630,0.7841678393080626,0.12180073570123533,0.04104573492729653,0.028541283231915973
1422,42660,0.8320435113693678,0.0859376154256267,0.030588534049708516,0.01680038939612359
1423,42690,0.8367241781045033,0.07200363505190731,0.029280282606328662,0.02088808200951266
1424,42720,0.799162349947017,0.11639062571959555,0.04227325570162567,0.01896553770287609
1425,42750,0.8304821120041681,0.07429019353509374,0.022699949784236867,0.012453014825940767
1426,42780,0.7460660890797194,0.15753050076132957,0.04474505984230904,0.02479853196697423
1427,42810,0.8297692907352123,0.0984661772797222,0.033236119761704895,0.013755002883960933
1428,42840,0.7979252278652406,0.12618135624571827,0.02864323628159289,0.012667451133514604
1429,42870,0.8865645419211989,0.04652746966592731,0.00759146618982804,0.002947719801253347
1430,42900,0.8248670136871799,0.11398927423294428,0.02400001943242527,0.016704249038332553
1431,42930,0.7702853727784359,0.14548579131941713,0.028321086660065595,0.02759500720369556
1432,42960,0.7929762153453859,0.11906409657093864,0.03305295805277911,0.022314958373856896
1433,42990,0.8494034778457508,0.0772596293326037,0.025092540538567316,0.011546782510359043
1434,43020,0.7627845000520272,0.13521294180167912,0.0485522947639371,0.0221940286512769
1435,43050,0.7337858736217285,0.12130552636711572,0.06116811275930218,0.028805102134002822
1436,43080,0.8214107794851099,0.0998982804741936,0.031177168083509486,0.013076386856213
1437,43110,0.7544763693662789,0.12885058569205557,0.03584921850178751,0.01823922873222765
1438,43140,0.8059631615601593,0.09794029689114898,0.0353986060815437,0.014776065762606564
1439,43170,0.8029442727894908,0.11203749672914909,0.04268024180121112,0.014303163450175684
1440,43200,0.8140350191572215,0.08200040836230327,0.03453041337305168,0.012373384625806972
1441,43230,0.8668472561095927,0.0696942519866271,0.021571271788398648,0.00946629133702222
1442,43260,0.8432125067463524,0.07226099503935549,0.02242106074044105,0.010955671501006172
1443,43290,0.8802123567194045,0.06525611355040396,0.011151405354518246,0.005266053075873567
1444,43320,0.8261109996684439,0.08399970398943979,0.013164080370825032,0.007264409800418513
1445,43350,0.8350830402205462,0.07424710063435117,0.01672994084384277,0.005019842171361136
1446,43380,0.8489309806390462,0.0625132065415355,0.012771522430281807,0.004901912474790802
1447,43410,0.8646902702635163,0.06933820058155439,0.013619875668680427,0.0067769582855829805
1448,43440,0.8647813528844274,0.04752444955939619,0.010003111052788788,0.004403300616260592
1449,43470,0.8454364254845671,0.07839084054555416,0.02072767357895983,0.005263479874720565
1450,43500,0.8389109195969741,0.05266588741686009,0.013080637218089075,0.005042943162680829
1451,43530,0.8611594977261271,0.044297075945629386,0.014232095659663189,0.004664369110496262
1452,43560,0.8181058456784911,0.05891085059078604,0.017177420765721957,0.004797718721100195
1453,43590,0.8831844396556914,0.044733791119478054,0.008625116260219041,0.0030626834233774543
1454,43620,0.8626163794756088,0.0542619727150191,0.01155029013281302,0.00355282276741477
1455,43650,0.8469475797720328,0.04249404144707349,0.009110395922611047,0.0036337040779576887
1456,43680,0.8747563610664384,0.04538662938509058,0.017092092832793764,0.00909492767179773
1457,43710,0.8630218453833265,0.05310298480035027,0.011791735944176339,0.0053197943841620625
1458,43740,0.852796477434262,0.06289219483030363,0.02035304366447671,0.02027979793922947
1459,43770,0.827512570568193,0.09557641614454492,0.01746740724219915,0.01115113550564018
1460,43800,0.8012983389417165,0.0829689659345772,0.019235774150575095,0.009004552163656677
1461,43830,0.8340391103798013,0.06639536418777044,0.01635705864012223,0.0072878320048701
1462,43860,0.8442049731983019,0.07294769505336372,0.02448183200760309,0.01021087991943689
1463,43890,0.8947038881562283,0.04952199114336731,0.02021204397608953,0.00807689988002877
1464,43920,0.856534685829389,0.057567586691039015,0.011666847879606817,0.0049886694161140836
1465,43950,0.8477843209515833,0.0634888428573897,0.010105615574401398,0.005226122045815075
1466,43980,0.8610643046320138,0.056620790727318814,0.013893007720203375,0.007501887668237255
1467,44010,0.9271289302254728,0.029230830666705815,0.006541822189741627,0.0017339021332248277
1468,44040,0.8997842319738804,0.0474817602637774,0.008952131618742238,0.004316306374820543
1469,44070,0.8981398321384442,0.05102370871414821,0.009848273495688332,0.005818037351476968
1470,44100,0.8818460063941699,0.04804713200705173,0.01541563352724044,0.007323670559208895
1471,44130,0.9104196235296008,0.052328456195203286,0.012872902199413387,0.006254221744461354
1472,44160,0.8833102699332804,0.04632432725614085,0.010066410635636652,0.003598728288737805
1473,44190,0.8635519656107027,0.05059994080836865,0.011433580021566296,0.003465059730185222
1474,44220,0.8900048503200844,0.04335629944499282,0.007401807477599187,0.00319948466918129
1475,44250,0.8587586166180813,0.029352796153303634,0.006188308575406136,0.003073068422480997
1476,44280,0.8829800292264911,0.03841397599817409,0.008934584728674802,0.0031991270293523933
1477,44310,0.8780495221531309,0.026410496624396283,0.006104658148932966,0.00192469703659763
1478,44340,0.9091472677125749,0.03908795985511096,0.00962007905747141,0.00403213047954294
1479,44370,0.8933566524196137,0.032634232408573466,0.004317266334317963,0.0017095625454387837
1480,44400,0.8908239370105455,0.04729006070337079,0.007706741126841915,0.004500592625636131
1481,44430,0.8673559428442709,0.036129868769351384,0.012230321416413047,0.01693838947122093
1482,44460,0.86820955288015,0.06114849576217677,0.012067938449616674,0.00453499804318692
1483,44490,0.8610860622428034,0.04626486432148512,0.011146439127432595,0.005355440930688973
1484,44520,0.7367588793570599,0.15324652286644763,0.029728298283234766,0.024159218713949306
1485,44550,0.7995308867566746,0.10852929916605851,0.03152210050965274,0.0240022847277523
1486,44580,0.8205134710875159,0.09466829381931435,0.021385618508031803,0.010674826931067256
1487,44610,0.8757942212533679,0.07162117174044563,0.0117976039075447,0.005770813958724123
1488,44640,0.825462711340647,0.10935838724532806,0.014972039735273491,0.006941563041425807
1489,44670,0.8205752761794888,0.08523060046165974,0.013148432519587564,0.00489944192682022
1490,44700,0.7319985155264217,0.15881176342675773,0.029711180119954703,0.010397977775723138
1491,44730,0.6792224983532842,0.22058889282082803,0.041735616954581306,0.017740274362776767
1492,44760,0.6435492147594024,0.23107880074239576,0.07287591874436308,0.027251413922752536
1493,44790,0.6660865352131232,0.2060198319519208,0.0591427259455913,0.025779708347259286
1494,44820,0.6449545026820178,0.22911523197899428,0.04870483899559063,0.024403524309966035
1495,44850,0.7826606252182416,0.11253890216372714,0.039968055368531014,0.030010250198364216
1496,44880,0.6451782682084023,0.1689842808227821,0.08788300180122224,0.030088235357251174
1497,44910,0.6313630516082548,0.20193684307907303,0.09173181883502106,0.03518700825522206
1498,44940,0.574357622722208,0.21536526422809524,0.0729107738972157,0.06538216249165507
1499,44970,0.43024171228701363,0.3418115783893635,0.10782942802398027,0.06615411870674226
1500,45000,0.5292206713284693,0.28237681821643773,0.07849630619562556,0.05342663917724531
1501,45030,0.573554031521434,0.22576119174669365,0.09399356136896403,0.04239515985064261
1502,45060,0.6151875664401878,0.2584566640182534,0.0635405026302577,0.028896662164387955
1503,45090,0.670353241615488,0.23434340423012054,0.04459198841957055,0.024999670275782884
1504,45120,0.6543513888762666,0.20552426633191503,0.04800556691751494,0.02675651697030792
1505,45150,0.7039432404664251,0.1667324716530046,0.05536550647108483,0.030298221858580155
1506,45180,0.6816734956283006,0.1869271136876866,0.0611791218638478,0.03292451379101401
1507,45210,0.6481002899067316,0.18954228618201205,0.06231872624797301,0.034310026177883625
1508,45240,0.6156549991645865,0.22265291351767816,0.06721217686925474,0.029668733207716146
1509,45270,0.6167260649436281,0.23023582216786237,0.07067862001081779,0.03457792139419257
1510,45300,0.5531862190730092,0.2934576970858782,0.059792100983473255,0.04192968050342303
1511,45330,0.678557901083527,0.16686022316707586,0.04753462158672703,0.03418505791948099
1512,45360,0.62982727233259,0.2291269689335854,0.06863613078771454,0.026366604915441988
1513,45390,0.66330357821787,0.19281297778441137,0.0578421345618874,0.03878490699232036
1514,45420,0.8153926409033021,0.10666491673594836,0.03226651426457422,0.01281116837540921
1515,45450,0.7221702795613978,0.1211755571290485,0.04802984690465768,0.02911261747395378
1516,45480,0.7117308587361351,0.1113498595326901,0.04171210134823101,0.0318717238415873
1517,45510,0.8186573650759906,0.020754592161639586,0.015689152216836685,0.01743594677066109
1518,45540,0.4677213134828045,0.2471609796289511,0.20369312702113782,0.048808573339130516
1519,45570,0.4958101482105691,0.2584108019574676,0.144825604269224,0.05306891616336225
1520,45600,0.5437626520645272,0.2519392499005155,0.11162767609995077,0.058419622485575896
1521,45630,0.8113940935932106,0.02695253228301709,0.01378566932190839,0.01698243855216451
1522,45660,0.8414206184460973,0.037007693041618835,0.009404339040459635,0.016673053878388352
1523,45690,0.8335454547674427,0.06885431569247179,0.009456666087578116,0.010434343473872228
1524,45720,0.828671269398352,0.039218831283730375,0.0060853452630428816,0.006264877678320512
1525,45750,0.8631920453744996,0.054590436976760685,0.009077344843790339,0.008421945381352292
1526,45780,0.8429164075894057,0.03613129324781624,0.007604550771596557,0.011200591976814028
1527,45810,0.757389252703227,0.013103257000311746,0.0060076949060626425,0.005407453117208619
1528,45840,0.6654585004155338,0.14471859338330126,0.08795151896018358,0.02515059150407933
1529,45870,0.3270186545014968,0.39156728893737536,0.2101853772621848,0.03950589413957805
1530,45900,0.3289278532799573,0.39796504986533304,0.20348990099434358,0.03676042590094568
1531,45930,0.4193962067518466,0.2818313836177333,0.20748196452336595,0.03838956683230946
1532,45960,0.3322852209971276,0.3501038254265625,0.25049294561501384,0.04343212772149545
1533,45990,0.3848319803510335,0.3520584350971341,0.1892860610491754,0.04463826627120391
1534,46020,0.5223014735010846,0.2131278856091297,0.19972342718014782,0.03648380422716291
1535,46050,0.4733953043850577,0.2238353366049225,0.2072038841128501,0.05194152725063575
1536,46080,0.47899977746830885,0.24461539785358233,0.1744785050633925,0.049120591215230984
1537,46110,0.4917947264622603,0.23764890938854613,0.17911645321173458,0.0414584976112613
1538,46140,0.507828753587307,0.23680875487673964,0.159864802863681,0.05507684052475725
1539,46170,0.475512052860181,0.2819606404418472,0.15559294310503438,0.05104409950967864
1540,46200,0.5153005197835143,0.16816512495574612,0.1227728578888492,0.10137803566034603
1541,46230,0.5117342650670116,0.23682405168593232,0.18192747424764888,0.03762912314260888
1542,46260,0.4893438371154506,0.22703449738524273,0.21512702671589734,0.04167145907182047
1543,46290,0.5504523122333718,0.2340273018697754,0.11765180435995905,0.04773042544260418
1544,46320,0.6390811564284543,0.1582849085819501,0.10358375684005419,0.03791417635238958
1545,46350,0.7448787960157145,0.1831653889354044,0.02246103211813029,0.021207598261567734
1546,46380,0.7677896305975508,0.14575968079204416,0.031474973168991595,0.016790756075458442
1547,46410,0.7526912353635381,0.13763366214766531,0.0627164690102292,0.023355158044337618
1548,46440,0.7386061182667183,0.14955221570464824,0.027045454454092677,0.02554390914827419
1549,46470,0.8178049605607917,0.11197869873990299,0.03308071869872487,0.01603332108939941
1550,46500,0.7271895316647642,0.1593281529964564,0.046662025275744555,0.022517293420828692
1551,46530,0.8568667262156802,0.08283754094574422,0.021301049540886158,0.01900448397140029
1552,46560,0.7163372790817711,0.13268181098490073,0.03610294737605847,0.02536076746941468
1553,46590,0.7690381670924086,0.11592308573209807,0.044012926538393914,0.03246332062390889
1554,46620,0.6936484048939267,0.14217847350637502,0.0415694430254272,0.05950674273809628
1555,46650,0.822086763497294,0.10518868428348362,0.02239229143644159,0.024982625495456698
1556,46680,0.7039598960235716,0.17045122190703388,0.05463090791411131,0.025655193939285857
1557,46710,0.7234677763022405,0.1456962094775998,0.032405575222596905,0.04094372963815783
1558,46740,0.7536216808958979,0.09098129736130343,0.05023571052088847,0.04822265029251225
1559,46770,0.7886162656131119,0.11977187099021284,0.036752652799134804,0.02483126027197721
1560,46800,0.6657003754125874,0.24159145726473436,0.028990037416752393,0.03202302546684648
1561,46830,0.7252476843531798,0.14944958570781677,0.04104760332839102,0.05243557805560257
1562,46860,0.777202382970616,0.1398398681638492,0.022695913180091516,0.03320674908024485
1563,46890,0.667184177989688,0.1768223010382421,0.0659365929183293,0.06006628044195363
1564,46920,0.7733926305294231,0.10906198746748232,0.04158096921052909,0.03696172140677122
1565,46950,0.7764357896904127,0.12596775533698365,0.03072735967512838,0.032950803593632984
1566,46980,0.7374304629273494,0.14109995453695276,0.0466934993842363,0.033174774873221444
1567,47010,0.6827815208996311,0.18047352722268825,0.058736534829206946,0.04907754624980289
1568,47040,0.7410222999783072,0.14591693236947437,0.03835637807099354,0.034906805213452005
1569,47070,0.7728179059084407,0.020168555521431295,0.026627461458905894,0.03728383934161069
1570,47100,0.5780257516676387,0.15937289675784952,0.1351570403817748,0.049099443154246906
1571,47130,0.7974517213483318,0.10589991611123245,0.024359036914379375,0.02017424735136841
1572,47160,0.830049196992117,0.08590423412521155,0.02426915327810753,0.017534538729404026
1573,47190,0.8066814474315098,0.08337592884185419,0.03787817885084123,0.03143426993576451
1574,47220,0.7076405289621585,0.1632313079968431,0.06281139949477124,0.03342066312123951
1575,47250,0.7782208870452753,0.10533922524012705,0.033718582841909754,0.03067047135238881
1576,47280,0.6970693072598911,0.1375568696885476,0.06958400388221679,0.06879213014275336
1577,47310,0.7406695431402467,0.17050779071424005,0.03357253357752677,0.027590235310855943
1578,47340,0.7885588912329067,0.1299613737529475,0.02975129303936553,0.029814001073249056
1579,47370,0.7728663657077547,0.11065356986501906,0.040052183031893486,0.042829722725279434
1580,47400,0.7548202541489636,0.14526963683452968,0.048178318024672206,0.02766430942152325
1581,47430,0.7968983332726092,0.10203687259800509,0.039236466049721995,0.03339331741167919
1582,47460,0.7722827784455375,0.1298243878751849,0.029410109907187874,0.026861246004159234
1583,47490,0.8015743433650984,0.11804655165691541,0.025494587910853638,0.025605105788374046
1584,47520,0.785072823670208,0.10721332802643896,0.03299214499513548,0.02518772922097316
1585,47550,0.7532836211396399,0.11811591592769521,0.0403669191243102,0.03437892435642475
1586,47580,0.7926151413782065,0.1024002201632355,0.03444836064563563,0.023637982047614
1587,47610,0.8522672622130267,0.07891766785127233,0.02053845216763941,0.013708989195624926
1588,47640,0.7899120045880302,0.07421240782645318,0.05139685324433509,0.03482902382924299
1589,47670,0.7594434435400856,0.11097553238139327,0.02191200095345998,0.01701063044512339
1590,47700,0.7719290145346022,0.1397539849886229,0.02842528037362306,0.030050410540047045
1591,47730,0.8123732668598206,0.0695179903757577,0.02838686027626768,0.015752947378049414
1592,47760,0.7500084852677648,0.13186142425819064,0.035791606626556276,0.026323816179808623
1593,47790,0.7820608467804587,0.11688682594989587,0.03447356402093515,0.0417704396861272
1594,47820,0.7952295503881446,0.11443030915784724,0.029076295291590396,0.024049366794316223
1595,47850,0.777293231042376,0.12378898803935721,0.04092888901811928,0.020554806965913146
1596,47880,0.7645016892724129,0.14900397363845597,0.05190694707274694,0.017169548522055923
1597,47910,0.7588106434315436,0.11312225229619206,0.03220103897556812,0.03638638395556669
1598,47940,0.8214467801572536,0.0680961814266572,0.029004219200979314,0.02652011959385126
1599,47970,0.7650151313918636,0.11730297964753228,0.037716106027022626,0.045622572647877564
1600,48000,0.7615111958621792,0.12084937267735094,0.027365519741539585,0.02499242447775979
1601,48030,0.8264345037504128,0.09187717858995757,0.022929625479149243,0.012159787572174771
1602,48060,0.7923226633798682,0.11552935729263727,0.027661880935558058,0.016139593638837
1603,48090,0.7915626552837005,0.1203356951282018,0.03499897047231153,0.02081486372192421
1604,48120,0.8008214755062323,0.0908819550620513,0.02900710537039445,0.02221068429515211
1605,48150,0.8933519432095879,0.04919610658462668,0.012260253510621546,0.007198627892121341
1606,48180,0.7977354770392349,0.11289125987691877,0.02972899250406601,0.01621887061451168
1607,48210,0.8629962483467088,0.06606987995913806,0.012978127568566603,0.005793146120567736
1608,48240,0.8610167503285479,0.06452173355377835,0.012501609970526616,0.0064953133590716985
1609,48270,0.8709606842098021,0.06412489857501262,0.013267875242643707,0.011079407167069014
1610,48300,0.8346114836999939,0.08266374961323793,0.02286412939522799,0.016519063530347065
1611,48330,0.8095750564777278,0.09938035670455225,0.031903764892738586,0.01441541204591
1612,48360,0.7825995762967676,0.11954188833001102,0.02419030593363806,0.01811783240437332
1613,48390,0.8315838889042836,0.09328056901552877,0.019001900285841627,0.01627189173538158
1614,48420,0.8962577394214982,0.05247958984436699,0.01160449773352734,0.0055165466291571125
1615,48450,0.9011620722687007,0.04501294650984968,0.010730952106495044,0.007024587873253428
1616,48480,0.8711016298783046,0.06415062905274466,0.015491573946783391,0.007326572087751667
1617,48510,0.8705725206529603,0.05995479028221194,0.01683816626862331,0.011962680932429567
1618,48540,0.8817786175063879,0.05955731266177419,0.013155005033091558,0.007139652823284988
1619,48570,0.8609162743997684,0.07377250088494702,0.015220524378990935,0.011307846248423471
1620,48600,0.8694479507437524,0.07860144280594625,0.01812562187381263,0.008430155149103129
1621,48630,0.8541250983230292,0.08445819564132422,0.02262360891005385,0.00865540466823304
1622,48660,0.874776971984582,0.04403810957804809,0.008661096190825187,0.004737937163953609
1623,48690,0.8976108865135524,0.057746457211893476,0.009928463802574498,0.0054270077623395875
1624,48720,0.9156014885327796,0.02563982013920281,0.008413234240353422,0.006936881899937461
1625,48750,0.8674405539590831,0.06538727773039729,0.014383322812231404,0.011834241324309996
1626,48780,0.8219571340053636,0.08782331722916518,0.02004385703427514,0.009581764783795204
1627,48810,0.860717112706398,0.07528754450384108,0.015836345692217126,0.008944498628686024
1628,48840,0.7865500171644726,0.1082588015151739,0.02657764949231104,0.02290606777233354
1629,48870,0.8420281505253902,0.08491844316084755,0.022072843452310302,0.017330857726904927
1630,48900,0.8707838604997155,0.07202170179574781,0.022025575121566734,0.0184573642172894
1631,48930,0.748404830163097,0.15889691660922828,0.03158307624776243,0.016690674066362106
1632,48960,0.8497264623873639,0.09453130383650969,0.01821201618767593,0.012187436352847619
1633,48990,0.8194347975602891,0.0892908419817633,0.015286755464769623,0.005788560751234818
1634,49020,0.7994151238025723,0.11829416015808562,0.023200619234632743,0.01295651859933116
1635,49050,0.7712812762486665,0.13865293333547604,0.027138444820866227,0.014885950304181819
1636,49080,0.7366706472697049,0.1746958017797644,0.03121257282308638,0.014417213657688754
1637,49110,0.677339390697402,0.18706216258139496,0.0499952842948552,0.029465586572371076
1638,49140,0.6075336179634874,0.15895102571824854,0.08771508024220272,0.06047902720579403
1639,49170,0.6453736433965901,0.2126776635010013,0.05784197393583898,0.028820731607208237
1640,49200,0.7136421376328118,0.1790373173505553,0.036668611948236875,0.027156732255593327
1641,49230,0.6902572017907681,0.1684404838105889,0.06033544427685698,0.02956202743212323
1642,49260,0.6724774415864202,0.18584740665907407,0.06107321706876258,0.029488455315463166
1643,49290,0.6466377262616408,0.22127211794518753,0.04786253238832681,0.03080368275037115
1644,49320,0.6872725489234899,0.17826230535935847,0.04420881045409614,0.022193962699363357
1645,49350,0.7517774073984027,0.1265527664766327,0.05070990155813367,0.02961887307897561
1646,49380,0.6710240968584411,0.20540798692553705,0.05719546306295968,0.02646180320206329
1647,49410,0.6291315881797116,0.18265834534957012,0.0583865335231221,0.04575428833552318
1648,49440,0.6774611188775994,0.151882945529112,0.045211906888459504,0.024048771037935568
1649,49470,0.8147870625065278,0.08487284010878071,0.026031679009139636,0.01286217949589381
1650,49500,0.7081006561279032,0.12571530739164208,0.039066173065850696,0.025901899011327445
1651,49530,0.686381737424138,0.19065486181952446,0.04879689827130554,0.029072823138683406
1652,49560,0.6337301873856621,0.18232795566865506,0.0636978256120391,0.030470343809459646
1653,49590,0.6928789034798706,0.1546645668290044,0.04525794128306578,0.029760201806928233
1654,49620,0.7497647920083985,0.13547471000439118,0.045212421756717296,0.02864739184194933
1655,49650,0.7259732580433214,0.11796773354253015,0.04462969366644048,0.020548177814797893
1656,49680,0.6317634333401443,0.1953089178554432,0.07304694751985454,0.039037988697209695
1657,49710,0.6265203229334788,0.1952712122006543,0.07966749028749111,0.036124595038672117
1658,49740,0.620530121730795,0.13051336116017653,0.07295573671875083,0.07923744423368298
1659,49770,0.6664473594022208,0.17051485725061544,0.06619741328085889,0.02799711721492786
1660,49800,0.6550240221419543,0.1974005923637857,0.05756737304066777,0.04102520558932229
1661,49830,0.607402105232413,0.24663514232293593,0.05093562282676376,0.038796518656815604
1662,49860,0.6836837820815881,0.1560710699429044,0.06088835691657759,0.03267364818327265
1663,49890,0.5899500053648388,0.23034900739579542,0.07819116213701699,0.0466980786826586
1664,49920,0.6056108386956565,0.23376354201101754,0.062196868195355734,0.037658712979822394
1665,49950,0.5574324838558707,0.26470985049936063,0.08854974637115462,0.03589766058590236
1666,49980,0.6231837069102972,0.22173774782659755,0.05910670517629275,0.030672619619888344
1667,50010,0.7919883140736904,0.07322710666875203,0.018766906127705887,0.012584095529158993
1668,50040,0.6355655589604583,0.17235988025311796,0.0657198403020666,0.0439615841609002
1669,50070,0.6534542759685114,0.15096121850556216,0.08698273819176704,0.03994447545839289
1670,50100,0.5885947813231002,0.22564708982048506,0.07828781327116527,0.043546780185061175
1671,50130,0.7326452817042597,0.09512673871037461,0.05319214989213847,0.02804024221791222
1672,50160,0.6927380684170814,0.07612147951692723,0.05219234055813368,0.07048349615754307
1673,50190,0.45722591593811557,0.23097167033831828,0.11434176736787936,0.0925491048958577
1674,50220,0.6486900734681658,0.19959157742621916,0.05730429421625626,0.05971116294185655
1675,50250,0.6429026804143679,0.20141011001803286,0.05225589000232339,0.05651160880480851
1676,50280,0.652692495456227,0.21041027192782652,0.059645035871515865,0.03321027130039894
1677,50310,0.6232003485949678,0.23034203115077387,0.06490665602076787,0.035673131742139014
1678,50340,0.5696732339641707,0.2125953916843016,0.09649938587577848,0.051171320157400606
1679,50370,0.4981550774248339,0.28552708733803134,0.12223144982851915,0.05155671563605121
1680,50400,0.82967014130842,0.08156729759590883,0.03724334986011855,0.024242241884673832
1681,50430,0.5910338478248389,0.2405474300713958,0.06899960951229299,0.055336684191334556
1682,50460,0.5817306301064249,0.2842562613757074,0.06078685916414421,0.04133012981984376
1683,50490,0.6923476606256206,0.17312341496644376,0.037220251082848044,0.03244079158635387
1684,50520,0.66266568571931,0.1861332177241087,0.04756845341558131,0.04409275764649684
1685,50550,0.6287170569733209,0.23888267505619196,0.053016548118555475,0.026008734739605285
1686,50580,0.5893935984887508,0.20269330970240265,0.09694156588861953,0.06013176328343036
1687,50610,0.8814968006443833,0.029221457404781874,0.017358534988355833,0.02400149050470447
1688,50640,0.8511274889440686,0.015743128047918744,0.008670377980608199,0.018345533791424236
1689,50670,0.7501586532205682,0.08090766643204175,0.056611832464299634,0.01825575254757216
1690,50700,0.34386346258505474,0.3470810566906254,0.2271403674878545,0.04401075652777829
1691,50730,0.7602066045443793,0.05434118837330424,0.055457354345751386,0.03322561015453811
1692,50760,0.7999852511286727,0.049005584743321944,0.022194913610637513,0.01778317208334032
1693,50790,0.8193671900950579,0.025265033156803455,0.00894246120508787,0.012230285866753373
1694,50820,0.8228225056825391,0.038954832480111494,0.006803529580041695,0.0054149550107942136
1695,50850,0.8074948700715223,0.07926796263166083,0.013743832751531633,0.009637950989898976
1696,50880,0.6886816453661009,0.17040870564197858,0.07909851155042828,0.0187228830597963
1697,50910,0.6626699880106555,0.157401765017622,0.10840129498184889,0.02525707646587581
1698,50940,0.450934049242642,0.30821487715039997,0.17599889806866986,0.03510897187657139
1699,50970,0.5053692979435833,0.16852148122603,0.23598401788088094,0.04804894183737962
1700,51000,0.3529569429545953,0.29439578931736143,0.2697576601543857,0.04603375802274026
1701,51030,0.39043411398330585,0.3517670438278498,0.18591519934402262,0.03637176862163172
1702,51060,0.3570108467101078,0.30100629789995115,0.2529993618708504,0.05243320171872157
1703,51090,0.7331587959557999,0.04779522682360596,0.02983877688318419,0.04739435573753795
1704,51120,0.385451169724939,0.2490175366341489,0.19693863445207974,0.08190752038841294
1705,51150,0.454022421488797,0.22340510830353133,0.13176708964464495,0.09501940237284275
1706,51180,0.5086431390706315,0.16812010473534347,0.1533798708160345,0.08704684253557599
1707,51210,0.7690978936514415,0.09238660352768095,0.05880298157958015,0.04498125645360418
1708,51240,0.8576807258673148,0.012157711971593472,0.002992303509189485,0.005699400968858025
1709,51270,0.8301694955242246,0.03954649363477755,0.026933694263933158,0.022705843606675026
1710,51300,0.7604290932531723,0.06956824746162603,0.02626988108052862,0.04477866769264016
1711,51330,0.8008759341649142,0.031522811338680526,0.011407945562853367,0.014008689714592064
1712,51360,0.8753930794169485,0.05223070907628117,0.006972667238131594,0.011674798771850846
1713,51390,0.7785185044442979,0.04516112180524645,0.024886312437668496,0.03178653630955687
1714,51420,0.8678373449549152,0.03219407500062363,0.007280202799680019,0.009832496117520543
1715,51450,0.8401202268206318,0.03647341718302881,0.009212635768186976,0.009656255060138556
1716,51480,0.9214194202467004,0.03234225805603128,0.008836404696547883,0.0064113542189514405
1717,51510,0.6048315648541375,0.09932425314802681,0.11085547548650118,0.04113394783217384
1718,51540,0.5109056186266149,0.22304902741733992,0.1573922027499087,0.06537572144890097
1719,51570,0.8480221754741366,0.07927346215073991,0.032026098783606634,0.014076927156747847
1720,51600,0.8809898500941246,0.06774364020958011,0.011681770877351713,0.009406580516199158
1721,51630,0.9011456278768373,0.051715472556364064,0.0072996164594999755,0.004374848724457827
1722,51660,0.8641165274038292,0.02399397896333725,0.009495009636253531,0.006618252266352468
1723,51690,0.8984037339701145,0.0369125707968954,0.00555507915644368,0.00849693127403658
1724,51720,0.8723554959720985,0.038489205169781104,0.00874567364564229,0.009685461736817268
1725,51750,0.8385580283206937,0.07340219223783628,0.026985184004420525,0.010838079454516982
1726,51780,0.8251733869459564,0.07058624736786907,0.038967149255071554,0.014790706219607043
1727,51810,0.8520350983794468,0.0675832640249392,0.018621384482877028,0.007280326364088331
1728,51840,0.7051569632039233,0.08950706876997683,0.12052787783102223,0.02817500068529562
1729,51870,0.4265357429776702,0.28888707217335735,0.16823352943232459,0.057077127771387674
1730,51900,0.8082319187579391,0.07994694310639054,0.03906264905026067,0.014651541516594884
1731,51930,0.8789637693948488,0.014039906910978481,0.003830802605204516,0.005935554647400501
1732,51960,0.8236569269486652,0.06849252697030372,0.008477751257946853,0.009892210600159441
1733,51990,0.8382772151281489,0.08369398498924385,0.011546808762276015,0.011602237334854793
1734,52020,0.8359762766532938,0.0744872897313273,0.0111872980884915,0.00777859239723705
1735,52050,0.6091621370539788,0.15341196846863153,0.0820602079788638,0.025107035107980204
1736,52080,0.4918453972347701,0.256234762965823,0.1860673170329367,0.041117624533602
1737,52110,0.5658908243788928,0.20315021102416314,0.13587934827774054,0.04907418761569345
1738,52140,0.6121779118201269,0.18604139949289974,0.10674760702941323,0.04852847650090316
1739,52170,0.699403821316934,0.16415195265746682,0.04588135068396287,0.034235852969220215
1740,52200,0.7121412677456598,0.05203520540362325,0.04311730352488237,0.02537790281069362
1741,52230,0.7954965264417496,0.08434541340540291,0.04322683762779033,0.024503243979588297
1742,52260,0.8353191051853219,0.03622701884226904,0.02011493778439514,0.018896606281489307
1743,52290,0.5557126219664038,0.26792444993261866,0.11177290258160076,0.03185352804829208
1744,52320,0.4800866181793521,0.29695567432159253,0.14057141488272512,0.03119233305922406
1745,52350,0.5123929939003362,0.2577995449429476,0.14492442334125508,0.03126379589178319
1746,52380,0.6491737304438825,0.13538585716978652,0.08057562699513264,0.02382870220739469
1747,52410,0.6358872533319222,0.1677229952799786,0.12607126214742043,0.03322360296497469
1748,52440,0.8784884537973008,0.045462948675804644,0.013221880996360628,0.008917083903315788
1749,52470,0.7765242954863348,0.05178864523714116,0.03762957300439435,0.017111006501494854
1750,52500,0.8164970762805234,0.05470552217043934,0.02354656317417406,0.018126668658008886
1751,52530,0.43515943928904094,0.23025132458132158,0.17802351084243143,0.08252491254060734
1752,52560,0.8114641378542276,0.02490506767432451,0.012107882301965134,0.0112219597260271
1753,52590,0.758056036929404,0.06030597251826942,0.057129076932687685,0.021048329186703178
1754,52620,0.6611076409302704,0.14440416273738893,0.0907575718831614,0.04843891712360535
1755,52650,0.7049966069998621,0.06780784845510954,0.06755067392070868,0.028313898971094455
1756,52680,0.829468660892403,0.05519947290037586,0.017382638674220286,0.025653591772872065
1757,52710,0.8560457854535765,0.046647912918227986,0.010237560650799634,0.018417627215429895
1758,52740,0.8864654940097612,0.03086318652538965,0.006269327497377578,0.008657066700128023
1759,52770,0.8569836347310177,0.03106905453575779,0.005274627451869885,0.007268085072363852
1760,52800,0.7956204228614265,0.04844945347637399,0.014217123948191041,0.01773005563448511
1761,52830,0.7962165538017494,0.09234745984487425,0.011860823510440438,0.018014510710701925
1762,52860,0.826697675342014,0.07764691024267528,0.010373441803431596,0.01314614334532432
1763,52890,0.8265751704746009,0.06203820673290578,0.01072015815468618,0.017318427114341773
1764,52920,0.8186656619294594,0.03425346120225199,0.006868836761356364,0.00997067467533223
1765,52950,0.7923841515829227,0.08801426043899142,0.02074296674629812,0.026190827941342164
1766,52980,0.8187037266661887,0.047176220195832654,0.00785926716938967,0.014104557126612044
1767,53010,0.8570264234876945,0.04935348352318824,0.008982137476257108,0.011923942095408037
1768,53040,0.8616505900455481,0.039659478661652516,0.010037270738632377,0.013428798827387163
1769,53070,0.8348302013903854,0.06538984663804154,0.019561748385223367,0.014465480411362391
1770,53100,0.7849012141196712,0.07994594179324009,0.0156679624362978,0.030107801564943817
1771,53130,0.7576788849512797,0.13766377882139738,0.04030455053057712,0.020339057916335338
1772,53160,0.8040966992753141,0.09430297796089702,0.018812164378380528,0.016423948118727806
1773,53190,0.8034545613478444,0.10126118654646632,0.014936516012969445,0.012795564565963938
1774,53220,0.754292649317686,0.062280356101678286,0.017933530111508913,0.026670589179490962
1775,53250,0.8910757686614494,0.03868214717841812,0.006775194468214809,0.007060091409030645
1776,53280,0.8502512286196414,0.07464017393213689,0.012252818920414731,0.00832286626253992
1777,53310,0.8724476171719895,0.030708950989644563,0.00481805872861618,0.008499276462506405
1778,53340,0.7851039408205555,0.03003648128742578,0.009170273354920627,0.01622223865320462
1779,53370,0.7732842920866362,0.059132554885387614,0.016466930564238452,0.030891252500020297
1780,53400,0.7940552001884753,0.05581370989269333,0.011290253402469518,0.01365241756563774
1781,53430,0.7993993348961508,0.08736183855736829,0.01832858453321935,0.02799294644511284
1782,53460,0.7559661977477975,0.0682865016812447,0.01977817399146222,0.035842532824823935
1783,53490,0.7948779088999781,0.05747904124682159,0.014471698240443169,0.022234251819381493
1784,53520,0.7985562163155728,0.06760847627308549,0.010934709425047805,0.019662361905710246
1785,53550,0.756617523455255,0.05688324609104817,0.015569739555790722,0.022064388593793095
1786,53580,0.8130248427096614,0.04978425371103354,0.013095991918011038,0.02250665347266098
1787,53610,0.7691083677247502,0.09237569565879696,0.018481513450166357,0.028256524782384728
1788,53640,0.8250653514701126,0.07000892900209728,0.01408048195474311,0.015303930752007727
1789,53670,0.764033101288974,0.07774442314674142,0.017955471513206898,0.02308858208569809
1790,53700,0.8336424398400557,0.055982681391703704,0.013952532054631669,0.02664435708982594
1791,53730,0.8154641771572979,0.08814295301257258,0.014715497653985546,0.015648055334243998
1792,53760,0.7976775769264491,0.047973080362440336,0.010546090173960906,0.015674516989299603
1793,53790,0.8430748386651559,0.05588720044650397,0.010106283084842915,0.018306531370594913
1794,53820,0.8370811542685235,0.04210476439570203,0.011288949138955793,0.021009273224837813
1795,53850,0.7976400068268854,0.03087502558277912,0.008100034693464155,0.010220266662493288
1796,53880,0.7886045647581468,0.04900953878197969,0.017689864907883032,0.033085518613976975
1797,53910,0.7757937441824991,0.030216858229124774,0.007563080755094943,0.01086169316307875
1798,53940,0.8182659384785155,0.061356105461829506,0.01191694977072574,0.01744402110601744
1799,53970,0.7794799517079382,0.06245843870454128,0.016932846656060135,0.03896251175178592
1800,54000,0.7468311467510568,0.10441072900004784,0.013617862681540627,0.02369694051104553
1801,54030,0.8123450349129789,0.0733997169638246,0.015714583138733945,0.026709496068216643
1802,54060,0.7455631930876654,0.07323226222908683,0.016902632937560082,0.024804062848721223
1803,54090,0.7535007856619302,0.08126159792402057,0.01816316834975015,0.03027356931414651
1804,54120,0.7954632263825032,0.06697639032290668,0.013526156218584377,0.021641912999932664
1805,54150,0.7918706402994662,0.06849027056811137,0.014179419317138071,0.017778803337727758
1806,54180,0.8135556197917939,0.044174004729175514,0.011408908183314926,0.021937551476128744
1807,54210,0.8060419750201194,0.030966616359076642,0.010134145031134573,0.017581477418998438
1808,54240,0.7584343154952843,0.06657144354481201,0.016884250751300543,0.02624651709957767
1809,54270,0.7327640241421297,0.0748170459452352,0.02570257352546211,0.035960965605889614
1810,54300,0.8108960122381097,0.04149187734919463,0.009190292335775072,0.011445262377801111
1811,54330,0.7879461642139934,0.05536653590914996,0.011330317791010885,0.013164717257246846
1812,54360,0.8305942141728776,0.04452912993644981,0.011981484831697769,0.017554866479504383
1813,54390,0.7829113979236232,0.058865124157681005,0.015137183917572966,0.023173664953597878
1814,54420,0.7646883034148245,0.0758646961719232,0.018681541223112434,0.02752097654834714
1815,54450,0.7845025570068281,0.05394943697651529,0.01224748172718792,0.022965852338738484
1816,54480,0.8102069691063913,0.05568722502289941,0.011965650318116318,0.021699008220186625
1817,54510,0.7722042341308608,0.048488583814271215,0.011553157660322269,0.01969836407831948
1818,54540,0.772938141660745,0.05567952181440423,0.01281966408904703,0.020167119866818434
1819,54570,0.6791006361823763,0.07641951320295057,0.023737021650895956,0.05615129960614932
1820,54600,0.752792088154474,0.07265873749879771,0.019921537777554586,0.04174984577694796
1821,54630,0.775993832057334,0.05904312818422917,0.011050739786960138,0.016821546875491627
1822,54660,0.7935336589551981,0.07393949860419693,0.0137692251677328,0.0257142598985141
1823,54690,0.7892960394295564,0.048050097406527194,0.009632421015726865,0.023367163359339704
1824,54720,0.8348687269046156,0.044878124987563286,0.013686200791607775,0.019118272716868872
1825,54750,0.8277650607352391,0.06539469571818539,0.012527197917951698,0.02186041333286282
1826,54780,0.7853360560447193,0.05131602003079107,0.015016338984605518,0.01880305827538171
1827,54810,0.7893831464494707,0.05369084834232449,0.013899669716329386,0.01969110810464831
1828,54840,0.8104961477840987,0.03618184931399996,0.0090591686867422,0.02537440979719593
1829,54870,0.8585171671131875,0.04958560422022645,0.011589140590218306,0.022629743347159073
1830,54900,0.8267759049575623,0.09062019051408325,0.011380368101445134,0.01694013251125647
1831,54930,0.8071101723975841,0.04243549922373508,0.010519728802056913,0.014830712015577886
1832,54960,0.8191128136495442,0.03291496182269079,0.007191655494836276,0.010483374020181175
1833,54990,0.7592282571968811,0.09570836448588407,0.015696327825520245,0.019033305869545145
1834,55020,0.8428512498716813,0.054736019853575256,0.010479694747022428,0.013660692189971839
1835,55050,0.7968601614743809,0.05456144899182362,0.010357076453205702,0.012944196980397794
1836,55080,0.780556464555458,0.0780343919676598,0.018225125593574396,0.02596933207190092
1837,55110,0.7870857977538339,0.06242278904368315,0.011057533445575902,0.01438001478251774
1838,55140,0.8290319152307706,0.06550060139474002,0.01190700004565977,0.01585830739766004
1839,55170,0.7964806477674773,0.09479059977635938,0.014868359857925355,0.023147308047804453
1840,55200,0.7987123920787729,0.052185416104117664,0.015737265331702454,0.02748744749906775
1841,55230,0.8558340992746162,0.04803275295208059,0.005751573042710272,0.005149049472740335
1842,55260,0.8848900170877007,0.04705004637864089,0.008653519030484428,0.012703016788912407
1843,55290,0.8425370545769467,0.0324032663362416,0.00762322198777036,0.01027755922844644
1844,55320,0.8174928409983712,0.04372227470914109,0.007508436348219103,0.008916952226228372
1845,55350,0.7817187823624189,0.09014616612146503,0.018127694438785993,0.024315400748704176
1846,55380,0.8726815889563163,0.047032712780458404,0.008162767118091618,0.013127392251963603
1847,55410,0.7927284890261977,0.08369482651264647,0.016974243954176488,0.019883081537545994
1848,55440,0.8158943322836294,0.057362634774311375,0.0106813310066912,0.01685702165423297
1849,55470,0.7878587826209478,0.04209275254981278,0.011461584813297229,0.018931684001224993
1850,55500,0.8170938200416127,0.05101301632813204,0.011761570205579145,0.01982454128428328
1851,55530,0.7483505608804715,0.07056331495736358,0.016483487874118265,0.03866441017708243
1852,55560,0.7610414724590501,0.058517096576123695,0.016962965006786342,0.023526032170842735
1853,55590,0.8350860774295873,0.06945862986849968,0.018655909426471946,0.018874666410514235
1854,55620,0.7347137109474032,0.0632829294904883,0.021351674712477047,0.03470085351558885
1855,55650,0.7469318091784983,0.06706843139850303,0.01715784577126429,0.042169399076556674
1856,55680,0.8106735151505055,0.049311818468171384,0.013946799009562505,0.024035686679593205
1857,55710,0.8068444647477985,0.05516420500615375,0.013041649226938592,0.023799962146245607
1858,55740,0.7761981743397552,0.046023036051579036,0.013510610172627854,0.02402404982257349
1859,55770,0.761902122681582,0.09568480498232705,0.012182125422082277,0.017460720125149112
1860,55800,0.8170698460802202,0.05636238997585225,0.011632094422399411,0.021069041401097423
1861,55830,0.7417648097416802,0.06853613542233222,0.018993354227554174,0.04890010039508524
1862,55860,0.8188807303755948,0.060076311204454745,0.016544980601001305,0.017739796274339126
1863,55890,0.8200375843625233,0.054030673171802386,0.008253467630876572,0.014371556799267635
1864,55920,0.8111416679854231,0.061205359221964434,0.013226471593307611,0.01904926790577352
1865,55950,0.7849988459986693,0.061153125006813566,0.01205346009967846,0.01555114141588103
1866,55980,0.783861763094739,0.06272973054368308,0.014552120617133053,0.024035198049990294
1867,56010,0.8262475954679506,0.06426574815363496,0.012065103052016139,0.017105106961570072
1868,56040,0.8578267667467132,0.03229886515146534,0.00936559775078529,0.012453116264812655
1869,56070,0.8126543138339006,0.054171708378424645,0.010565876631384202,0.01380607105019316
1870,56100,0.8044399548413018,0.05502270152896527,0.012727647309305232,0.019204605307582057
1871,56130,0.8036181113507609,0.05108623885575942,0.009231362192205867,0.014931021108135527
1872,56160,0.7568811436947034,0.08068920246191774,0.01899501478964106,0.03362252240174568
1873,56190,0.7800357258139946,0.06584374892924964,0.012948723646681653,0.023225382557444746
1874,56220,0.7190949465231634,0.0759424484590678,0.02288150794984836,0.04505454359978849
1875,56250,0.8110676288635423,0.04801612548436502,0.0122091331765853,0.015618366818614875
1876,56280,0.7631997599027848,0.06598776466746184,0.021110546460125893,0.04221069043250667
1877,56310,0.7877960841294639,0.06444675383716411,0.012182443092970263,0.017473666851853233
1878,56340,0.7709436751941282,0.06379152696137817,0.017833006993127877,0.03268748082527485
1879,56370,0.8435307630825988,0.04093344287528434,0.011015804159219175,0.015262571899526975
1880,56400,0.7607012246467326,0.06282450153379185,0.018777855997476823,0.037519008988681275
1881,56430,0.7909595275048429,0.06973751238842714,0.016944530849125623,0.03508815994446775
1882,56460,0.7485871483239335,0.06867407372032457,0.019073194414190343,0.032611362984943854
1883,56490,0.7689929179104731,0.06665253225684387,0.023152116019330815,0.03440162145354843
1884,56520,0.7628988531790456,0.042038616668100645,0.01055564591872462,0.023583193829662227
1885,56550,0.7384872773100121,0.09111056893012665,0.021758439561353923,0.04442817214714828
1886,56580,0.8013418436173122,0.05491405334516088,0.017573038631585096,0.028992158870149803
1887,56610,0.7939469291571688,0.07080225679639049,0.017524902913631523,0.033782172500771646
1888,56640,0.8019708872224132,0.05262832530909969,0.013381536311137003,0.020656534975508546
1889,56670,0.6994352143639581,0.15177828497060847,0.02551738928406601,0.039729671688810024
1890,56700,0.7436849930817776,0.06762459397952787,0.016107417675841666,0.025907185663680655
1891,56730,0.8189128848452486,0.04320038825537874,0.009052003378682304,0.016308886376478895
1892,56760,0.8126250209577254,0.06183365129766119,0.011492539929492573,0.016476540126394115
1893,56790,0.7744246961555991,0.05140546617826238,0.017270473757264114,0.031394744717029764
1894,56820,0.7811626303847921,0.06632409327617476,0.014092653001371176,0.02525159652034713
1895,56850,0.8337430462480919,0.04377325804649772,0.015294098847396213,0.026202247851482625
1896,56880,0.7616321354093576,0.07762053025678618,0.021504149390899698,0.03094692422070972
1897,56910,0.8096204096559865,0.04513864043197742,0.013253855974406942,0.021977300645839058
1898,56940,0.7842223197472206,0.06308076802338809,0.018712768227680747,0.02570391291037015
1899,56970,0.7895440761402795,0.072369960997786,0.015730960385351125,0.02207237433670099
1900,57000,0.902842629034648,0.04292616805667287,0.0067774251863303705,0.010729048310567956
1901,57030,0.7958199393755345,0.07974566137960419,0.016437377126944864,0.018523328926856757
1902,57060,0.8603494576063864,0.036838029569592166,0.008866183664211888,0.012479511190619852
1903,57090,0.8095711291117453,0.05350244654289911,0.013391371320946713,0.023276513189035484
1904,57120,0.8194137829295344,0.06256994573085166,0.012996459793134513,0.01784569518871809
1905,57150,0.8144026104216332,0.044382124521798814,0.010762470256980962,0.019421424682673098
1906,57180,0.8354650089474999,0.038368394055431826,0.012600846968262178,0.02350720273477323
1907,57210,0.8081783769615446,0.053530232154298474,0.013479734013757383,0.02742072756749654
1908,57240,0.7725995106493108,0.06111289146211611,0.015211222034456899,0.030848099809241216
1909,57270,0.8308203643706104,0.050273214707659004,0.013598724062393961,0.022309683790139874
1910,57300,0.7751776495309266,0.06360827343598331,0.014155058572504533,0.016507380379888446
1911,57330,0.8352267403002281,0.06201941499191535,0.012090562217676369,0.01495288288189229
1912,57360,0.8755246713942534,0.04810322918201439,0.00906773194732202,0.014578811236826689
1913,57390,0.7017207213159714,0.0682795905191628,0.025006618196644143,0.062030153089544245
1914,57420,0.7776976352181618,0.0696145951403868,0.01897510529107492,0.030083501095669093
1915,57450,0.7748231244371814,0.06057817250049411,0.012508535823679352,0.024728428707429008
1916,57480,0.7946118361869546,0.053792578821186605,0.013412635139033773,0.022607018341178006
1917,57510,0.7683653157441527,0.06765368084284899,0.020584438443801954,0.028366096231997307
1918,57540,0.8115103324502075,0.055220077830236934,0.01465629439329141,0.018293656639960614
1919,57570,0.7677246786454553,0.05425773219885223,0.013175796209552924,0.022898521228827018
1920,57600,0.7690698605984942,0.05553567756859892,0.014219844797837791,0.028942541061646093
1921,57630,0.8158473082345284,0.044343155536668385,0.0111591923091213,0.01902853449580534
1922,57660,0.78317389518614,0.05633051780286594,0.013048499835402603,0.02801587506253205
1923,57690,0.7730217504831672,0.05583618296574029,0.019588273686155965,0.028985330840634115
1924,57720,0.722153068490007,0.10505000009500104,0.023784596359635122,0.051261865289678916
1925,57750,0.7919740552573283,0.04665331897113455,0.015922991219175245,0.03406971390655787
1926,57780,0.7138665581824534,0.0948869180117585,0.021919454872471256,0.04860682478334515
1927,57810,0.8152942289269576,0.04959982959580164,0.009707349403871251,0.022202661606914392
1928,57840,0.8380495664153286,0.04639188422925078,0.010814872629599095,0.019083831815765298
1929,57870,0.7145098406987077,0.08214179933423009,0.019967893889824923,0.051108078552789746
1930,57900,0.7823518587097459,0.046549683279713754,0.01044858939643013,0.02959394557376394
1931,57930,0.7742455593825526,0.04631058706332337,0.011463625829511869,0.01902256707679393
1932,57960,0.7919056057105088,0.0571701537478165,0.020835457746373888,0.0337894325438423
1933,57990,0.748399305742192,0.07602174253534828,0.015583543075672059,0.02575641871016962
1934,58020,0.7580632501132416,0.06189673467222944,0.020907622967473876,0.046007108946457737
1935,58050,0.8340767437959546,0.06046376927050983,0.015011080254905747,0.025367165139656884
1936,58080,0.7041460563551913,0.05728045808929011,0.02711270905761825,0.06790547191168798
1937,58110,0.7907376758111461,0.0518669901568709,0.019130554614316644,0.04274558380655216
1938,58140,0.7522222165220956,0.06732937198137597,0.019549292755068635,0.051543255977476124
1939,58170,0.7612835044782169,0.06812302551227828,0.013964982367636,0.02970113594291161
1940,58200,0.8679878193926697,0.044766097804033525,0.012498668208460949,0.016546238660396954
1941,58230,0.7759337461479734,0.058308648203654376,0.016541393702172804,0.022577382767788704
1942,58260,0.7870411271218061,0.06108888333475561,0.01024465676061084,0.022758211107834277
1943,58290,0.8329382832862223,0.05221792274849034,0.016257661453249965,0.024989669796485956
1944,58320,0.7339779190793243,0.07677384266304257,0.019848019197515922,0.03728743345320899
1945,58350,0.7765962903675162,0.06621020753844784,0.01224413586144206,0.02171117039491575
1946,58380,0.776614139448781,0.059319346066821745,0.013805307150085025,0.022104441492383668
1947,58410,0.7281309058967722,0.052068953885172,0.013567129015798913,0.01971568983425899
1948,58440,0.7448025172552586,0.06358713801220993,0.01860380847690581,0.031202692372475433
1949,58470,0.7992245007587206,0.052241737118003846,0.012070354813510013,0.0184467278530608
1950,58500,0.7717735931135938,0.04233482727007326,0.012445180972265091,0.02434145493690804
1951,58530,0.7658514501319234,0.04006171982508607,0.0145098979278621,0.030104779783707417
1952,58560,0.8213522653145661,0.03894713103797536,0.011400173155162887,0.01783417489440177
1953,58590,0.8147973155415152,0.056888500973446283,0.012702682492954975,0.01876323993289203
1954,58620,0.8262702689823792,0.05091045905450302,0.012769038082869248,0.019492514011106757
1955,58650,0.7870150568180079,0.05394716157855215,0.015635207906166824,0.022697493672195968
1956,58680,0.8225615153628185,0.061184342743951244,0.012628976106107364,0.02387624095318009
1957,58710,0.7601367500552366,0.07687380142714838,0.014117309841707365,0.03614216912659353
1958,58740,0.7891734234741815,0.10701023726048955,0.02091955813626465,0.02997259425163257
1959,58770,0.8628838726246525,0.04604733061201523,0.010856626310180932,0.01533077443094285
1960,58800,0.7881679590526788,0.07786571015650294,0.014042965305389864,0.018240063992330725
1961,58830,0.7789966924104886,0.06918431912361542,0.014507682930738118,0.022765712352043756
1962,58860,0.8125007855100334,0.06442738695994157,0.014769396748385016,0.021060658723736327
1963,58890,0.7753176993451237,0.0754913108115241,0.012368348255213494,0.02523028883748184
1964,58920,0.791634360641007,0.0718448276215933,0.014622640346018859,0.02247927549541389
1965,58950,0.7607026065116259,0.06170019793741163,0.017100757204783486,0.028389819764548966
1966,58980,0.7336334183141906,0.10013248475801807,0.028478859663560896,0.044372583542529584
1967,59010,0.8033296014757522,0.06064678191381875,0.012235760472364623,0.021567039868547345
1968,59040,0.7628290141350704,0.048765242196366,0.017322248254507636,0.04050984040517041
1969,59070,0.823924095235117,0.06611811572366683,0.01418488500063337,0.02718007218558088
1970,59100,0.6459291689580536,0.14632842591526135,0.03552401566304902,0.07208186600790806
1971,59130,0.7822614123339257,0.06823596590137485,0.017703779754291035,0.03391418994823386
1972,59160,0.7622430958005681,0.07575950180321316,0.013581529556909135,0.027839909197146046
1973,59190,0.747883001080345,0.08113716502638725,0.023989355678553297,0.04693622444930307
1974,59220,0.7143117928479578,0.09681468430606233,0.028109962367952414,0.033282098212498216
1975,59250,0.8367415327803296,0.06097944184654933,0.010757540824307079,0.016302584023021736
1976,59280,0.6738270185718368,0.12241900817133149,0.03278763378704463,0.05095796865197645
1977,59310,0.7298714320218792,0.08992818454449165,0.029424828513044267,0.05384080851057801
1978,59340,0.724097702358909,0.059510405968193555,0.017207314719970307,0.0267913179347011
1979,59370,0.8330860895568759,0.05170183365522447,0.015116849005366622,0.025220383232553368
1980,59400,0.7469156430632278,0.07396982250368384,0.01750080370839502,0.02667915194725742
1981,59430,0.7677164351110273,0.06506828529279968,0.024515597593790295,0.044077191177428914
1982,59460,0.7881565080675209,0.05251157334664498,0.014392436480196778,0.023541185849062857
1983,59490,0.8278448657559799,0.047803891463942046,0.014791387303555828,0.027097240556177356
1984,59520,0.7961941731424778,0.06135922626347565,0.01673609227327494,0.023990941864341978
1985,59550,0.8130231949480371,0.06984879481836828,0.015831450154292236,0.022372644564156892
1986,59580,0.8065188153631971,0.039909823377851254,0.008160233599236118,0.016579315383749915
1987,59610,0.7864865172724663,0.10360927176696912,0.017791032405985934,0.029793774472392613
1988,59640,0.7623463162655714,0.10324219720620417,0.019925069166451755,0.03265618846720652
1989,59670,0.7965793971507025,0.0631354900827553,0.014780732987167644,0.02848521773649475
1990,59700,0.7231462053996317,0.08063825754377169,0.032275060898142284,0.055435724328518454
1991,59730,0.7377271243837887,0.04365582214637002,0.013185645103036206,0.03357917562555034
1992,59760,0.8143495869287555,0.050528598222685545,0.013313762524005401,0.018842515725893707
1993,59790,0.7888150294279771,0.05900425086373079,0.012445672954892108,0.018085639824119985
1994,59820,0.7970653363877501,0.04675379901022433,0.013576036838423686,0.029670971009860526
1995,59850,0.8074478457705347,0.054170035143186024,0.011190622353788053,0.016737891699229037
1996,59880,0.7349312619632635,0.06895016587974936,0.012864914958382798,0.024478874105964724
1997,59910,0.7744866396101664,0.05086779703903769,0.01220190164851463,0.022467901499718338
1998,59940,0.8044656788861765,0.06505570072514474,0.014834002760135892,0.026276762353395426
1999,59970,0.7726804342620404,0.07591629018856609,0.0130818975591835,0.02523721672904218
2000,60000,0.8266117059306973,0.05541647937325948,0.013250404587866322,0.0171789760431696
2001,60030,0.8342953562493611,0.04869147336849944,0.008786876475997253,0.009795024588744712
2002,60060,0.7893158910508667,0.047663241572446176,0.009985897359174427,0.016954283041778595
2003,60090,0.8046524767294214,0.08143544071134662,0.013783461060629058,0.016821549636018132
2004,60120,0.801317546933163,0.050033622683805005,0.012616607419365723,0.01702422644233183
2005,60150,0.7854391458438675,0.04505468481588821,0.014837525384945177,0.0247998936469505
2006,60180,0.794516336809329,0.06638397683787897,0.017875211040726167,0.026376405578250623
2007,60210,0.7754385179265775,0.049007458036131935,0.013927180892694397,0.022076955153597946
2008,60240,0.7516936666420443,0.06401859878567896,0.017043680180556964,0.02651365708088968
2009,60270,0.7054353340108492,0.0736238748614106,0.01583589863254902,0.028464566330672215
2010,60300,0.7633157509455438,0.08498730155401643,0.020700605397648977,0.02671783889854768
2011,60330,0.780160459693086,0.06102260764910577,0.015015825533333351,0.020811445814782607
2012,60360,0.781553009243894,0.06899150469310995,0.015489636918299226,0.03001419209865735
2013,60390,0.796921797908193,0.05060205504367237,0.013158628639959043,0.02436925503323284
2014,60420,0.7976058456543095,0.07011542375643867,0.018744938034889497,0.027394928764381578
2015,60450,0.777863434196722,0.09676145595592937,0.016581870846481887,0.019599578194983737
2016,60480,0.7642933348228983,0.09456223300453069,0.017942266971354738,0.025159396152382274
2017,60510,0.7887393970579241,0.047284264981647436,0.015771518813498458,0.02542098493986248
2018,60540,0.7989509817538321,0.054998278729159224,0.017843898941376387,0.03403281045918951
2019,60570,0.7460026082515815,0.06902624092739477,0.019230901744264603,0.031367951026903027
2020,60600,0.7790921188587542,0.06295153577181135,0.02097637205893929,0.03234559549214758
2021,60630,0.7815141304947053,0.07111991982562914,0.01925454291566573,0.031411052033802615
2022,60660,0.8172522114639359,0.06007424115690706,0.018783348567362183,0.027692638046675204
2023,60690,0.8204467342918158,0.056361363892978515,0.02183698014475962,0.029464551436215104
2024,60720,0.7698121943832629,0.07263221362811438,0.016967575324793555,0.025377877810893727
2025,60750,0.7385468012843122,0.0638385259272597,0.01566518741427105,0.03249148529970552
2026,60780,0.7486304698706656,0.0681416063691661,0.019789200548910035,0.030569426901854883
2027,60810,0.7064214370747415,0.08885303559981747,0.026045403100168386,0.04740423522688795
2028,60840,0.7706830333309002,0.04640872405617282,0.01260046621481304,0.032057807073447166
2029,60870,0.7592434429869491,0.06921848795964639,0.018448110793212465,0.040695456720122376
2030,60900,0.7788303442657247,0.0492282425279714,0.012953410191573278,0.017457700949567428
2031,60930,0.7852035423610169,0.08469900382410915,0.01732120852453206,0.0248713803077131
2032,60960,0.7937953976363992,0.08328294611462848,0.01601770652009479,0.021966430850284453
2033,60990,0.779336467135688,0.08674243047367823,0.01936296485919482,0.024895842124964342
2034,61020,0.7887945793979061,0.06253501968122749,0.011482625200095166,0.01680637218616837
2035,61050,0.7911893270161805,0.06938358803611987,0.015951473808461035,0.025879061055796918
2036,61080,0.7866245133463758,0.06151392780172882,0.014000889316371555,0.019326547572987712
2037,61110,0.7841340943865823,0.07201757828016937,0.01740346173593519,0.022654111493036585
2038,61140,0.7928516054838678,0.052796220082589176,0.009731416850226068,0.014349751076753485
2039,61170,0.8077375655647704,0.041858522480757554,0.014909291332718084,0.021319724387975726
2040,61200,0.7918171008212348,0.06641707794891855,0.015837941653944147,0.02159620947657698
2041,61230,0.789549969402153,0.08096680290104931,0.016375150660966616,0.0314107912317947
2042,61260,0.7931562292532034,0.05891553047347959,0.01301566806552594,0.0216389440833626
2043,61290,0.7699393543779038,0.11574379172060237,0.015533745538559962,0.017689303826664483
2044,61320,0.7935670907831665,0.08530213378411584,0.016810854650409986,0.023821898718230206
2045,61350,0.8208624772332356,0.06079912862006104,0.010822267207678976,0.015266722821517698
2046,61380,0.832858819003949,0.06328503604992095,0.014504687881009877,0.01742752709316033
2047,61410,0.80279367900285,0.06943020800343164,0.015693755331273887,0.02373764120026532
2048,61440,0.7799261462289215,0.07541249651698488,0.017908572983004974,0.024601677012388443
2049,61470,0.8050651165791125,0.057022804365928645,0.010089610771224713,0.019275494648496438
2050,61500,0.737567952836544,0.08261668985126915,0.01861370726262884,0.02957884028837337
2051,61530,0.7845436589419036,0.057119752471736916,0.016768912261952817,0.03713493353664475
2052,61560,0.7926296537989983,0.06352650766761207,0.018521281687000974,0.027832409697331157
2053,61590,0.7316181726613109,0.068300646369064,0.016702809600110752,0.02578676533908216
2054,61620,0.7680819755633141,0.05494221176950832,0.011453178119596051,0.020921284360857766
2055,61650,0.7663557889203694,0.0743014588920391,0.018499063308998077,0.02348131000103247
2056,61680,0.7716259737973137,0.08816566018840628,0.01692173023184777,0.022457079032164328
2057,61710,0.8076893297829777,0.051331540689897565,0.013927318060433956,0.02150155278517253
2058,61740,0.7704344845053417,0.0828431090601717,0.018937214097302382,0.02670142752328924
2059,61770,0.7745546998672674,0.07794467557987997,0.016513095571118862,0.02037899027106163
2060,61800,0.7654921760089319,0.08054382326582629,0.015231085361691977,0.023252855167418252
2061,61830,0.8044397378569756,0.08765328473279256,0.014576008241277095,0.024361963412148926
2062,61860,0.7933341766183081,0.08004311964826455,0.018564243269857107,0.02436486539675348
2063,61890,0.7994319363880844,0.07020214810917808,0.0157912692951332,0.02057069176464644
2064,61920,0.7569844329313019,0.07328802120516673,0.01461924530793603,0.025281806111816178
2065,61950,0.822174925712423,0.07334474175280493,0.01800058387951056,0.027079885045754804
2066,61980,0.728363174258173,0.1167827326786225,0.026792968626602673,0.045788854419832686
2067,62010,0.764931440692007,0.08831198143115965,0.023012326372514623,0.029258439846209246
2068,62040,0.7572832955727423,0.08900416685729391,0.02363355733745927,0.027015711684878155
2069,62070,0.8064685163332044,0.05387488913082022,0.013735558328987638,0.016208879697592538
2070,62100,0.826504275920221,0.050522840917510595,0.012699455284443419,0.020378815129940605
2071,62130,0.758139002361894,0.09213953176414531,0.020918902757206228,0.03683226483649392
2072,62160,0.8463707631673478,0.062252506228686694,0.012976382657042616,0.0166167248960589
2073,62190,0.7744344446826508,0.08564637625856761,0.018542382271687998,0.027452524274508897
2074,62220,0.6906513258603957,0.08925055767653048,0.024713252139405176,0.07211488443580594
2075,62250,0.6061803815515893,0.10936824131746922,0.037537619587680426,0.10097336775410631
2076,62280,0.7755534811043838,0.06507501499452291,0.017029114823248134,0.02523204521035568
2077,62310,0.8143859605311071,0.06219804007657324,0.017602148243080852,0.023291373491904993
2078,62340,0.7284616027686143,0.07929051639977923,0.025167721133152507,0.03578281015487661
2079,62370,0.7634683694353035,0.07154152141448968,0.020133908701266356,0.03529812492524444
2080,62400,0.6826971517591979,0.08335159309112905,0.02646184814446002,0.05737188322893463
2081,62430,0.7985872427858459,0.048255516784039595,0.012747003883156622,0.021313686770219806
2082,62460,0.7219288131720719,0.0822775240790243,0.02105628282617939,0.04016630059456569
2083,62490,0.7110874255155741,0.08754173391157358,0.017637168471318115,0.027683275710126132
2084,62520,0.6527460139368182,0.09634318376062205,0.024727138213250902,0.06588872855587348
2085,62550,0.7083366306551103,0.11774683902535882,0.02078011686271654,0.03133592182411665
2086,62580,0.7653465961524414,0.07316336361522945,0.018876007797152414,0.03558100030674986
2087,62610,0.7086910958987062,0.09870208919009489,0.031719475566355196,0.05145177333575342
2088,62640,0.8139607170589825,0.06310353872912132,0.016086298274842044,0.023266360507805502
2089,62670,0.7419426704995306,0.07445330690560235,0.017829013571060447,0.03234955685217913
2090,62700,0.7646894912890609,0.0551319193784815,0.01860032425177465,0.029772717799886887
2091,62730,0.7559893888753975,0.08157967578873802,0.01935217472691545,0.03273755079794852
2092,62760,0.7831794521026944,0.1246794491550359,0.022245352349499186,0.02418671101186926
2093,62790,0.7788637696397311,0.04581601281308651,0.016686657220738466,0.02711315026293797
2094,62820,0.8187249730239422,0.04593926589424217,0.010012727717874212,0.015867934711679226
2095,62850,0.7896405370739075,0.06527256893915412,0.01713401128448203,0.025866152013884345
2096,62880,0.7763676146910757,0.0499932050695982,0.011177983561439172,0.018808963194311978
2097,62910,0.7857409178981865,0.0821255097861668,0.020796912800697776,0.028140869667939963
2098,62940,0.7152735352316434,0.07381074230493716,0.02613983929875559,0.03625074419447571
2099,62970,0.7212930639276323,0.1230568588518489,0.026269532226055898,0.03518521797237113
2100,63000,0.8017517192445192,0.07125341984545487,0.018906881574243153,0.024159919428503932
2101,63030,0.7372133383721369,0.08605182235837171,0.020889439946490524,0.030207381495106742
2102,63060,0.7836745543008767,0.0779426153969682,0.015155248628639548,0.02953492672793188
2103,63090,0.7964808616097058,0.08201298603895642,0.019450104305782256,0.029263659835733476
2104,63120,0.8126132511530767,0.03815518100716079,0.00768842636586051,0.011827474689550057
2105,63150,0.7764392233306238,0.08974758975686149,0.013522595494172378,0.02408474047907587
2106,63180,0.7982411717244698,0.06902761712497589,0.016562653224709165,0.02859163977635213
2107,63210,0.7171379614206721,0.07962736997125448,0.025237024380991475,0.05330164277647413
2108,63240,0.6860294132561068,0.11725286036640364,0.03225784577940488,0.051103445805236986
2109,63270,0.8159854081684774,0.042217010955553746,0.010427018122953149,0.013522479423814394
2110,63300,0.8278844893114213,0.059247416817439766,0.014447171876808603,0.022629165778127222
2111,63330,0.740233272946551,0.0781131685546562,0.018813865797799298,0.02937092750489189
2112,63360,0.74552042222326,0.09711205030015495,0.01690105412379884,0.023455209036768242
2113,63390,0.7933795735468888,0.058775070011465286,0.014317547870913312,0.01967549434252167
2114,63420,0.7729144101325881,0.0811110347767999,0.014146795923588227,0.027350211915706687
2115,63450,0.8058638417848146,0.0555075259845963,0.012728072822213296,0.018542555794794316
2116,63480,0.8316636997401818,0.05147569930731376,0.01679876877312564,0.021377274534857122
2117,63510,0.7873411794884844,0.0627811786416928,0.018269937277756592,0.030246487233386212
2118,63540,0.7779268422367067,0.05233071231916046,0.014843245801480201,0.018295774692193022
2119,63570,0.7718869054310934,0.08491057755783957,0.01727929760695339,0.018081569290773574
2120,63600,0.7997521121975398,0.06634599905709124,0.010370618288434883,0.013729113728527845
2121,63630,0.7542367131549008,0.09295467966847641,0.019429620711579974,0.03106248650964575
2122,63660,0.7849373861747225,0.05814283577731722,0.012464862069460753,0.018944275989739762
2123,63690,0.7954504178418159,0.08454823446332932,0.018908088591395852,0.026149937762531106
2124,63720,0.819746757792455,0.048596646546818806,0.012078569449051632,0.019256415161689945
2125,63750,0.7830280406229256,0.06514161089665092,0.01558023705896394,0.023751354982490713
2126,63780,0.8005642191348122,0.07657513932016584,0.015036543176683891,0.01901419551758258
2127,63810,0.7783025104119602,0.06900866440524633,0.013367753116115823,0.01882893197862431
2128,63840,0.7842002053028639,0.07077019284032099,0.013751668333302259,0.016205723622286092
2129,63870,0.8268009674089385,0.07204183714923851,0.011900298788902964,0.02163025432806664
2130,63900,0.7978892712653134,0.05500221554408308,0.012081163003471167,0.015294658979137041
2131,63930,0.8197175750214436,0.0801074595739705,0.011698989308430177,0.01548066931505033
2132,63960,0.8012326775206461,0.06419377059998777,0.016717643502415176,0.024234085577912706
2133,63990,0.7539682839034747,0.06225471611065802,0.015042913920030486,0.027771792715435967
2134,64020,0.7410635955882247,0.09567382880426543,0.02863337024796307,0.03113947808447317
2135,64050,0.748401985599019,0.0769835300062783,0.015300005293728077,0.021537737866088133
2136,64080,0.7507626316736334,0.09534094742628389,0.021735024923244015,0.03710078913378474
2137,64110,0.8311173769402616,0.06726630326582592,0.01142992541103034,0.018555540828743916
2138,64140,0.8170037152960978,0.06949092368731069,0.013670496892530148,0.02191351910859578
2139,64170,0.7352330976522986,0.087461478566013,0.0188522136688474,0.025614049571826846
2140,64200,0.8091534401402884,0.049966404427828286,0.011950035496231973,0.018900856760294134
2141,64230,0.8358514915234309,0.05931798160472134,0.014368019608004866,0.02047481790528042
2142,64260,0.8454177556517106,0.051342132707740566,0.0126172146265118,0.020661908263432654
2143,64290,0.8131275814739061,0.04802253308939124,0.012745772588589985,0.01978494421759463
2144,64320,0.8322276446619836,0.07165953767291736,0.012977759019212333,0.019665933917971154
2145,64350,0.8386420322924202,0.037711952278328756,0.01307039343325912,0.014726221197189535
2146,64380,0.7836094365575262,0.07137797418803614,0.014737548011577783,0.02822980080449841
2147,64410,0.8073083149510081,0.06801170929494291,0.016421495792815162,0.02797222088588629
2148,64440,0.7729601686327379,0.060451979454412184,0.01014047010085648,0.020119417380814467
2149,64470,0.8037535814120501,0.056159990313986545,0.015291598591696204,0.020180922127365247
2150,64500,0.7930678055305888,0.06394389400890396,0.014791524722777573,0.026633356619518916
2151,64530,0.7760017041271698,0.06607560068280174,0.016066993687539957,0.024053776816063903
2152,64560,0.773890231863671,0.10771132281718931,0.018986973083725833,0.03325831054094454
2153,64590,0.7653592686004382,0.0791499274415702,0.015041636652162613,0.026663655513606076
2154,64620,0.7697392116786372,0.09057730083885042,0.015977543790519893,0.024899186160995488
2155,64650,0.7938389029962418,0.06752004917609555,0.017053769939033573,0.02663517825441574
2156,64680,0.7716260575929857,0.0768084678862759,0.018928466217951228,0.027880787343298317
2157,64710,0.7746079754449264,0.04097412902300218,0.006824371777955218,0.012805698562634443
2158,64740,0.7584039882957584,0.07973563033340907,0.024839629419397418,0.03371994078740462
2159,64770,0.8608711793864042,0.05129576783939463,0.011318364295386914,0.013089152943523655
2160,64800,0.8297605837152512,0.042838666349702244,0.010258940582087362,0.019029283890851262
2161,64830,0.8599216299413449,0.03453994202739415,0.010183766502980666,0.012891600290127038
2162,64860,0.8187230333010664,0.05547059967299895,0.018696280473704224,0.01532013553122579
2163,64890,0.8314143503351739,0.03790542697092968,0.016945470482489292,0.02032212031615481
2164,64920,0.7758936265486587,0.06743859265259718,0.01881440116303324,0.031181346800446638
2165,64950,0.7530896962946412,0.07424297017385277,0.02180562846906835,0.04422918191217263
2166,64980,0.7792748025112037,0.08918355257113479,0.018525061712159997,0.034470223108436594
2167,65010,0.8522465286832688,0.04666360656193331,0.014119337963161581,0.016351394946809653
2168,65040,0.7650256617562812,0.06031085886942616,0.015145714251968565,0.024493433816427275
2169,65070,0.8113789877011893,0.06610931236536144,0.02007529203020129,0.03300737060957639
2170,65100,0.7016568517781225,0.08428430993644447,0.03271921239417522,0.04364707325688519
2171,65130,0.8257373532089223,0.0582035708342567,0.010556577725539864,0.016841780438791327
2172,65160,0.746761207312346,0.08530205136312202,0.025664748624994835,0.03485553394443797
2173,65190,0.8140523235216703,0.07923803160595208,0.011583607609796277,0.017803578841622623
2174,65220,0.7939968386891688,0.08361001429753219,0.012325609382843617,0.017783834765970993
2175,65250,0.8164731316431294,0.05586641579713818,0.009145104594915911,0.014144619187049783
2176,65280,0.7290957783542771,0.06005757822048585,0.014847711252914283,0.020518943049683158
2177,65310,0.7492726248017535,0.09343479054507633,0.020649753109892754,0.02727868575913119
2178,65340,0.717620553794368,0.1099809378715827,0.024829777055249438,0.031172234813391653
2179,65370,0.7670640424444886,0.06260855815195014,0.016261940651453047,0.023855727969867225
2180,65400,0.8033113142407012,0.07229027184915236,0.013176247999608804,0.020766593478976525
2181,65430,0.8191413666469548,0.04394920458294638,0.01330400014080707,0.03250303058260755
2182,65460,0.776537969832827,0.07359159887667255,0.014685592639772233,0.025412427564717358
2183,65490,0.7532544517523907,0.0641160982204828,0.014873018207953323,0.02477316980982909
2184,65520,0.7886062286277932,0.069489634216019,0.018631920447197265,0.032563104353189
2185,65550,0.7068122994520963,0.10333650180011601,0.0170447791369585,0.032732823495026576
2186,65580,0.8236459484297282,0.05041170809963797,0.012492801276084917,0.016451107976079356
2187,65610,0.7946009749481047,0.06382343795218623,0.012986871076760513,0.019569145606428143
2188,65640,0.8063315656938717,0.05345916384057258,0.01253228328444894,0.024750434405584606
2189,65670,0.743984356397626,0.06318219549996099,0.019870168652851544,0.029568014397843508
2190,65700,0.722612035237102,0.10428413208992958,0.022231175912073128,0.03788322946554222
2191,65730,0.811971792270057,0.06722095730370914,0.015136458444017235,0.02509202443976963
2192,65760,0.7746563963453634,0.10422609448941163,0.019956319831288805,0.029442989808795256
2193,65790,0.8076163092187403,0.04918266360632621,0.013399618723873252,0.025483497788800148
2194,65820,0.7956426926898266,0.05865602939498211,0.016978303020357972,0.027486145638474277
2195,65850,0.8003632398722085,0.07143336704262422,0.016745567701333085,0.02640342812103756
2196,65880,0.8380742892562725,0.07704104085638222,0.014955086017478362,0.019242499248307843
2197,65910,0.7658630415027721,0.08895869080956381,0.014593746458367644,0.02025594273906406
2198,65940,0.7492899841395834,0.08394721405073033,0.01731420623742555,0.023682665941264194
2199,65970,0.7797318959659894,0.047414037250837385,0.010205486082968456,0.01500747539707737
2200,66000,0.8499287227435552,0.04562913875034632,0.010810760955106836,0.014620355427174048
2201,66030,0.799197142738493,0.06762534135887269,0.015397067488215763,0.020616723953826386
2202,66060,0.8218292620872494,0.06598406658981527,0.019049020459381647,0.033046937603479
2203,66090,0.7880151301052986,0.08496862099745325,0.018469898440392495,0.030483020457498382
2204,66120,0.8067150036678046,0.05050032428585996,0.01794339436506461,0.026265651118674672
2205,66150,0.795088258128617,0.047086487514244914,0.011262592125953581,0.016435511462441342
2206,66180,0.7928933374704625,0.05422187810930759,0.013937049879531815,0.02064236361731207
2207,66210,0.7590674777157272,0.07178062626023043,0.015241280365164105,0.03276730368864046
2208,66240,0.829589245049477,0.0697173280790773,0.015678221658428956,0.022233013229105567
2209,66270,0.678075453238176,0.07226356312403695,0.027306861432893806,0.04958026798761332
2210,66300,0.784724526966278,0.06276479321927568,0.016442395835732995,0.024218984461601447
2211,66330,0.765539207240801,0.07171379738980946,0.019068620691410593,0.038960927497177465
2212,66360,0.8012919164496464,0.05803084617750584,0.013627374142862816,0.025719048266378886
2213,66390,0.8263208609923183,0.07330655446598044,0.015784800701805733,0.01665180572550631
2214,66420,0.8099812180290791,0.08521344294549639,0.010894989148675325,0.013826649945412361
2215,66450,0.7799345279599528,0.06541337406718183,0.015175632847556098,0.015121938924924066
2216,66480,0.7757939904456486,0.0659480639067139,0.01614223027511155,0.02449096327321032
2217,66510,0.7923527991962255,0.07698805893638129,0.019380812283966587,0.026827906532801
2218,66540,0.8564064553310876,0.04465591003216705,0.009826335447480274,0.014576573469474297
2219,66570,0.8351472338812382,0.051785283428529824,0.009611607888622042,0.011641853122310617
2220,66600,0.7838056045822287,0.06715278816238927,0.015503022684067665,0.018242526339661128
2221,66630,0.7873210146280735,0.055983232527410734,0.015469645052543042,0.024504145739110965
2222,66660,0.8574125974554122,0.04858554740108153,0.01420813765141304,0.01742562764774483
2223,66690,0.7728722816388538,0.06485268171966174,0.02483025496996862,0.03264696767947713
2224,66720,0.7437957912728572,0.05331336876195627,0.026918326672266853,0.0538239491424509
2225,66750,0.7715488669230839,0.043912894607368705,0.016408181194202284,0.04402761404104162
2226,66780,0.7651269913937156,0.04435817407145397,0.01709659739383984,0.03647327927156617
2227,66810,0.7932552208908464,0.05593787492447959,0.014449332058057212,0.021500449152143247
2228,66840,0.8382032599143707,0.06860502858591233,0.011080290705135594,0.016088705949650794
2229,66870,0.7746943055674275,0.05990846362706816,0.016631611906282765,0.03267573738630599
2230,66900,0.7955477499252117,0.08196763635941562,0.019587750851595805,0.025354074325253
2231,66930,0.8113446407061428,0.044845983077371566,0.013376504900615982,0.025724833865573303
2232,66960,0.8331725753069582,0.04337901397108198,0.012308080234498964,0.016278524929179205
2233,66990,0.8263225679626351,0.04845710545431072,0.011982978197387717,0.019312254555917327
2234,67020,0.7667508216461073,0.10785504487204375,0.01772398048290219,0.02825617589775459
2235,67050,0.8454702490923228,0.042731402290374566,0.011854259049569873,0.01921138542378279
2236,67080,0.816969516081264,0.08406549541434387,0.016683698627553933,0.019396454250367314
2237,67110,0.7929480235157206,0.056102607494543995,0.013860037120392785,0.02704941763278631
2238,67140,0.6756735620904054,0.05780723956368568,0.028755830989555264,0.07385140139648176
2239,67170,0.6570112261549608,0.08487102722545678,0.03338555742963162,0.08912368507734134
2240,67200,0.760156342054914,0.06984312923064383,0.019835220714282252,0.03122883095535337
2241,67230,0.7792350544850887,0.05762189474403673,0.012214481508792471,0.03655719016824677
2242,67260,0.6901775963448381,0.054547497170334185,0.021794559623654747,0.061886973461333386
2243,67290,0.742689769045405,0.05781419518670389,0.022674863442486325,0.05630826109509644
2244,67320,0.7568179104984383,0.04204758314770533,0.013051958952539008,0.0283608396280566
2245,67350,0.8229655111571121,0.035324972977651206,0.009250687226603122,0.02382391070139872
2246,67380,0.8074235022059223,0.07457733182178908,0.010669278818282274,0.016271906299381172
2247,67410,0.8323477203458224,0.06339592063619998,0.012409745631776298,0.02076233053193085
2248,67440,0.7956941597229139,0.05023872812983905,0.01200025851259973,0.02445501296048276
2249,67470,0.7957833072484432,0.06696357787999431,0.01741523617552808,0.026318098132507996
2250,67500,0.7820296806951842,0.06141600011917926,0.015887674141188402,0.03123431058003039
2251,67530,0.7761364780804091,0.08052224154181548,0.019234618233081657,0.029105780370646255
2252,67560,0.8452867728207826,0.052132385437032976,0.01054117306858612,0.014990785844549367
2253,67590,0.7205180404498917,0.05722526916943648,0.017825421141195657,0.03520806444969557
2254,67620,0.7785304519217291,0.05743702541484187,0.01757296864679154,0.03088925098293873
2255,67650,0.7394533652884987,0.060909034296585944,0.019737908019747785,0.048423212654628706
2256,67680,0.7161972270848984,0.08809628529334004,0.02892646376040141,0.06273142721511396
2257,67710,0.7332296019420882,0.07215517828976839,0.021310334886873155,0.044330252671226
2258,67740,0.8109243963658646,0.05880171150191247,0.015391636274187794,0.025698074042911686
2259,67770,0.7408958537043565,0.05306850319084464,0.0154035634620256,0.037822006798600254
2260,67800,0.8023854048879987,0.06554823374919921,0.013396618821859198,0.022014157024262605
2261,67830,0.7739297630573833,0.0496352511108315,0.010807209428630926,0.027776245927896882
2262,67860,0.7287016819782113,0.06358510389564234,0.02198928931133756,0.054748410051847975
2263,67890,0.8014178406642378,0.06406722850829649,0.016598301958210375,0.03464405091174533
2264,67920,0.8162167614377541,0.05332376966204472,0.011849887985202224,0.019385041508282793
2265,67950,0.8180151888975299,0.06284445122267757,0.014332367490452195,0.023854345072042194
2266,67980,0.7988981105255868,0.07003758853369808,0.014989989401755716,0.024056432056780354
2267,68010,0.8388704934832367,0.05518349160278222,0.012099486120847417,0.01901563949658828
2268,68040,0.7612038271491784,0.05982325325052762,0.014816579006203734,0.022767422266203173
2269,68070,0.7390118906728803,0.05354994167254617,0.01639416754234364,0.03684844957856031
2270,68100,0.7999513979987171,0.05715458672821683,0.015834831299347887,0.03028964302946493
2271,68130,0.825426583469538,0.039244641364369316,0.011493798424901861,0.014086567040385778
2272,68160,0.8058651234608182,0.0448581788991245,0.013299775878045844,0.019725135219422135
2273,68190,0.7972873239683006,0.08211218478742388,0.018544258317874696,0.024184094277864932
2274,68220,0.7839660577964656,0.07930727013874522,0.014484581536808339,0.02663696372756409
2275,68250,0.7657955871811186,0.06768529399962224,0.015701418635980305,0.029213021997004363
2276,68280,0.776731983352994,0.07921305562578132,0.021404945567272276,0.03405591645607405
2277,68310,0.7609410927787337,0.06307478999074426,0.016174155315379878,0.03396507898249038
2278,68340,0.7818055294389556,0.07139734585082387,0.01884288573135301,0.037994058154731954
2279,68370,0.7908380287396939,0.06313064872109961,0.01502632661954829,0.02496838515287978
2280,68400,0.7666885451925399,0.0699802629410913,0.020555974492953395,0.03285011551218952
2281,68430,0.7548899958374867,0.06671835015259972,0.02373353413191509,0.04276024645684289
2282,68460,0.7706765621759692,0.04813065460298103,0.01945437865205322,0.044743666303921376
2283,68490,0.7904836771155058,0.055984457135367025,0.01858068479167045,0.03590183659072362
2284,68520,0.7541886139794252,0.07953972961349892,0.02117687241745774,0.039534629365085935
2285,68550,0.7786719320306353,0.04487631227986114,0.013643825470926742,0.020461063070858515
2286,68580,0.7678096613352587,0.057355137972801847,0.014102519482901062,0.02919086373246312
2287,68610,0.8091902086550513,0.04615919333226556,0.011230148907130432,0.020978652963540713
2288,68640,0.8261739313897835,0.04779374817062962,0.014323266838478706,0.023961873220582124
2289,68670,0.7868800280416721,0.052489425464237356,0.01779374024766854,0.03784971139913572
2290,68700,0.7475029521262363,0.0561388184687684,0.01336951894135602,0.023239763940604233
2291,68730,0.8138219039517582,0.053577509045690766,0.013770713879263739,0.018125935590604634
2292,68760,0.7912821965946851,0.04215593933736353,0.012106907618807474,0.0198725971840198
2293,68790,0.7668681874420094,0.06437772913585016,0.010894084994851425,0.020399793784029854
2294,68820,0.7738320247816427,0.03746349063885445,0.01210774123479642,0.02485068902256231
2295,68850,0.8091524398705466,0.048095656892324194,0.01336748611790272,0.0181240847961824
2296,68880,0.779920173219707,0.066549524693592,0.01985651951398518,0.03081653367160612
2297,68910,0.8118925627829601,0.03736195067495205,0.012729070156930273,0.028154781176800963
2298,68940,0.7979825246887675,0.05017136307601401,0.011701692466395576,0.02395825959723653
2299,68970,0.8302206260618568,0.046890592316191054,0.01163984693398515,0.02040623712417703
2300,69000,0.7731577811781936,0.054693044716703845,0.01727130086435702,0.03670529154052071
2301,69030,0.8383126285726108,0.043385750928974606,0.01304966314162656,0.02222437704286339
2302,69060,0.7734063601637958,0.060383494417531824,0.01480737557886189,0.03264567766632666
2303,69090,0.7433868537552916,0.06510621781553635,0.021607859530547623,0.04740670841212927
2304,69120,0.747997656982768,0.09154756885059735,0.020690272553256624,0.04126091602710181
2305,69150,0.7763600318085319,0.06887507487300966,0.014092330376010456,0.024112441579392487
2306,69180,0.7545066041143746,0.07342982985774689,0.016753157217469835,0.03192281670780827
2307,69210,0.7976584281733784,0.0835107247032588,0.01791261077827042,0.024027314481509084
2308,69240,0.8300768756785241,0.040612380025962215,0.015515252237222138,0.02152599804666089
2309,69270,0.7332994520039642,0.08478931499416194,0.02051828587059547,0.05180343083790631
2310,69300,0.780547889049698,0.05136397696444179,0.019339171640466613,0.0366084200167734
2311,69330,0.7483800647360915,0.04788600915567686,0.009161994700160816,0.022403787960301527
2312,69360,0.6942301720970389,0.07848189715417687,0.020329298556420055,0.04621020747710045
2313,69390,0.7719598702928869,0.06571287559885136,0.018133313550061245,0.029147137701072738
2314,69420,0.793453765635123,0.08150326913632605,0.014968775102658921,0.028138109917279594
2315,69450,0.8446886900627558,0.05274312325537711,0.009977647796301933,0.01347168080284059
2316,69480,0.80861506931945,0.06140196763365936,0.012990419843735921,0.019896002580211986
2317,69510,0.8444190270858799,0.054658190894177096,0.013888695760194726,0.021296369352161785
2318,69540,0.7635326273191443,0.07164928280764496,0.020983186017994013,0.039620481186591755
2319,69570,0.8324604614616614,0.04125816042016067,0.012742736989548436,0.03258775631379653
2320,69600,0.8189933304428955,0.04392795504422208,0.016216504844597,0.02688924364888695
2321,69630,0.826071817504843,0.03117336807370402,0.0072003094443065475,0.011946560558552585
2322,69660,0.8240797598068462,0.03852681579855609,0.009287022698446648,0.015709041467499553
2323,69690,0.7830652083357129,0.04408041164001416,0.011576525855034239,0.028673005298104882
2324,69720,0.8609638153680291,0.037464138691503016,0.010274704923388316,0.01763457788453882
2325,69750,0.8148819976828056,0.045514425954449475,0.01359868123418415,0.02544095771991036
2326,69780,0.8169220204361402,0.051511587632421224,0.01017744177502357,0.013812592420593104
2327,69810,0.7899316115713453,0.06784939406070196,0.012858843172878042,0.01671874508202051
2328,69840,0.83235459407993,0.04079694686394168,0.011766358172693057,0.018401214559690363
2329,69870,0.8362719978207814,0.04688218587381359,0.012352959267172963,0.016216440406187395
2330,69900,0.7999673630328575,0.05354049584350403,0.012516847576400827,0.020504865893982066
2331,69930,0.8185921979265451,0.0543084292553396,0.012619080111703972,0.0137260598257314
2332,69960,0.8024378969087168,0.06560609092428779,0.014988226026018986,0.024493979421113202
2333,69990,0.821158337446088,0.049025762611082865,0.009634449594741662,0.012362338542117638
2334,70020,0.755269644479499,0.053213293505578706,0.014921463677964307,0.023841322381315647
2335,70050,0.7901081299588402,0.08435953909817745,0.01444743289373953,0.02382725790148374
2336,70080,0.7791991037457732,0.048265397791683685,0.010841945825355423,0.018196707950350284
2337,70110,0.8224336354987549,0.08390019691148976,0.011955947615520374,0.015056563818090472
2338,70140,0.8001247441237378,0.07348449173223837,0.017350246955863038,0.021188642932178058
2339,70170,0.7350326790731792,0.09141786105949788,0.02317157398314679,0.036236456235696726
2340,70200,0.7763947752302562,0.03294747185257489,0.00861360144252809,0.016991109237448652
2341,70230,0.791768482582792,0.08104863303191427,0.015602664457258547,0.026129939757052908
2342,70260,0.7959484629148942,0.08035238038606599,0.016853830476957345,0.030048314025449777
2343,70290,0.7043023817846463,0.07425216665146385,0.024890202165688977,0.047000243155769346
2344,70320,0.7683845672146714,0.06128734720314952,0.014134890114898366,0.02398650585521065
2345,70350,0.7718604563061875,0.09911088135307045,0.021887425539205505,0.03378449567087837
2346,70380,0.7867985074497659,0.07402324283660346,0.01484970006754497,0.02068330599111764
2347,70410,0.750764761397311,0.06690066767673136,0.0159224868252538,0.025373335804103052
2348,70440,0.7959020650061627,0.07134061542928147,0.015739875779159977,0.020003012038387613
2349,70470,0.7582735352173311,0.07077810715756935,0.015368935226205846,0.025166162239015116
2350,70500,0.7877284028357815,0.04998028094480582,0.012231944163925852,0.018197767371193448
2351,70530,0.8094786296383187,0.07225226772400241,0.013052791068269792,0.022050560139794673
2352,70560,0.7768066756043586,0.05419465243049902,0.014154309964703876,0.01944775791223679
2353,70590,0.7958949492977228,0.08637219144117946,0.017839650572618094,0.021442865892321385
2354,70620,0.7828704464017477,0.09113545329592418,0.01716334573398453,0.024073716731296574
2355,70650,0.7910616717154592,0.06887507184788413,0.019435166070496994,0.03488861296466035
2356,70680,0.8203396619799556,0.05904272728445441,0.011279839234266991,0.01595492082575459
2357,70710,0.7532446603003508,0.04024853600151152,0.014308575572798372,0.025375341903423613
2358,70740,0.8381126994564344,0.05905663133890727,0.014001131796052684,0.023494874938789392
2359,70770,0.768969529051395,0.06905414968030013,0.01629549382784209,0.02134790956179235
2360,70800,0.8406363292404911,0.053282634264454475,0.009691012445456695,0.014236796693435848
2361,70830,0.8263637012926678,0.056365663348394254,0.010719624264895722,0.013825381038875678
2362,70860,0.8204348942176163,0.06345664899254741,0.015626843243052742,0.019204499734662643
2363,70890,0.8136095710127915,0.07220038228067084,0.015027133820296022,0.022182790449101288
2364,70920,0.822110479983388,0.06805866322883704,0.013426924375498812,0.014834081274061705
2365,70950,0.8015045410076966,0.053773043510557395,0.013456593830304179,0.0225221317511632
2366,70980,0.7811113425565042,0.06657104820258698,0.01655502658744066,0.03474241965261868
2367,71010,0.8126643126693038,0.04573026940916108,0.01228789509623212,0.016398002745176696
2368,71040,0.8301988198265289,0.05805601827705054,0.010850464955157154,0.013771709802436818
2369,71070,0.8454809743968213,0.045236581328340394,0.009748005216428587,0.018807507023648768
2370,71100,0.8134774806951924,0.04914675961097614,0.014162336850748415,0.018757410229925227
2371,71130,0.8193337584647652,0.04547530810079658,0.011239673342646538,0.013398066393712228
2372,71160,0.8005702251743285,0.05517385916348601,0.019002084778349426,0.03157454618023172
2373,71190,0.8195848787006221,0.059225172926384496,0.014435575958759337,0.018070308798961404
2374,71220,0.856818890757838,0.05568895119740114,0.011500912102003007,0.013140960194548548
2375,71250,0.8161012189894061,0.069339552856199,0.015499867549350732,0.02327647278821305
2376,71280,0.789998991351039,0.08425046405731523,0.016882480475116694,0.026803588431747495
2377,71310,0.7587572789739672,0.09233161230585213,0.01721276634285589,0.034349739433758686
2378,71340,0.8323006481400144,0.04714938903421915,0.010299139893144167,0.017670159643791237
2379,71370,0.7775232718913788,0.09427855207992478,0.01169270623779236,0.016916978309382595
2380,71400,0.7971396026187173,0.06528785952087657,0.013219199087771433,0.019520249346471896
2381,71430,0.7870218980531709,0.06823299126291886,0.013526588331864561,0.02363040269473981
2382,71460,0.7815264087768471,0.07841245286062959,0.020961413931407512,0.033882896554887264
2383,71490,0.8039495596994957,0.05101484470145329,0.010635100866056707,0.018358767889494094
2384,71520,0.7952655251716197,0.043628618248913204,0.010586919143185356,0.013886745738362289
2385,71550,0.7665429142621526,0.0816192790929288,0.018716990690039462,0.03228789721357978
2386,71580,0.8631681777458369,0.059303318178522024,0.013561098805400174,0.01711479492945539
2387,71610,0.7897935022596183,0.06765085950824337,0.019799106935220155,0.03290795842827964
2388,71640,0.7993954844793179,0.04548171438466219,0.01215503825929735,0.022668043954444748
2389,71670,0.6950117441175455,0.0879436478221661,0.025637180662675674,0.05066198854834989
2390,71700,0.7388738091096065,0.055750652576253175,0.017699249502455033,0.05297813338528597
2391,71730,0.7173715990364059,0.07424318223600412,0.01858418057108762,0.03682098239047198
2392,71760,0.7697229148820717,0.05662953112827965,0.015742609041927622,0.03203681476556915
2393,71790,0.7751554357309157,0.0461852443839481,0.011496593003488594,0.02114465182929607
2394,71820,0.7876893301071127,0.057524477178608965,0.012458561809638544,0.02695451378273336
2395,71850,0.7934301275564526,0.06173340232969709,0.013370594199019635,0.02296344857792328
2396,71880,0.7563550274611605,0.056497587312250665,0.018583085743045603,0.04500424798614323
2397,71910,0.7613303550217652,0.05198922185243196,0.016923123555541274,0.03812606855914142
2398,71940,0.6753058514989515,0.08300970089178275,0.029132169205146996,0.0711020864439398
2399,71970,0.774543709691398,0.06479302498110928,0.01774411499344674,0.04033194060202627
2400,72000,0.8480277804039063,0.036630004945649754,0.00961059690908914,0.017177436700215504
2401,72030,0.8023825237980698,0.05036748200216298,0.015301086321610346,0.02597472817088208
2402,72060,0.789162744743461,0.059608625013588754,0.017591463795543456,0.02670950283468352
2403,72090,0.8016023768277767,0.07370090474358225,0.01881726915590457,0.033560934000940526
2404,72120,0.797658097455623,0.055830522719118765,0.01242469904431734,0.021875294843973433
2405,72150,0.7931501941614173,0.03987640847445868,0.011977321661473785,0.026036345620418865
2406,72180,0.7687561326501543,0.05712131266503186,0.015645543682213187,0.03467856933155258
2407,72210,0.7684866610089464,0.05781708743216501,0.015319238015466653,0.040969406027169884
2408,72240,0.7977479889864029,0.05614937293587777,0.01844105850757024,0.0444876297023036
2409,72270,0.7869116783824406,0.04736656569233581,0.009338828119805204,0.021103293896543873
2410,72300,0.7858028763295622,0.05562794345225557,0.010828166004303683,0.018389271046156935
2411,72330,0.8097778010978577,0.053712220109114646,0.015963297825534885,0.025963198021124127
2412,72360,0.8365184145372536,0.052246052288546764,0.014081784671479027,0.023341834528041925
2413,72390,0.7598696440277609,0.058457323286161676,0.02744812314252048,0.047394952841335936
2414,72420,0.7802636599885959,0.06122056549804736,0.01808665958209626,0.03553031069199421
2415,72450,0.6849329592253921,0.07329054759575672,0.024909931076540985,0.05975000301590472
2416,72480,0.7655524806330988,0.05069216047994,0.013523702815096583,0.03327138272794348
2417,72510,0.8021741040264478,0.047791032183079354,0.011497257147784688,0.02071138986674742
2418,72540,0.7849662868797141,0.07032146417409788,0.014837572092001986,0.022460165436856524
2419,72570,0.7700343206765978,0.0685571129440899,0.01792582795927614,0.03183799558691163
2420,72600,0.8567872277874482,0.039632936266846046,0.00772479692282745,0.013385703380218626
2421,72630,0.8481817693596447,0.04821985964323514,0.011850226652417233,0.0196186686759788
2422,72660,0.8295100318951434,0.04456669543862301,0.00901315269331776,0.015644672785858633
2423,72690,0.8392568427389058,0.03556239942217054,0.0077136191663392615,0.012653102255043304
2424,72720,0.8128950735489117,0.05069254852681885,0.01634561640722509,0.02914006877317296
2425,72750,0.8171630109223822,0.05087482525545819,0.0094214136602547,0.014900201742446337
2426,72780,0.7687488757997664,0.0773793772030975,0.013811109768022998,0.02106897963567128
2427,72810,0.7532664112070586,0.06657420737300564,0.014735837378240925,0.021832518365988957
2428,72840,0.8107540505057069,0.05001982320609797,0.012668765905543694,0.020804447246802093
2429,72870,0.732139335599799,0.0689040358151147,0.016620705124773618,0.028379858131647583
2430,72900,0.8056626334144095,0.048234229621454926,0.011914300436313417,0.017316265704582213
2431,72930,0.8370918166487789,0.035140614553842625,0.008004808807070623,0.011310598888875364
2432,72960,0.751256969715032,0.09230192363983028,0.025937999849527094,0.03746872932212284
2433,72990,0.760505133951822,0.08950760511445932,0.022831565799203587,0.034001964913104366
2434,73020,0.7754690121500961,0.0627579072759236,0.020387177156388613,0.03955485555224487
2435,73050,0.7625800922556699,0.0783822852314937,0.01943469081603429,0.027680612693224967
2436,73080,0.7973229078790958,0.06303252324319313,0.014892511364284561,0.023149347387990554
2437,73110,0.7659220384349941,0.06877806906320981,0.016390617615153334,0.030387053402569746
2438,73140,0.7837288902531329,0.055792880502530284,0.012666520923453174,0.024845550936508216
2439,73170,0.8325042368038098,0.05214955127323973,0.01238229500179591,0.016352937551662883
2440,73200,0.8290895469819326,0.05289502943672574,0.014118305256063913,0.018260150641949045
2441,73230,0.7927925855018345,0.052410025373288316,0.01474349781880608,0.03529167184743017
2442,73260,0.7892441025055081,0.04376822730631121,0.011849892468417441,0.017644140098514706
2443,73290,0.79118248419037,0.06854074051758663,0.018756123388440883,0.025096141923297472
2444,73320,0.7621202710522723,0.08527941019390792,0.020095439165022592,0.03247872426377993
2445,73350,0.8333904065075562,0.034877293711789444,0.010285719134150516,0.014735626947763156
2446,73380,0.8079104045880651,0.05249327889049128,0.012059847117808038,0.016665050077249704
2447,73410,0.8162847478360837,0.0653273360815139,0.02239787394833668,0.029760443909375864
2448,73440,0.7947049280597348,0.05781297537354161,0.016015086707181905,0.020812120369726596
2449,73470,0.8131365812977377,0.04915644719872419,0.018049089249697003,0.032400502424800685
2450,73500,0.7894609287056781,0.07769419500536014,0.012406445232694654,0.019161747189180067
2451,73530,0.793782665813483,0.07463693521911477,0.015506773325535496,0.02577453072110204
2452,73560,0.7782008218024432,0.06100596457698099,0.01465912921716497,0.02873502690251274
2453,73590,0.7808960623305711,0.05968292575937947,0.013464898519002117,0.027819313905325296
2454,73620,0.8384786698289496,0.05175204786842597,0.01145560021795243,0.016214575099871825
2455,73650,0.7745868946032036,0.0660578395994964,0.013286391803236732,0.020161452543292675
2456,73680,0.7733733428838218,0.06881728874251677,0.01900989749188163,0.03630987990708887
2457,73710,0.8213745096182448,0.07272515416858988,0.015199067046132464,0.025419872277733964
2458,73740,0.749518117592548,0.07955248706528156,0.014048192257307093,0.02023720291217297
2459,73770,0.8093551423149391,0.06302888369020687,0.015736706825863762,0.02725150813200102
2460,73800,0.7405800054918572,0.08805901889793465,0.024741452962352296,0.04439705241102113
2461,73830,0.761911914083839,0.052122334079208986,0.020933641690712722,0.04739904027215432
2462,73860,0.7880383370694677,0.07241543118885245,0.017368782612148782,0.02537402947614692
2463,73890,0.7162083725141133,0.09653428513912728,0.01995489393881354,0.03649016323666688
2464,73920,0.7411956071708963,0.08357633164946832,0.020101486737199845,0.041117250407641824
2465,73950,0.7653073863944786,0.04586817599238815,0.011619521484039929,0.0206797227264338
2466,73980,0.7769046770073665,0.07675096173946855,0.014680551407341529,0.02225379958657897
2467,74010,0.7917453420530128,0.059341462328900745,0.021060364926305107,0.027319229952765842
2468,74040,0.8277941258933499,0.05831612918390997,0.011916596098051863,0.017930938694867293
2469,74070,0.8108543180867881,0.05526726814454234,0.014717774672789858,0.019208801088737838
2470,74100,0.7773275817615802,0.09575120666544275,0.020187134766968477,0.02516608081553929
2471,74130,0.7827056777566828,0.0796409518173758,0.016233036719985564,0.02427319853010301
2472,74160,0.8234151555713023,0.05692628483771672,0.010359269274503792,0.015002549373228492
2473,74190,0.7721448660006937,0.08070064896363287,0.01671215185667743,0.022002032807778307
2474,74220,0.7832910069287888,0.062254008456555654,0.0105574279841445,0.023320862936940166
2475,74250,0.7943857435142784,0.07654077320575862,0.01479550687926132,0.025695700381798015
2476,74280,0.8234031211973262,0.04905936769691191,0.010493819726637424,0.014908950204289863
2477,74310,0.7883000063499958,0.07777603513902336,0.01975175802716428,0.021399929075420786
2478,74340,0.7624898684032301,0.058762026441373606,0.011289381443824475,0.015763226985475588
2479,74370,0.7839208560746382,0.07137248173630405,0.017461420858697115,0.02917719666790997
2480,74400,0.8106364574406335,0.07807928435846433,0.018642085370976204,0.025356809687935227
2481,74430,0.7760105834791414,0.07020284583896233,0.011892566765638796,0.02244179239819984
2482,74460,0.8371741991759807,0.05029902450066429,0.014042170136496087,0.020815579861834303
2483,74490,0.8117992063114564,0.06938359843396419,0.014568326304117056,0.0201915281237666
2484,74520,0.8529779865248047,0.051256572496970666,0.010961299829374856,0.01777069108218185
2485,74550,0.7835415800263712,0.0600186848252121,0.015548924637663884,0.02728069063737991
2486,74580,0.7980666435469981,0.045718708539550304,0.012289308913874124,0.017779606725147983
2487,74610,0.800578958997559,0.07629388562345463,0.015221818773349067,0.023046582208922268
2488,74640,0.7983779467574451,0.05843685858460597,0.01468226952437028,0.024068173693376976
2489,74670,0.8296837145459037,0.050154314542314865,0.010957009879255955,0.02208744166067881
2490,74700,0.7921781606311605,0.051830843336268785,0.013760585937180537,0.02989234835183275
2491,74730,0.7693678455953866,0.06653284027226608,0.015458588087066273,0.023484265698736823
2492,74760,0.7426730330280005,0.09259443243217673,0.024543793926996252,0.027276552442668002
2493,74790,0.7485825538096368,0.12226157830340743,0.01750217496402396,0.023992472277557356
2494,74820,0.7838234762489354,0.06779128428851937,0.012609901156227206,0.020673569507559133
2495,74850,0.7803751378725102,0.05838015471505799,0.01872439150870382,0.02753962687639977
2496,74880,0.7910661505230646,0.0632207453927495,0.015070314485002715,0.02623024190834036
2497,74910,0.8115054564206424,0.07516443118397789,0.0183595450072609,0.025796355934023546
2498,74940,0.7845141884969724,0.07194989696328238,0.011147474665419963,0.013770194133717118
2499,74970,0.7905909704312688,0.07390597697438928,0.01643370589375468,0.021510425665287346
2500,75000,0.7976744942200688,0.05352236999820197,0.01090182300712719,0.015890943862743305
2501,75030,0.7785534106123909,0.04849988709621554,0.012473271125200198,0.020323370331964817
2502,75060,0.7751903701739549,0.06206465413787146,0.02244219116065899,0.0359311852187549
2503,75090,0.7757180307318042,0.049871959006698184,0.02168817203855494,0.034717493650723665
2504,75120,0.7665135093169576,0.07683019161115565,0.01568535137169194,0.025713847501957824
2505,75150,0.7847065354439129,0.07880060036299676,0.014537989645325574,0.02326457091407841
2506,75180,0.8123148857891136,0.05946541885578711,0.016875286835660527,0.02840511898777148
2507,75210,0.793066458992354,0.05861834716533014,0.017112664887925125,0.025654581336469428
2508,75240,0.7839182264524976,0.046352174953116214,0.011312205119724379,0.019184011747311398
2509,75270,0.769121996949728,0.07485898790891823,0.02526596549724712,0.04414298864962337
2510,75300,0.7718299028366906,0.06177384598977323,0.014479388708457872,0.02554144603771851
2511,75330,0.7591948018890206,0.034088926803133135,0.011253307167250868,0.014620260415280998
2512,75360,0.7498322488897812,0.06316039636615145,0.01777179305802434,0.03255373569943192
2513,75390,0.7953320407452793,0.048725299433281924,0.012675882165589389,0.01877588300763245
2514,75420,0.7747136157781789,0.0709614619413133,0.01405103120905652,0.0201194644721997
2515,75450,0.7761957032258036,0.06425758111193473,0.023007593252788262,0.03165976759845222
2516,75480,0.7708506160711125,0.05488699304080676,0.018031639245370414,0.03158016014759438
2517,75510,0.7982292178661925,0.06355550364159591,0.016634250449833122,0.026890863021882015
2518,75540,0.7822958203803719,0.06283994233343519,0.014374795679060122,0.02381333429569708
2519,75570,0.7568433499760603,0.04297183436733162,0.011665014743028914,0.022554104787935233
2520,75600,0.7906899971544824,0.05522974619137989,0.016131911046245888,0.028890724765270465
2521,75630,0.7574346516998116,0.05395008499940973,0.013126767934373711,0.022990076516771086
2522,75660,0.8118450112261262,0.05317329206086231,0.010822720509404136,0.01653655115986088
2523,75690,0.8616307220854172,0.06341454972610022,0.008872976689688386,0.016047921926957844
2524,75720,0.8144007750419214,0.05292066632289839,0.009385351076152206,0.013207176977289582
2525,75750,0.7500010363353747,0.04006849745052252,0.014616204273279183,0.024134488014330484
2526,75780,0.7408210699317058,0.06656832526465123,0.023711680599901606,0.030637099889551347
2527,75810,0.7507685946209178,0.10578263055792425,0.022860100487867106,0.03397305072945897
2528,75840,0.8235968337707092,0.045181050388275835,0.010082193654361709,0.015093237820165122
2529,75870,0.8466124594003295,0.043800382182155824,0.006539792988128921,0.00881397624355628
2530,75900,0.7794531608321246,0.06410643905948692,0.015121994878107716,0.019606136364241224
2531,75930,0.8036596608842087,0.06948768974590781,0.014334752894181587,0.018478773885717132
2532,75960,0.8229399155544664,0.04926600244567222,0.012911611716455544,0.01754517809964396
2533,75990,0.7817089650754189,0.06524783351305893,0.012816041719603722,0.01916432256909477
2534,76020,0.8260877107741078,0.038518364890150154,0.01652807849026267,0.03346698200649262
2535,76050,0.7663869354440462,0.07751468196982739,0.01982319317981549,0.036218106643683905
2536,76080,0.8183808956703921,0.06518397546307322,0.01850317551787615,0.025358625540620294
2537,76110,0.7231580167243395,0.11885868252473271,0.02482157264172641,0.03569021893503453
2538,76140,0.601277223127249,0.1149224822815017,0.04387392603995922,0.09097119160534971
2539,76170,0.6415173227046729,0.09618749888476746,0.0296165678446377,0.06040867813650657
2540,76200,0.7077223268089474,0.08927031307635622,0.03162273438920228,0.0637476715415235
2541,76230,0.7435428896032665,0.079419327267978,0.025166590939281232,0.051394654652315575
2542,76260,0.7414554179999713,0.07631210015748505,0.02483693905301769,0.05619555411822547
2543,76290,0.8055566852659913,0.06410017134006343,0.015630572325600656,0.02756496680152951
2544,76320,0.8337032413860751,0.04454247966303708,0.009540249943802955,0.01746603608226603
2545,76350,0.82036908511712,0.057140290189776934,0.011669115113944672,0.01988683452435839
2546,76380,0.7822042918400014,0.058333466267737714,0.016627091828246773,0.025165489570185995
2547,76410,0.8187403036573292,0.06416540517346997,0.014950535395176451,0.022953165617208234
2548,76440,0.7979737947283999,0.05969318470852581,0.014141793857950426,0.02163289748920975
2549,76470,0.7270553657796234,0.06786022318691157,0.01791990524871418,0.03456470772076655
2550,76500,0.8151975724376127,0.07132457134125886,0.015430448872040205,0.025359618713292936
2551,76530,0.7778559456786505,0.04341075482481462,0.013916506135146105,0.027378105327514807
2552,76560,0.7900069059220836,0.04207984223475671,0.012512351550370083,0.020015376368001433
2553,76590,0.8276983148011476,0.04136192203910195,0.013016600157017319,0.02055205173014626
2554,76620,0.8215327770234322,0.03959826205191461,0.013309924660497928,0.023667597250647068
2555,76650,0.8271449811887696,0.03838849736829682,0.011557320852012288,0.0269973227223662
2556,76680,0.8482499292111704,0.03717258294664441,0.010189255659672242,0.015083257825003957
2557,76710,0.8496055458591405,0.05254346135290045,0.011192367936668958,0.01852360166746605
2558,76740,0.8241920676180777,0.04679001068491755,0.010734942399598693,0.012675460149642062
2559,76770,0.8050386704454332,0.08646169769555122,0.01980337948566586,0.024136049901559337
2560,76800,0.8222171902225945,0.06966301423471823,0.012583417302893763,0.014642187931272817
2561,76830,0.8406069197939898,0.06124786150582785,0.011992591744972364,0.01706341390354261
2562,76860,0.743312985707169,0.08220713764898234,0.01771452881277446,0.028597114773259342
2563,76890,0.7853448908189018,0.05736561091693923,0.014692989123386313,0.02449025041442505
2564,76920,0.8044063785897849,0.05852105862541878,0.014102428274725754,0.023067791740672517
2565,76950,0.7896899669329815,0.07030488289387839,0.012772738585249,0.01957388634444826
2566,76980,0.8302574621194805,0.05794276526639554,0.014683668880359253,0.016518489750040118
2567,77010,0.8059298075249822,0.0541466783821229,0.01270379095183803,0.02072811924602155
2568,77040,0.8200784746080366,0.052075236063597284,0.014226927180739745,0.026668357932907654
2569,77070,0.8330754105804736,0.059707111345237804,0.01267900818426274,0.019344233673434654
2570,77100,0.7426701384026481,0.05315595167244796,0.017354980148882024,0.0230691702670577
2571,77130,0.7374811209489012,0.07327987466339361,0.025081743262544545,0.03255972236961172
2572,77160,0.7940758543560442,0.06622824708626333,0.01804182079966095,0.025132522228011277
2573,77190,0.7854859552766569,0.11418254946953565,0.01701871489521523,0.019785898990850644
2574,77220,0.8062873859043447,0.060365998808522565,0.010909196135524239,0.018612140975082125
2575,77250,0.7867192853099257,0.05268793832545474,0.013217094760915135,0.025688493968670737
2576,77280,0.8224687669836332,0.07460951307987568,0.014008962091565807,0.0233033292673302
2577,77310,0.7906103149470525,0.07210293033709538,0.017034775538873215,0.024121572215431025
2578,77340,0.7791004697602701,0.07225769125989256,0.020180677165765347,0.034598124778183095
2579,77370,0.8051566126473204,0.0626933532976764,0.01184006926965861,0.014969338329628705
2580,77400,0.7728096187048739,0.07443820326103845,0.020834065720695655,0.027461337058518553
2581,77430,0.7198703961013011,0.08950619289746722,0.020291467563703383,0.037196529938183016
2582,77460,0.7874917314975415,0.09589494673401733,0.022146241524994042,0.030343863088647515
2583,77490,0.8130552146188217,0.05362747625558992,0.012761121231023402,0.016780391380368978
2584,77520,0.7570313454021619,0.09266240932521366,0.023833146833371746,0.035375814516182186
2585,77550,0.8309582981868442,0.07953994586367436,0.016619913380663327,0.022324091020547537
2586,77580,0.7861904598213061,0.0864656973216468,0.016856109480387318,0.02877137794286702
2587,77610,0.7344663885392866,0.11824763795299635,0.02743586639316764,0.046182755135328296
2588,77640,0.8037383423854318,0.11126280653649155,0.017799282237113086,0.020551630314239636
2589,77670,0.7584469610249638,0.12093289394739284,0.018658605857739628,0.03385336248357191
2590,77700,0.8089329856512407,0.10239567172828855,0.013750851785631405,0.018381554400046372
2591,77730,0.8496044084852554,0.055640713282899,0.00903354997510061,0.011090130891642127
2592,77760,0.8172116401405258,0.07699117516381128,0.014338022174073475,0.019891741083106488
2593,77790,0.8089701831650545,0.0694947241603356,0.01332788072195263,0.016048752664654505
2594,77820,0.8180119991209909,0.06533814247599486,0.0126764815110243,0.018936640730496147
2595,77850,0.76281632157228,0.10511442359778679,0.01906153797431726,0.026434615736155728
2596,77880,0.7331669769754404,0.12133879160615436,0.021379199898618775,0.040333780481960284
2597,77910,0.7450987919686872,0.1231027693632931,0.01997350828895884,0.03735548289868653
2598,77940,0.736137493288708,0.1281059322433736,0.023885382695542464,0.04148538354274829
2599,77970,0.7815379822106115,0.08820281368922946,0.01988413801563137,0.029907584565245886
2600,78000,0.7381534586182884,0.11990829678361786,0.023841953498338803,0.029677638561290014
2601,78030,0.7610851408273545,0.10834199905939865,0.025336616104693104,0.036268820999679825
2602,78060,0.755686586164524,0.13018957035357595,0.01975695090440409,0.02996613849478895
2603,78090,0.8228328770097656,0.07018150065165639,0.013132992461542958,0.01878546196762817
2604,78120,0.8249277257540023,0.10031622885727237,0.012446347568551983,0.0153091829032208
2605,78150,0.7992101043252379,0.09386381219921705,0.017861977655209433,0.0252682400451668
2606,78180,0.7343478353488043,0.11214569478152821,0.0241373626673427,0.03846411975952518
2607,78210,0.7935853527431482,0.0918717015320779,0.016383405805576925,0.015735946831302996
2608,78240,0.8108756055585584,0.09213774246550148,0.014574324336725225,0.020926798288216857
2609,78270,0.7826953946163046,0.11339596775634578,0.018588868897253665,0.0217518722365538
2610,78300,0.7482311455110704,0.12209317318561762,0.022090376784187106,0.028605039883796448
2611,78330,0.7622992162450529,0.10118375310868934,0.02134895997286871,0.03387270109319449
2612,78360,0.8661959134540319,0.06344352427842401,0.013330330981268979,0.017746003196309004
2613,78390,0.8265005141018466,0.09337421236875874,0.01265161008119004,0.01932976578764879
2614,78420,0.760616946664449,0.11490763259196443,0.01907565776748949,0.024894831306493833
2615,78450,0.8040069363107837,0.06663616329809792,0.012288124776723268,0.01974926869910307
2616,78480,0.7208606753337649,0.14372017889491878,0.04302005340239685,0.03434031970254056
2617,78510,0.7414120964107699,0.13225653879587732,0.02245370740865219,0.03621292988289174
2618,78540,0.748034250248649,0.10844220581911293,0.020217193214536494,0.036182438969937517
2619,78570,0.7051555619301045,0.13495821229485544,0.02747678540028007,0.05078856065031124
2620,78600,0.7499408998027836,0.10880020444667388,0.021601685410836416,0.04170288319274803
2621,78630,0.8279992537107863,0.08347115587176125,0.016922749404422163,0.01697420386740556
2622,78660,0.7841983473476025,0.10046972481490257,0.017980127941266532,0.022939721428679664
2623,78690,0.7525411499683858,0.09340840667138842,0.02017262325586315,0.024786731687516397
2624,78720,0.74909445097168,0.12259007475067528,0.025923528229434552,0.028446986684220032
2625,78750,0.7834655918616913,0.08304582469444755,0.016337285155551235,0.020839409714535018
2626,78780,0.8238151981629263,0.08529157166533925,0.01389574988970344,0.019094675953162717
2627,78810,0.6457433725735091,0.12460034286941059,0.031027301003504006,0.060315411895643524
2628,78840,0.6888686250505933,0.1555903146674558,0.028849513738422095,0.0382339414353798
2629,78870,0.7726608516635946,0.09376445586869277,0.02376443918335746,0.032817733122967464
2630,78900,0.7940229654648313,0.07053214938845584,0.013136141078943194,0.017310327585556357
2631,78930,0.7790205789492903,0.10475015628691937,0.01922941203301674,0.02328745425656452
2632,78960,0.8060914379620099,0.08079149873880738,0.015077862566548212,0.01728012160418419
2633,78990,0.8263196477991893,0.0626239531119915,0.012367453991622247,0.013380140714076815
2634,79020,0.8205931392085428,0.0647396204622271,0.011022161001062255,0.01349780348509227
2635,79050,0.7751110421104224,0.0910593341362143,0.01621701440962599,0.0332171315897384
2636,79080,0.7584544832238901,0.13191976181066367,0.0189666180246066,0.019745889631091054
2637,79110,0.7608206983845881,0.05606889739685351,0.01608378503959336,0.03903533979027549
2638,79140,0.8104724287483782,0.07401215248125868,0.012837786343272744,0.02389051577725965
2639,79170,0.8184427169676536,0.054564420681065665,0.011725654922712051,0.019998196724085416
2640,79200,0.812527164847774,0.09461518604077553,0.015188847403687648,0.014164893852216138
2641,79230,0.8020186511169841,0.05758097992086523,0.009103780266095627,0.010404711578753984
2642,79260,0.8294570760497522,0.06847576700711361,0.0098408163810148,0.01489332654807347
2643,79290,0.7003384101476302,0.10804645462773797,0.02827914599999192,0.048633687958673025
2644,79320,0.6985834364450861,0.1266941903875761,0.028655969445052533,0.03852967565056765
2645,79350,0.7577702343276069,0.09190488233784903,0.023009742266774474,0.035617238434093645
2646,79380,0.793904813382108,0.07285241364384469,0.015382874985023077,0.023256262394804574
2647,79410,0.7104569428657265,0.1069623355134976,0.027008497617067848,0.035304348727249225
2648,79440,0.8442273013644395,0.058778292951568355,0.012963930765334546,0.019395930752656658
2649,79470,0.7517483511433928,0.09175557617837748,0.019602320927835856,0.025334389089302137
