start_sec,delta_power,theta_power,alpha_power,beta_power
0,0.8678621652907629,0.11199935697589594,0.010155710439449891,0.009982767293891338
30,0.8336521193411522,0.08863082265172244,0.024026499358912243,0.05369055864821342
60,0.9221765327277059,0.036598518300742997,0.019482358122548882,0.021742590849001965
90,0.8292218735609928,0.0829957741767126,0.058107559185671245,0.029674793076623417
120,0.7552609445576127,0.1476978871682636,0.06997933092931763,0.027061837344806244
150,0.7649393318947582,0.2028319956225629,0.017777192299089424,0.014451480183589518
180,0.8377180976963454,0.09718402060548777,0.01827704588568851,0.04682083581247835
210,0.9084754391469636,0.07414569155234392,0.007605874109678799,0.009772995191013647
240,0.7654236948278165,0.18683882669881055,0.02342279541934753,0.024314683054025534
270,0.8790071140061931,0.07502075420558775,0.015756659570623294,0.030215472217595844
300,0.9250547846366591,0.049697427133898936,0.01188622833544871,0.0133615598939933
330,0.9102059386077932,0.0633937199966465,0.010412679163257603,0.015987662232302673
360,0.8815661185195824,0.0906380221879153,0.012636171436001169,0.015159687856501135
390,0.8725607642965554,0.09229186606790704,0.014150960664454825,0.02099640897108239
420,0.8739878352831746,0.08716422538109585,0.014908286280592343,0.023939653055137136
450,0.8718324692131222,0.07807560116677886,0.0213018557019542,0.028790073918144636
480,0.8408335890470562,0.09938651836591819,0.024037357476604407,0.03574253511042114
510,0.8640460862246742,0.09267031645718729,0.01844759428907802,0.024836003029060222
540,0.8739701015158854,0.0897415713045169,0.01620300422185374,0.020085322957743776
570,0.8049961926663785,0.10433507535733094,0.027886036558451215,0.06278269541783932
600,0.8911472403483522,0.06078061604061374,0.017925101371240395,0.0301470422397936
630,0.8032478084214488,0.11511861916153193,0.03598514409699127,0.045648428320028
660,0.7996512848324958,0.0869056676546916,0.03963524921871101,0.07380779829410165
690,0.7716451461358983,0.1032464042862249,0.043521247107511894,0.08158720247036463
720,0.8554006364963445,0.09584796766126638,0.019488124045061003,0.029263271797328076
750,0.9130843358671968,0.056035504218033994,0.012451942803962559,0.018428217110806628
780,0.8901579579305622,0.06339453596823266,0.017208502186153184,0.02923900391505221
810,0.7738983968027463,0.11510105143284707,0.03676287922216184,0.07423767254224506
840,0.8718271107114303,0.07287838106579933,0.023082772962209185,0.03221173526056152
870,0.8917132792304266,0.07344189218940898,0.013506358713171835,0.021338469866992612
900,0.8784054300288106,0.06617702918165487,0.02017431208386014,0.035243228705674444
930,0.7043419593779396,0.1664604444801972,0.04682780984186131,0.08236978630000194
960,0.8603382470924861,0.08179312022607828,0.02133774203945146,0.03653089064198408
990,0.8427580461674273,0.08558768210874064,0.024770540203495166,0.04688373152033688
1020,0.851790091453158,0.09102034054987475,0.024435902865260845,0.0327536651317067
1050,0.9045853479699536,0.06185212217175726,0.014208244462764393,0.019354285395524768
1080,0.8852237138415914,0.058481834563502005,0.018918345262642168,0.037376106332264535
1110,0.8530763012014965,0.09293559161728136,0.02365262646462821,0.030335480716594
1140,0.7417742318263426,0.14060026546748997,0.0366030557921696,0.08102244691399758
1170,0.8428998572884739,0.09317778276598096,0.02163296912800506,0.0422893908175402
1200,0.9086316447115573,0.05605019194300715,0.015262502010781259,0.020055661334654213
1230,0.892969499166818,0.06521995873009188,0.017684325333848092,0.02412621676924205
1260,0.9154024079488682,0.05267776221107006,0.01142519005926113,0.020494639780800607
1290,0.8624037532631967,0.08138850378572897,0.019015522799260557,0.03719222015181378
1320,0.8839284761719367,0.05902826622271413,0.023253535717355587,0.03378972188799386
1350,0.8123405771242708,0.10741876664268095,0.028139683915147356,0.05210097231790082
1380,0.8201843676660627,0.08985319820518865,0.03592060423109504,0.05404182989765342
1410,0.8363248196017528,0.08730964746664849,0.02442037819340605,0.05194515473819263
1440,0.9004008196819586,0.05807853135773239,0.016801185765043376,0.024719463195265707
1470,0.8948997453590345,0.0662425752167593,0.017418624945127,0.021439054479078703
1500,0.8317403257900818,0.11049041932811625,0.0217775502868965,0.035991704594905444
1530,0.8864129827099982,0.06407835211157106,0.01961322974619853,0.02989543543223211
1560,0.8687535447967827,0.07516791995610884,0.020227194836086544,0.03585134041102215
1590,0.842776544602248,0.08797116407856304,0.024687496277803006,0.04456479504138583
1620,0.7980380279941264,0.0974177412379231,0.034361497399479614,0.0701827333684708
1650,0.8761114622846642,0.07343575447548172,0.015782043571648596,0.0346707396682057
1680,0.7911805217227987,0.10806471778914317,0.03193210602078349,0.06882265446727462
1710,0.5214904879687388,0.30171494473589655,0.07168931306918984,0.1051052542261749
1740,0.5464133259251116,0.24432296271401124,0.08744124784399998,0.12182246351687702
1770,0.8937495484212507,0.05979332585476909,0.017731027800851885,0.028726097923128285
1800,0.8337501074693855,0.09886891945805566,0.02671553928336645,0.04066543378919252
1830,0.8526267941694177,0.09387763492424038,0.02194033526581845,0.03155523564052349
1860,0.8125263545666158,0.09862792708091794,0.02864694255376712,0.060198775798699034
1890,0.8923511650547475,0.06107067732485527,0.018153062290852486,0.028425095329544636
1920,0.880219931084691,0.07229401180714982,0.015381260470259358,0.032104796637899606
1950,0.8472077053375404,0.08750480766713196,0.02251941840549171,0.04276806858983604
1980,0.8970186154212644,0.06487860221631259,0.014780838140897713,0.02332194422152527
2010,0.8890645210137158,0.07280474023577639,0.017856687608745345,0.020274051141762225
2040,0.8954814312031047,0.07870811821568313,0.013112831069054353,0.012697619512157785
2070,0.87402239442954,0.08674926941132961,0.015966081394598194,0.023262254764532284
2100,0.9044206121169396,0.06106913282576217,0.013646525158665513,0.0208637298986328
2130,0.9146576697648409,0.0450708086958192,0.017286731862447415,0.022984789676892776
2160,0.9031737561644594,0.06339282534024306,0.0133853424657279,0.020048076029569657
2190,0.8540196389634325,0.08895755016305167,0.023416325124144235,0.03360648574937156
2220,0.8835441344674839,0.07036513674421456,0.022108337119314255,0.023982391668987406
2250,0.7768477858707821,0.1446792605687096,0.028690115574108128,0.04978283798640034
2280,0.8408094435704792,0.09603586192027742,0.02848682562945539,0.03466786887978795
2310,0.8955321054799992,0.06662748404807704,0.01606275118332142,0.02177765928860242
2340,0.8812504776515585,0.06171171568042398,0.017570844792852064,0.03946696187516549
2370,0.7780661215295726,0.11056446455389142,0.03777245264446574,0.07359696127207017
2400,0.8291223013693021,0.09702892651255123,0.02552464505773695,0.04832412706041018
2430,0.8278994185946686,0.07747316642800399,0.03172417409701158,0.06290324088031586
2460,0.8899927599163827,0.05910154843542536,0.02060698630150745,0.03029870534668448
2490,0.8815303223949325,0.07313726102515462,0.016075944842996695,0.02925647173691619
2520,0.9180585069233943,0.051133380731663104,0.011862901129262197,0.018945211215680543
2550,0.866733573368939,0.08874961998008223,0.01771597759215131,0.026800829058827236
2580,0.9228075566890717,0.052112161457783544,0.010076789741455136,0.015003492111689791
2610,0.8781315116521664,0.07625769505560984,0.017697685550614652,0.027913107741609378
2640,0.8878083545843214,0.05471636171886586,0.016105172685160277,0.04137011101165226
2670,0.9154757277052481,0.0583300350364291,0.010481489294762709,0.015712747963559977
2700,0.8766904641067714,0.08345253054094619,0.01679184640654859,0.02306515894573372
2730,0.875613875446923,0.08357242441141048,0.017402917789951518,0.023410782351715023
2760,0.8922959489672755,0.07361423393289077,0.01587821792379963,0.018211599176034137
2790,0.8548299523511008,0.10223974749443007,0.018141985631953406,0.024788314522515516
2820,0.846643182473958,0.10619447314025822,0.019208849020229127,0.02795349536555457
2850,0.8899471761451417,0.07561561739442937,0.013423391931365656,0.021013814529063122
2880,0.8526645699543324,0.11208945147517926,0.01436525505138443,0.02088072351910392
2910,0.8613119851995087,0.09486884692875597,0.017181971305940687,0.026637196565794684
2940,0.8818647476799565,0.08232119418476862,0.015259974098794652,0.020554084036480205
2970,0.8545129118384005,0.10625721735081398,0.01725188064044362,0.021977990170341726
3000,0.9014796314386021,0.0723767004979257,0.011509505102533468,0.014634162960938687
3030,0.8165127010085718,0.1501067395916682,0.015064372523978006,0.018316186875781945
3060,0.8779492795481814,0.0887725438046864,0.013891842024175627,0.019386334622956608
3090,0.8754660862728042,0.08943872679909909,0.013939571777672381,0.021155615150424134
3120,0.9216666334524807,0.05249771425090565,0.011029056100317831,0.014806596196296037
3150,0.8915415872335178,0.05626245804306961,0.016192447924765027,0.03600350679864747
3180,0.9176173600723787,0.050636612553818044,0.010649647049918063,0.021096380323885187
3210,0.9044542794145332,0.07083944683217361,0.01059442102458781,0.014111852728705397
3240,0.8353716430732608,0.11340582761867553,0.022994960531120913,0.02822756877694271
3270,0.8520415870364682,0.10358952667570927,0.018809226699016763,0.025559659588805888
3300,0.7985455844120263,0.12946589482627202,0.026367565556958246,0.045620955204743616
3330,0.9144514850737601,0.05971466490194374,0.012203043480896455,0.013630806543399855
3360,0.9388775484583362,0.03988258700142698,0.009339951797607713,0.011899912742628945
3390,0.9343249385724428,0.04484993670699887,0.010560237960588472,0.010264886759969625
3420,0.928524360665356,0.040237014632715125,0.011530005207974446,0.01970861949395445
3450,0.8633687677422203,0.09906848811320296,0.020290199810583498,0.017272544333993285
3480,0.8026921086788746,0.13236669620608482,0.024399951052037263,0.04054124406300334
3510,0.8874802230350505,0.06928905868486011,0.015142363174937012,0.02808835510515245
3540,0.8887605243429795,0.06985842558757721,0.016233692257451388,0.025147357811991726
3570,0.8661854048711722,0.1013878422690588,0.015291537375039079,0.017135215484729665
3600,0.8351833711500133,0.09426556101325032,0.026952995868513307,0.04359807196822294
3630,0.8055308676353926,0.1189332204313229,0.02603955079197247,0.049496361141312194
3660,0.8683849100196277,0.09581194465233377,0.014401956560112717,0.021401188767925808
3690,0.867395913552118,0.08663493802707202,0.018690272651010646,0.027278875769799486
3720,0.8277572040349745,0.10443915994101007,0.024827621141869906,0.04297601488214553
3750,0.8447570778912799,0.10587708138404876,0.02183423462274481,0.02753160610192665
3780,0.8695878090612609,0.08698207297307697,0.01996691584790243,0.023463202117759607
3810,0.8431819594253506,0.11367554968161418,0.017408505676233567,0.025733985216801727
3840,0.9011793187752485,0.06745113566637216,0.012946036777607974,0.018423508780771432
3870,0.8548370908167087,0.10675214711296496,0.015151090532239937,0.023259671538086252
3900,0.8763371136021534,0.09507560367588559,0.0121680850431661,0.016419197678794843
3930,0.8539819981335606,0.09462519556949768,0.020044241241395016,0.031348565055546784
3960,0.8191163935634242,0.12529241696788146,0.01986456091723696,0.03572662855145727
3990,0.8166962452253682,0.10961639321096298,0.027553262922347554,0.0461340986413213
4020,0.8100435246761893,0.14479707421981758,0.019966897464188994,0.025192503639804135
4050,0.8921981002681602,0.06798076893194308,0.016041845121705856,0.02377928567819064
4080,0.8930705372573059,0.07565956178971618,0.014365040514375748,0.01690486043860222
4110,0.8088227973482419,0.13792888399546896,0.022826649289277978,0.03042166936701087
4140,0.8350953236504777,0.10721850559848102,0.024691842154046767,0.032994328596994665
4170,0.8396560930742831,0.08820877166630235,0.02973061655849516,0.0424045187009195
4200,0.8471726835714148,0.09796220455036161,0.021060722080128463,0.03380438979809508
4230,0.8353923329105684,0.09908631334741698,0.02398137406889653,0.041539979673118246
4260,0.8628403549147613,0.0982813410721098,0.014941847744658343,0.023936456268470605
4290,0.8835850683684497,0.07727768540792167,0.015212734549594507,0.02392451167403418
4320,0.8634007326555981,0.07942029787347338,0.021230246255024156,0.03594872321590447
4350,0.8938006946048878,0.06711871545847364,0.015026956253056447,0.024053633683581984
4380,0.8544589023067958,0.08889979725266733,0.02234602546347721,0.03429527497705955
4410,0.881187512021483,0.08101407753912447,0.015139281605613621,0.02265912883377873
4440,0.8424325968370594,0.1030669524052318,0.024454058855811273,0.030046391901897507
4470,0.8317590608427607,0.10483158310303077,0.021341245186330446,0.042068110867878046
4500,0.9176762379007303,0.04225875333077849,0.013860365343954911,0.026204643424536385
4530,0.8549643410295792,0.08812731078992089,0.02282540385195483,0.03408294432854508
4560,0.8410779996580295,0.08468590523090214,0.026987027466517967,0.047249067644550384
4590,0.7723579652744086,0.12462669690927947,0.030736249730576343,0.07227908808573577
4620,0.9063590434990256,0.05618923961687571,0.015489384725725242,0.021962332158373406
4650,0.8949006836116056,0.06486579361546675,0.014474932868107573,0.025758589904820002
4680,0.918408101501928,0.051378043666040686,0.011003990277021852,0.019209864555009133
4710,0.8745567287044991,0.08394843592884021,0.017024376289368235,0.024470459077292516
4740,0.8480781615152586,0.11121740482982635,0.018262954496166686,0.0224414791587484
4770,0.866379295020046,0.0931671286552126,0.017252149823488588,0.02320142650125275
4800,0.9090576422142719,0.056195210758321755,0.01365329971290316,0.02109384731450327
4830,0.8879061209367123,0.07633275108549467,0.01383232710416713,0.021928800873625916
4860,0.8787695409570583,0.06615514843618915,0.020502417469846074,0.03457289313690647
4890,0.8887404018909637,0.06322952580064443,0.015819324696360684,0.032210747612031056
4920,0.874803852568647,0.07821238542916949,0.018953214054043925,0.028030547948139372
4950,0.8806494069637577,0.08392239666770193,0.01467777036149291,0.02075042600704747
4980,0.8649055898409382,0.08818426649828645,0.01565243062896658,0.03125771303180884
5010,0.8295378109755066,0.1214240974894176,0.01958697922183329,0.029451112313242395
5040,0.8186162830040907,0.12105490797375341,0.02209189842977429,0.03823691059238129
5070,0.8470065926935411,0.11165469930357817,0.018595045446697652,0.022743662556183215
5100,0.8220148056118651,0.12281167721875243,0.022672301180452402,0.032501215988929744
5130,0.8282618709502728,0.12075649914057172,0.02319599209419752,0.027785637814958027
5160,0.7976326419553058,0.13312936674084885,0.03224617375103829,0.03699181755280701
5190,0.87580761163895,0.06990479371107916,0.021789166049367353,0.03249842860060331
5220,0.8589960461460195,0.10192332064343701,0.017517853985650134,0.021562779224893264
5250,0.8408818974333069,0.11693029625927101,0.01720715482308738,0.024980651484334655
5280,0.8919964238678434,0.07046257473822433,0.014828420636309944,0.02271258075762217
5310,0.890542433375174,0.07988208068531043,0.013845672445516238,0.015729813493999246
5340,0.8855236890227018,0.07062313463145502,0.02063557924953772,0.023217597096305345
5370,0.8496892752035214,0.08968252011373776,0.023210533890343586,0.0374176707923971
5400,0.8559690214622928,0.08264034504792697,0.023427515566650126,0.03796311792313024
5430,0.919979533005441,0.04197829875829698,0.012499953095607507,0.025542215140654658
5460,0.8923398404233261,0.064098263515533,0.01672338180099083,0.026838514260149673
5490,0.8873984309274106,0.0693854093730266,0.019045545925102065,0.024170613774460864
5520,0.8743247738084119,0.08030401366653743,0.01821378173992905,0.027157430785121405
5550,0.8823214411392161,0.07389927969619177,0.017766909835719682,0.02601236932887262
5580,0.9005387132881469,0.061573304888897146,0.019788740314509373,0.01809924150844623
5610,0.9083142145420674,0.06053126811084873,0.014284153162831858,0.016870364184251956
5640,0.8862099551052797,0.06388034118649334,0.020537295535306355,0.029372408172920885
5670,0.8701002771558386,0.08325134314116736,0.01989962770503036,0.02674875199796379
5700,0.897610999951055,0.06762687155474936,0.015280871932060017,0.019481256562135788
5730,0.921687755707469,0.049369679045923764,0.011892694678624029,0.017049870567983204
5760,0.9143606892298548,0.05590963248773053,0.00958344385841926,0.020146234423995515
5790,0.8843402082583726,0.08088738269361254,0.01615381160855708,0.018618597439457516
5820,0.9231695200214957,0.046490606169368585,0.010790067817403097,0.01954980599173277
5850,0.9371988206423674,0.04794973573908822,0.006538477302780894,0.00831296631576354
5880,0.8841450969824706,0.06821332929465196,0.01402500965703493,0.033616564065842444
5910,0.8657860950098208,0.08711106897911959,0.01851211718260791,0.02859071882845189
5940,0.8765472654089352,0.07992213747535319,0.017097784839892636,0.02643281227581886
5970,0.9155589509225441,0.05559236911600619,0.012769519412345713,0.016079160549104316
6000,0.9325633871176501,0.04736432867150664,0.008594539598601432,0.011477744612242024
6030,0.8799498620255203,0.08196783385041236,0.015438428077951946,0.022643876046115473
6060,0.9105425300626219,0.0531964722586062,0.012589388568276058,0.02367160911049582
6090,0.8901506302697215,0.06683722624923188,0.015722544095321624,0.02728959938572501
6120,0.8542055652423227,0.09620608350022146,0.020329457669567074,0.029258893587888614
6150,0.8442350921035874,0.0971972887802362,0.02557241033883264,0.03299520877734386
6180,0.8866714355659802,0.06973218816443484,0.017411537447147404,0.0261848388224375
6210,0.8682770335577465,0.08878285237050937,0.0165496200283779,0.026390494043366148
6240,0.8375399957852594,0.09450659759129666,0.026951330649866222,0.04100207597357766
6270,0.8587947789472342,0.09049569263749467,0.020865565079604048,0.02984396333566714
6300,0.8903584875133164,0.06858254338391966,0.015110720752842343,0.02594824834992182
6330,0.8845063475477669,0.08127619827700487,0.013398754958103321,0.020818699217125015
6360,0.888874951601316,0.07053770214235174,0.01383367392852252,0.026753672327809674
6390,0.8584446319046743,0.09420029098828896,0.016352556067735405,0.031002521039301248
6420,0.861651950727502,0.08394218925054521,0.021345639004219125,0.03306022101773407
6450,0.7722780494994858,0.12729596663188436,0.030087466519606424,0.07033851734902347
6480,0.8350239958913759,0.09385964376915183,0.02513115788993229,0.045985202449540304
6510,0.8655491945489163,0.08777049232469199,0.02034492733667148,0.026335385789720375
6540,0.8903486746908504,0.06867809449166219,0.016502411099310596,0.02447081971817682
6570,0.8744215828767046,0.07883498042977724,0.0167599093893117,0.0299835273042065
6600,0.8324970486472062,0.10760439482844364,0.026546162846570093,0.0333523936777802
6630,0.8479436163237539,0.10480069700259881,0.01756123290790517,0.029694453765742194
6660,0.8953849141282391,0.06228790261052138,0.013851535681109993,0.028475647580129302
6690,0.8084845196228911,0.09547393032237653,0.03363482142627424,0.06240672862845817
6720,0.8578110860988762,0.08673821999856299,0.01909767226205868,0.036353021640502005
6750,0.8797052764237223,0.08253068884439695,0.01585192561601321,0.02191210911586774
6780,0.8866791499629896,0.07678235626274492,0.012478701882539798,0.02405979189172587
6810,0.9145127362312064,0.05395676507169406,0.011995272411551945,0.019535226285547814
6840,0.8952621441399143,0.06238787999856004,0.015193193696614038,0.027156782164911634
6870,0.8485646430628709,0.1018742913415183,0.017891954753466194,0.03166911084214459
6900,0.8795245440177545,0.07795568492761162,0.01661137442476781,0.02590839662986604
6930,0.8903820100599811,0.0680925640145198,0.015702206789332637,0.02582321913616633
6960,0.8931555656335406,0.06492865362737042,0.016447533116732287,0.02546824762235689
6990,0.8328382884146107,0.1129551654658105,0.02334816395442058,0.030858382165157964
7020,0.8375542931854582,0.10149193699664913,0.024048097456548467,0.03690567236134412
7050,0.887168787665528,0.07487180730035749,0.014855780667615667,0.0231036243664991
7080,0.8935452478759891,0.06706672549539813,0.014360594111456187,0.02502743251715637
7110,0.8956350194795555,0.06562948161613644,0.013757588550230855,0.024977910354077325
7140,0.8428378695163031,0.09160430550751326,0.023650703417934942,0.04190712155824862
7170,0.8937164071615611,0.07667926919183306,0.011300030930641794,0.01830429271596418
7200,0.9109106513524892,0.05178836692966438,0.012517355996657825,0.024783625721188675
7230,0.9045489118727905,0.060354165355007705,0.013427733120172187,0.021669189652029533
7260,0.9111367831633015,0.04729893572533325,0.013378346794374413,0.028185934316991075
7290,0.95045495301028,0.03295268589761995,0.006909778176509839,0.009682582915590295
7320,0.9340658542408888,0.04407730488660277,0.008333407926852441,0.013523432945655863
7350,0.9090059322078311,0.044317630183491434,0.014785748228242045,0.031890689380435835
7380,0.9257250903486387,0.0446590983713769,0.01104859237602495,0.018567218903959553
7410,0.9278230072446235,0.04502111273491069,0.00932314102529735,0.017832738995168556
7440,0.9217360181963631,0.054599372012124,0.009937664486110607,0.01372694530540261
7470,0.9027879807244767,0.042477250667082724,0.01696005179380976,0.03777471681463071
7500,0.9362050210873316,0.03791188465138366,0.008389062308817178,0.017494031952467754
7530,0.9344916565794518,0.04113790928014745,0.009890796556165428,0.014479637584235403
7560,0.9449746777862409,0.0305955754177523,0.007806121176497812,0.016623625619509072
7590,0.8957781368850415,0.08046532152329755,0.011076627216389336,0.012679914375271693
7620,0.8840866439153188,0.06377428231145918,0.013556395361279552,0.03858267841194268
7650,0.858971846766185,0.0978053290063814,0.01671166653645504,0.026511157690978462
7680,0.9311507188716218,0.041013482831172315,0.009294085011664491,0.01854171328554138
7710,0.8410876204762863,0.09536467613884633,0.022754491402493818,0.04079321198237386
7740,0.9012172190798976,0.06416815720176937,0.013214902676462116,0.021399721041870805
7770,0.805611148909253,0.13150156218536496,0.025585003712067254,0.037302285193314716
7800,0.8589820306508887,0.08398639513369446,0.016914319008213705,0.04011725520720331
7830,0.854354497690265,0.07018038961447598,0.02501465537976441,0.05045045731549475
7860,0.8907731620705623,0.06959130378759193,0.014756831739338772,0.024878702402506867
7890,0.8892658986997317,0.06215421637734542,0.0171829199724978,0.03139696495042492
7920,0.882096280210619,0.07523800654670733,0.015834309981160227,0.026831403261513672
7950,0.921947348670211,0.04714555276804993,0.010920281230616469,0.019986817331122373
7980,0.9005797986198179,0.06597841237511497,0.013366511457571693,0.020075277547495114
8010,0.9072413675574169,0.0621771159836901,0.014649807495729866,0.015931708963163177
8040,0.89204738951213,0.07185453283956225,0.01626097477053304,0.019837102877774404
8070,0.9063827216865431,0.05541724454584928,0.015182424141725529,0.023017609625882028
8100,0.8271888989590395,0.11357353718195394,0.023312459492841248,0.03592510436616511
8130,0.9368905904017393,0.03498294346135138,0.009808113461166917,0.018318352675742472
8160,0.8913859347541367,0.06303398678038816,0.017118070636036514,0.028462007829438536
8190,0.9138296045515717,0.046635184737146174,0.01287306719993937,0.02666214351134285
8220,0.8857438153659225,0.0693376470520996,0.017548245870730343,0.02737029171124766
8250,0.9204566894787438,0.0451466424230858,0.013664861959547055,0.0207318061386232
8280,0.9222795244472018,0.04576066723913366,0.010105919642300065,0.021853888671364462
8310,0.8261052445537326,0.11195522013948299,0.02303906004287553,0.03890047526390895
8340,0.7879146791937638,0.12819417215968187,0.0378993549326736,0.04599179371388083
8370,0.9250718753180188,0.050678987138488264,0.01004651369903676,0.014202623844456516
8400,0.9136610845138076,0.05309409635691528,0.012354749740582843,0.020890069388694192
8430,0.9376854828757892,0.03815981729440222,0.01021253887269054,0.013942160957118165
8460,0.9317848958392732,0.04052673500082455,0.009551274506232258,0.01813709465366998
8490,0.9334388522803926,0.03710138453613295,0.009656843841426057,0.01980291934204855
8520,0.92732648646469,0.04915211268652959,0.011323869862825528,0.012197530985954837
8550,0.9074098842932301,0.06457792031110941,0.010794164981614878,0.01721803041404514
8580,0.9229822855250551,0.045430989022915313,0.011184517655257192,0.02040220779677223
8610,0.8841938968743945,0.07130419824161258,0.015270625971690582,0.02923127891230254
8640,0.8802424519392481,0.08656687496942947,0.014190810455529798,0.018999862635792345
8670,0.9107285145741091,0.05920605727986738,0.009033286456538435,0.021032141689485008
8700,0.9039637048845919,0.06382398756459885,0.01306350727056971,0.019148800280239384
8730,0.9036977470990507,0.057198418584442655,0.012482515493680308,0.02662131882282662
8760,0.9233774485656537,0.050680257776316795,0.008652365213966314,0.017289928444063345
8790,0.878225597566707,0.08177353550896953,0.017580364146534612,0.02242050277778892
8820,0.8867204609540583,0.06337351638076781,0.019019331561748256,0.03088669110342552
8850,0.8500007642940751,0.0919537323527364,0.024145127826810584,0.033900375526378285
8880,0.9332568383367519,0.042486981882510176,0.010294735160603525,0.013961444620134773
8910,0.9170742575713418,0.050106410697174794,0.013169755035788525,0.01964957669569501
8940,0.8854472474476842,0.07355150884333186,0.017064531503369697,0.023936712205614444
8970,0.8714505307117241,0.06379055214875717,0.021144068325171142,0.04361484881434764
9000,0.8178483751130328,0.09488292537141998,0.027726354267718547,0.059542345247828546
9030,0.8470734175895496,0.07564574740837691,0.025907884574733902,0.05137295042733957
9060,0.892804579608741,0.05096830136466971,0.01833497493415781,0.03789214409243124
9090,0.9174943571128364,0.054557920156015495,0.012881949336501358,0.01506577339464654
9120,0.889406787130588,0.07645806329774964,0.014474752921516534,0.019660396650145736
9150,0.888841385461896,0.07463209409578812,0.014981072120198924,0.021545448322117047
9180,0.8872379048725217,0.07404089897504579,0.016042131863053692,0.02267906428937894
9210,0.8664904299450656,0.08068101384237182,0.018366292527307232,0.03446226368525531
9240,0.8710966302923505,0.08638184871503532,0.017343350784260116,0.025178170208354
9270,0.8825749049527515,0.07677120890806102,0.015697182733481495,0.024956703405706104
9300,0.8965239598086016,0.06179178466496255,0.016949831867285426,0.024734423659150327
9330,0.8744130145293776,0.07992057389258356,0.01565426380119178,0.030012147776846933
9360,0.8926928970527149,0.07355150712341782,0.01378544503231988,0.019970150791547337
9390,0.8715240323241665,0.08258233647798248,0.017067445986696288,0.028826185211155073
9420,0.9067184148581282,0.05595858879671733,0.013736440275877441,0.023586556069277356
9450,0.8638374451265423,0.09225052381599064,0.019147921912457313,0.024764109145009816
9480,0.8721331278472513,0.07613685223703479,0.016361400636233276,0.03536861927948073
9510,0.9176974687740743,0.05405775144328508,0.008855100779901414,0.019389679002739465
9540,0.9018053985041118,0.060986177352594775,0.01466411277837373,0.02254431136491984
9570,0.8121767220181407,0.11329987940135951,0.02888335704916868,0.045640041531331096
9600,0.8788572699444807,0.07804643352948416,0.01622676635459069,0.026869530171444517
9630,0.71717789886959,0.19732089340812947,0.03897776547911173,0.046523442243168525
9660,0.806396924040625,0.13618190569747612,0.015417177044119884,0.042003993217778805
9690,0.8577658897215015,0.10153779698191807,0.01921786712120915,0.02147844617537116
9720,0.8705025476130068,0.07792690632774628,0.019566228587505532,0.032004317471741595
9750,0.797902420181459,0.11254883174860711,0.030622936773825424,0.05892581129610836
9780,0.865901603754805,0.08548708434209723,0.02101637813500109,0.027594933768096575
9810,0.9144876661012145,0.05118990410706119,0.012981892831986747,0.02134053695973791
9840,0.8454483925913056,0.08456817860455838,0.01963897088298694,0.05034445792114936
9870,0.8791971700740779,0.08355547193769407,0.015415416868729152,0.021831941119498877
9900,0.9040321315970298,0.06663318853030738,0.01257578377516867,0.016758896097494248
9930,0.8803968005235031,0.07195158034190433,0.018069955154767666,0.029581663979824563
9960,0.8941390680779211,0.059701523505528514,0.01712635761820043,0.02903305079834976
9990,0.8732235129609324,0.08305441722712127,0.018794764185136113,0.024927305626810427
10020,0.8792923591587104,0.07298088022251331,0.01950870070506821,0.028218059913707884
10050,0.8938720233547351,0.07734423064057572,0.011566496127237657,0.017217249877451685
10080,0.8948283717451443,0.07577116956340409,0.01251073603211655,0.016889722659334944
10110,0.8765235031105268,0.0691518474744515,0.017853262567527523,0.03647138684749447
10140,0.9067507957015131,0.05670130390864102,0.01252416092906935,0.02402373946077632
10170,0.8838008123578225,0.07224951053389436,0.015441833855665686,0.02850784325261751
10200,0.89835436557382,0.06437527868024268,0.014968211105395013,0.022302144640542254
10230,0.8675803949177634,0.0932822863452968,0.018036453423237515,0.021100865313702196
10260,0.8552722795166086,0.10731373730671441,0.017378201834167217,0.020035781342509842
10290,0.9082835878921194,0.060555059207818555,0.012941443511728244,0.018219909388333656
10320,0.9062480922703015,0.05283606646567298,0.015821872494952927,0.025093968769072383
10350,0.89820931909088,0.059102472152719576,0.016655404697034186,0.026032804059366216
10380,0.9169075062931497,0.048512792600972916,0.012213598023744911,0.02236610308213273
10410,0.8990002425527622,0.06888656136892066,0.011673614072298038,0.02043958200601908
10440,0.893781020285502,0.0637505451710919,0.01760452160567494,0.024863912937731308
10470,0.8670748509175943,0.0882779748058284,0.019185131873816354,0.025462042402761006
10500,0.8921245571260358,0.07320485174987652,0.013918431656961376,0.02075215946712622
10530,0.900923436577914,0.05811682390973733,0.016528488198242392,0.024431251314106155
10560,0.8723194613793798,0.08538645706536807,0.01600680461286785,0.026287276942384485
10590,0.8645913503858029,0.07441287709033681,0.02097906842270415,0.040016704101155924
10620,0.8573647419098609,0.09533409778939941,0.019507632190479664,0.02779352811026001
10650,0.9075487632024197,0.05659006052146108,0.014388548729028353,0.021472627547090502
10680,0.8879427062747295,0.07931277779277487,0.014507860609346085,0.018236655323149588
10710,0.8874016819711564,0.06753969704238807,0.016879716877819688,0.028178904108635765
10740,0.8881314900999361,0.07698820574984148,0.015300091987004372,0.01958021216321848
10770,0.8928842042853281,0.07611966807362272,0.012678868337183418,0.018317259303865775
10800,0.9014261107634446,0.06796589079119857,0.013728708143784598,0.01687929030157227
10830,0.8650413876262896,0.09085088820521135,0.015940967757959463,0.028166756410539374
10860,0.8815079675269822,0.07835384209554713,0.016986390566998476,0.023151799810472128
10890,0.9009046150792417,0.06500956484975763,0.01261703302944006,0.021468787041560522
10920,0.8947453182697764,0.06258260460524599,0.014021041634525548,0.028651035490452236
10950,0.873702851636883,0.07924351147922892,0.018755689312674295,0.028297947571213577
10980,0.8997845570781672,0.06380618937929877,0.01384375226037826,0.02256550128215571
11010,0.8971997894311043,0.06703982664778142,0.014024978742140492,0.021735405178973616
11040,0.8573977016618239,0.0671903287839461,0.02023937900886264,0.05517259054536719
11070,0.8673763756494534,0.08398712883649716,0.019908524628806688,0.02872797088524266
11100,0.8979344782564859,0.06887957071441565,0.012281316383119701,0.02090463464597875
11130,0.8968074921766878,0.0684632067697721,0.013280453046651333,0.02144884800688887
11160,0.8362791180341507,0.09056456336185595,0.024099852751245862,0.049056465852747436
11190,0.8810269233953548,0.0737120062772515,0.015225902583609814,0.030035167743783887
11220,0.895372725064004,0.06209905825189097,0.013104062339806443,0.029424154344298372
11250,0.8770463574580121,0.06353248779760043,0.01674351760945554,0.04267763713493182
11280,0.8821375893485731,0.07051529159082148,0.015290044136891534,0.0320570749237137
11310,0.8503865722216296,0.09518079259809842,0.020053925950874508,0.03437870922939763
11340,0.834077805727618,0.09250533712389757,0.02488236411634686,0.04853449303213742
11370,0.8990226654791985,0.05509013948606122,0.01320574379605433,0.032681451238685794
11400,0.9076107817348189,0.043724930316095284,0.011733722089251044,0.03693056585983516
11430,0.8970913258037271,0.06256681815004765,0.01363913198164124,0.026702724064583853
11460,0.9024480990432631,0.05939540603829863,0.011144868211301161,0.027011626707137134
11490,0.9013218751295456,0.05550311202058633,0.015019506198492325,0.028155506651375797
11520,0.9195408440733259,0.04904609717140025,0.012122104964409656,0.019290953790864446
11550,0.9410362531766984,0.03667311470190859,0.009772425864939129,0.012518206256453952
11580,0.9016656228634022,0.07281770533290195,0.011392563327140177,0.014124108476555727
11610,0.9304395390664133,0.04989652784184048,0.008100014057410175,0.011563919034336142
11640,0.9380709334209518,0.04078318234287792,0.008623435578408578,0.012522448657761627
11670,0.8889526174879825,0.07068451556042701,0.01449834802386036,0.025864518927730114
11700,0.8690293705439758,0.08669095133726719,0.017672699014839203,0.026606979103917867
11730,0.8878459979209934,0.07462864197611747,0.013540355582752378,0.023985004520136712
11760,0.8915700749282478,0.07312782436073305,0.013527526277374236,0.021774574433644823
11790,0.9036692848959372,0.06280315135851493,0.01417693341838777,0.019350630327160008
11820,0.9162534578177114,0.04977348132854228,0.014555210507032557,0.019417850346713828
11850,0.9101272085831326,0.0606933141089519,0.013166309447073305,0.016013167860842042
11880,0.9064406155165691,0.06001247177271847,0.01328101227345241,0.02026590043726019
11910,0.741475449791989,0.17676431647794433,0.02839682760108225,0.05336340612898446
11940,0.7951709359711158,0.11060966833263325,0.03281248983774859,0.06140690585850231
11970,0.9293890703612939,0.04255099946184036,0.009838781855133781,0.018221148321731974
12000,0.8697081111676519,0.08131967054017565,0.01971770494694934,0.02925451334522309
12030,0.8278120965228756,0.10254275677235268,0.025666798167611214,0.04397834853716053
12060,0.7863122488451595,0.1366748398288247,0.02861293698156355,0.048399974344451924
12090,0.8646946150802776,0.06764547322600842,0.02250817164662723,0.04515174004708658
12120,0.7477189626229349,0.14998969285075184,0.03193824961133794,0.07035309491497536
12150,0.8385119613716937,0.1112654917126328,0.019792683557922106,0.030429863357751403
12180,0.7820697946340645,0.13323639256769979,0.03084918722035911,0.05384462557787673
12210,0.8783988969319223,0.07084746148824503,0.01606272151119237,0.03469092006864055
12240,0.8591696386051675,0.08700269545767432,0.018742280978004067,0.035085384959154246
12270,0.856575068645859,0.08451589845145749,0.0205523451640794,0.038356687738604546
12300,0.7329214122089109,0.16401791806542546,0.03334380836495183,0.06971686136071181
12330,0.7764269555390854,0.16169961014765097,0.02355431107873313,0.03831912323453065
12360,0.6780890833466442,0.17780040106000644,0.045618681196487466,0.09849183439686196
12390,0.8747400595491146,0.06898424054490358,0.016295636439105768,0.03998006346687626
12420,0.8710558078417112,0.08507480513101569,0.015934639721195413,0.027934747306077444
12450,0.8851095508006269,0.056601150783284974,0.018103665897410505,0.04018563251867764
12480,0.765142261154826,0.14831844929794016,0.02889406975263299,0.057645219794600876
12510,0.7274921352167062,0.1793421511850972,0.029394614451544652,0.06377109914665213
12540,0.8191770069845142,0.11716244768631295,0.02196415097840889,0.041696394350764006
12570,0.7961600237213856,0.12227180923143782,0.028076019798793327,0.05349214724838325
12600,0.6848909947829463,0.1769000811234655,0.048409092491696434,0.08979983160189178
12630,0.8842652475672335,0.06163751762880664,0.015251204295088545,0.038846030508871456
12660,0.7758013524882564,0.16443443814871017,0.02079328118894551,0.03897092817408795
12690,0.8253897421877262,0.12121359075365186,0.020216812386261242,0.033179854672360676
12720,0.8772469755586623,0.06773970174173954,0.015793981943051837,0.039219340756546504
12750,0.7977296651043037,0.14360160149166895,0.023421104013025593,0.03524762939100165
12780,0.849081440764864,0.10379360804009244,0.017437044517936384,0.029687906677106995
12810,0.8623099088035071,0.08996847281324243,0.0168952393350238,0.030826379048226736
12840,0.8649823202804198,0.0763687842807837,0.020503651032884707,0.03814524440591179
12870,0.8088433236598873,0.11725771650126275,0.025270900874508735,0.048628058964341164
12900,0.8744797021593798,0.08396080672332419,0.013246898426108053,0.02831259269118795
12930,0.8888053025001384,0.06459533484091516,0.01770572644299397,0.028893636215952083
12960,0.8789572860634425,0.08941016646209167,0.01802773062971962,0.0136048168447464
12990,0.8735098709142564,0.0858800246727695,0.01685244225565239,0.02375766215732173
13020,0.8573183871122099,0.1074194627444993,0.013648855774531841,0.021613294368759098
13050,0.7807429887174826,0.15039565436211136,0.02508189019962129,0.04377946672078463
13080,0.6940407683840737,0.16936230231270752,0.03988957468041132,0.09670735462280738
13110,0.7464800289727355,0.16264416024238382,0.03778082996010753,0.053094980824773215
13140,0.8429042865662532,0.10981887345696185,0.019418233602802655,0.027858606373982395
13170,0.8622689966992326,0.10608031806841324,0.015033968393902988,0.016616716838451142
13200,0.8964406944287788,0.07838323576789051,0.012198825246756312,0.012977244556574298
13230,0.8655771982313927,0.08406191851277768,0.019429257577488687,0.030931625678340985
13260,0.8935403895064394,0.06600734312970213,0.016447223849253675,0.024005043514604547
13290,0.8415706846084341,0.11099125320017893,0.020880050817760364,0.02655801137362675
13320,0.8885315771461462,0.0710118480888253,0.016493382471539142,0.023963192293489456
13350,0.8670890951099431,0.07487817205377062,0.018490943268370696,0.03954178956791548
13380,0.7499106973611253,0.13499803388883383,0.03518051819901947,0.07991075055102133
13410,0.8714151227843321,0.07630596250548762,0.018596821577268784,0.033682093132911414
13440,0.819696604016893,0.10338812342842173,0.0312245138571366,0.045690758697548545
13470,0.8895325203483592,0.06868546056017517,0.018393506281918527,0.02338851280954709
13500,0.831946674815152,0.11470385757314117,0.021195661693527327,0.032153805918179554
13530,0.8444826683620255,0.09175200201318394,0.023702946272840815,0.04006238335194965
13560,0.8763007098944824,0.08512876381574692,0.015482192677162712,0.023088333612608047
13590,0.8929950761149679,0.07169237794703343,0.013731253088409228,0.021581292849589657
13620,0.7727967623957827,0.1538104000634721,0.02862130029477529,0.04477153724596997
13650,0.8826483565876844,0.08200695685172282,0.014976271667099823,0.020368414893492916
13680,0.8352397580544897,0.12053827783248984,0.018927322945685155,0.025294641167335333
13710,0.9031445990181443,0.058580391743222764,0.014510248939854814,0.02376476029877802
13740,0.9120992872429885,0.05218820521756937,0.012933687425197071,0.02277882011424476
13770,0.7970032496628041,0.13541376795859364,0.030299036585338605,0.03728394579326375
13800,0.745289081800767,0.1711765897834898,0.03379029869410133,0.04974402972164168
13830,0.7734604716487068,0.1481706577465646,0.02763213585200582,0.0507367347527229
13860,0.8679337845568625,0.08585950213993701,0.01663469879320665,0.029572014509994082
13890,0.85914134658451,0.07307525781010277,0.025158084922564727,0.04262531068282259
13920,0.8764289366653787,0.08174133967186328,0.015868925097706894,0.02596079856505128
13950,0.8837780990453202,0.06305103776978495,0.016452544832062807,0.03671831835283199
13980,0.8663362152924788,0.07655967101833717,0.021891708976964262,0.035212404712219814
14010,0.7222339635602674,0.15936934887843102,0.041958441555476546,0.07643824600582512
14040,0.8545267284659074,0.08501211744701004,0.019579587187050787,0.04088156690003183
14070,0.7856381711382568,0.13472680368132206,0.024791375248702383,0.054843649931718745
14100,0.8248138952771196,0.10782056323114787,0.01977557651665526,0.047589964975077205
14130,0.869106554982591,0.08641881028135594,0.018352971392939926,0.02612166334311276
14160,0.8341346362217492,0.11161666149655267,0.019067769770878797,0.0351809325108192
14190,0.8040022925741006,0.14267204387029458,0.016728536633048362,0.03659712692255634
14220,0.8058005477750886,0.12991118970101206,0.018030187610268783,0.04625807491363071
14250,0.8348933746377379,0.12628055508444036,0.01351814143348831,0.02530792884433346
14280,0.7908473648257681,0.13615927306808948,0.024348177843363288,0.048645184262779195
14310,0.9087030969992468,0.055899305253226735,0.0108564998103263,0.02454109793720025
14340,0.8962423307060089,0.06740224381196452,0.015975632105825303,0.020379793376201275
14370,0.934466966740992,0.046245279731885205,0.008977715401187891,0.010310038125934885
14400,0.8376677765942364,0.12243373317014446,0.013181352909324082,0.026717137326295035
14430,0.8706662603528112,0.08516687794130146,0.01625204072981099,0.02791482097607622
14460,0.8225325770750713,0.1069465620408063,0.02784647958672881,0.04267438129739358
14490,0.852810609364324,0.11333942183085585,0.012253193350352815,0.021596775454467296
14520,0.8493861497676276,0.10787407415137094,0.013040199749308326,0.02969957633169336
14550,0.9236783980147547,0.047807812518856,0.00941143831731,0.019102351149079242
14580,0.8627111748127687,0.09610253694100178,0.01586292417373183,0.025323364072497776
14610,0.8133108653471204,0.1283498407769828,0.024194829208911986,0.034144464666985036
14640,0.7547531169451677,0.17475555712808438,0.02330752727298082,0.047183798653767185
14670,0.8892902267448386,0.061796615198694005,0.01654551243538038,0.032367645621087106
14700,0.8847293639895518,0.07529321369152304,0.015981001522194324,0.02399642079673081
14730,0.9013050897474728,0.06239851003554044,0.014105523523515833,0.022190876693470803
14760,0.736736268019581,0.17659144995909348,0.029231596138503485,0.05744068588282186
14790,0.7928327931257053,0.11748167465005403,0.032135329895392424,0.05755020232884812
14820,0.7415426302717377,0.13353785261879586,0.048662906285119566,0.0762566108243467
14850,0.8097753182834808,0.12024773564771414,0.02947982506658192,0.040497121002223205
14880,0.8957773367259289,0.06828589401611297,0.013676404828367777,0.022260364429590188
14910,0.8636977703886154,0.08330747982135743,0.02127787257308046,0.03171687721694681
14940,0.8651125897932473,0.08509719342602806,0.019793018285685453,0.029997198495038856
14970,0.8661400981928283,0.0891190231050199,0.0166995384366655,0.02804134026548648
15000,0.8378565158405945,0.09227120900283967,0.021071195089258872,0.04880108006730691
15030,0.9272975700662714,0.04400781874407618,0.010296391454273707,0.018398219735378744
15060,0.8988144145761351,0.053400759517926555,0.014710176943307528,0.03307464896263082
15090,0.8801533210777696,0.06925732270747806,0.01761265296922641,0.032976703245526054
15120,0.8609094075888803,0.09454534422755201,0.015515849666643475,0.029029398516924414
15150,0.8890267374803139,0.08316935596543949,0.011491409548569297,0.016312497005677395
15180,0.8782483378789926,0.07526582662257003,0.018006238748273864,0.028479596750163434
15210,0.8788426024743398,0.08231235205393823,0.017119544758406383,0.021725500713315565
15240,0.8695575986788954,0.07891245016989688,0.019306514543269995,0.032223436607937805
15270,0.8621464535923733,0.08288911087628398,0.022077603878806324,0.032886831652536336
15300,0.8861398306850163,0.07598382218743423,0.016021819434243682,0.02185452769330565
15330,0.8877465257612664,0.06776847476972427,0.017300731048767,0.027184268420242123
15360,0.854497132449701,0.07572816790093594,0.023268518577381336,0.046506181071981345
15390,0.8860989983729916,0.06963167624201673,0.019313625141438005,0.0249557002435535
15420,0.9030699658532454,0.05487952086681073,0.016549626702260258,0.02550088657768352
15450,0.7983086890089349,0.13219907979241358,0.025197266498003117,0.0442949647006482
15480,0.9422089537089462,0.03511277463963259,0.008382714977589424,0.014295556673831571
15510,0.8853816588159179,0.0775333256246007,0.013264645376325837,0.02382037018315582
15540,0.8635808620075388,0.09841451318305927,0.01688994511819458,0.02111467969120714
15570,0.9090891231625964,0.07406105367358545,0.007438819510129584,0.009411003653688651
15600,0.9150693437544456,0.07024360502054977,0.00731853052603652,0.007368520698968196
15630,0.9353164862103043,0.046196188932065216,0.008672906244586689,0.00981441861304369
15660,0.8826988636636134,0.08537570631480479,0.015315265807294927,0.016610164214287047
15690,0.9239977031985568,0.05839126598435357,0.008088007359696748,0.009523023457393094
15720,0.8734619704814962,0.10055482418096065,0.01053318146403811,0.015450023873505145
15750,0.8397496303842115,0.1200281752530114,0.016564274247368345,0.02365792011540864
15780,0.8457522354390403,0.10274381382896201,0.02180242881349464,0.029701521918503164
15810,0.7959579508776677,0.15003848068298725,0.025890049965602534,0.028113518473742185
15840,0.8238522443313292,0.12530355916002597,0.019720591907424034,0.031123604601220912
15870,0.8195843857899542,0.09344375485356066,0.029575922093531697,0.057395937262953306
15900,0.8952749277747477,0.059053257790779044,0.014700848563871665,0.0309709658706015
15930,0.8696675226949845,0.05192637929437804,0.020170895209674453,0.058235202800963226
15960,0.8819288920985745,0.07802065837119644,0.01628409986859542,0.023766349661633636
15990,0.8808973123628121,0.06810643075388777,0.016735020842325487,0.03426123604097441
16020,0.8744766268252088,0.07322154595977613,0.01988589170914596,0.03241593550586927
16050,0.8525801628225815,0.09898712738193087,0.017808546653152527,0.030624163142335185
16080,0.9069303076036821,0.06360411418769983,0.013357444145885978,0.016108134062732194
16110,0.85984320745143,0.08517905813808582,0.017411015606925612,0.03756671880355864
16140,0.8714803484093646,0.08008239858636146,0.019323501807819967,0.029113751196453774
16170,0.8797356217500036,0.07546315203974054,0.016498278565700002,0.028302947644555848
16200,0.8322350575287953,0.1256074041869564,0.019141422380218192,0.023016115904030195
16230,0.8892425114212812,0.08133088734436503,0.012716505903413127,0.01671009533094057
16260,0.852825044463284,0.10156274922246773,0.015809733806916804,0.029802472507330997
16290,0.7884509846404568,0.15188852547083784,0.02732587363637824,0.032334616252327156
16320,0.7949204055947809,0.14020353451492548,0.027140790408121934,0.0377352694821714
16350,0.8309300224125947,0.12777504028528333,0.022738306795855274,0.018556630506266703
16380,0.8308528746520712,0.11557434267217007,0.024945713756300624,0.028627068919458272
16410,0.8380023281598872,0.09766802354037299,0.022686775847348652,0.04164287245239113
16440,0.8523056996515217,0.10732414356804626,0.016623156845520366,0.02374699993491188
16470,0.8090597896086538,0.1486972378054953,0.019957736710093873,0.022285235875757165
16500,0.794811820577356,0.15262220943740598,0.022341192002091573,0.030224777983146548
16530,0.8215597277051876,0.13663377477324526,0.018898442805993,0.02290805471557427
16560,0.8155962041537642,0.1333371647684856,0.020599223560033027,0.03046740751771704
16590,0.821704979889453,0.14552399649396922,0.014321880834379212,0.018449142782198658
16620,0.8496417709343985,0.1091008807740801,0.016358254643547784,0.0248990936479737
16650,0.8732666585562304,0.09574355728653035,0.012262973359633878,0.018726810797605364
16680,0.8257108717795113,0.11529335151155343,0.021397014921582694,0.037598761787352844
16710,0.8300051245419964,0.11989807625626545,0.01968754649394989,0.030409252707788274
16740,0.7964778613223602,0.1442181974556574,0.02292072398562965,0.03638321723635265
16770,0.8486121466146651,0.11467097168346456,0.01655914230949952,0.02015773939237101
16800,0.7575998236839362,0.18461459909261269,0.04049756916177834,0.017288008061672685
16830,0.8335971956284678,0.14274359878005222,0.014074863793516454,0.00958434179796363
16860,0.8230447572400862,0.12943602438622906,0.023737978659101207,0.023781239714583333
16890,0.8403687382361587,0.12894884074560517,0.01482142307427751,0.015860997943958642
16920,0.8385242591881087,0.1264334186884888,0.019873586560726218,0.015168735562676184
16950,0.8795980048900417,0.09743750785093859,0.010813953243025639,0.012150534015994184
16980,0.8417487108152069,0.12059927879367528,0.014510409487762697,0.023141600903355437
17010,0.8350361624113964,0.13191474783578672,0.015483623912444988,0.017565465840371632
17040,0.8155912844062645,0.12831849814768825,0.02445479053422869,0.031635426911818636
17070,0.8467455359257358,0.11230485019318766,0.015824231579199124,0.025125382301877268
17100,0.8600711912096013,0.10273354684131757,0.016277173179979714,0.020918088769101287
17130,0.8581193152134162,0.1122254818179481,0.010713337710403939,0.01894186525823169
17160,0.841610415941062,0.12377034271230626,0.015484473547736391,0.019134767798895405
17190,0.8246617281888813,0.12857205226319243,0.02108616295603612,0.025680056591890165
17220,0.8400499257801799,0.12427996898033973,0.017139895464226815,0.01853020977525363
17250,0.8111919863785727,0.12739246950445673,0.03521870408996856,0.026196840027002257
17280,0.8721244861446528,0.10024856021214879,0.013937772615209848,0.013689181027988693
17310,0.8599443497422434,0.10482546421681153,0.014884934555883812,0.020345251485061288
17340,0.8285773794807689,0.13192257020829812,0.018032623681605253,0.021467426629327876
17370,0.8175113212070925,0.1274194559058605,0.020336105097803255,0.03473311778924379
17400,0.8534311008680848,0.1075605504322889,0.01684226454176076,0.022166084157865477
17430,0.8254364110108152,0.12909562075157277,0.017712828074056726,0.02775514016355526
17460,0.816414175584664,0.1403922279600083,0.0182582650035956,0.024935331451732105
17490,0.7980875289835165,0.15299659450860176,0.02171954117581991,0.027196335332061807
17520,0.8346958017213951,0.12210087177448208,0.018132192642238084,0.025071133861884785
17550,0.8185359008698991,0.1418836732583124,0.019448503840207895,0.02013192203158064
17580,0.7975997415756024,0.15694004363207312,0.018140417419012768,0.02731979737331175
17610,0.8333092617621759,0.1207499054140282,0.018945955054764554,0.026994877769031537
17640,0.8523884550922411,0.1047789346350069,0.017358549696268086,0.025474060576483947
17670,0.9021005659714784,0.07429806468353448,0.010284181469110497,0.013317187875876619
17700,0.884769916519287,0.08395439831795276,0.012905593353221395,0.018370091809538674
17730,0.8304009520756355,0.11700280329543784,0.019702720613456293,0.03289352401547028
17760,0.8193886066733482,0.11990629800164844,0.025141781455237586,0.03556331386976601
17790,0.8689550093584654,0.0875239214986081,0.016759535669841653,0.026761533473084718
17820,0.7738152599173458,0.14426087510680957,0.03402509056075001,0.04789877441509476
17850,0.8117542510430649,0.1189264445380106,0.022992865769265222,0.046326438649659456
17880,0.782054700477672,0.15642194334991513,0.02345316041947025,0.03807019575294256
17910,0.7788781189816277,0.15721144999445041,0.031008465980268067,0.032901965043653746
17940,0.8679416966331329,0.0978137361006467,0.015544268900173523,0.018700298366046895
17970,0.8253132946853026,0.12929251197259936,0.019135295716997847,0.02625889762510034
18000,0.8340195942208515,0.11712072619386864,0.02448931689605362,0.024370362689226294
18030,0.8221981211142347,0.1225804030142861,0.021919723896043422,0.033301751975435875
18060,0.8325605618999704,0.11119380707456113,0.023142119239930585,0.03310351178553791
18090,0.8384948387634337,0.11949297687006262,0.020465421647693043,0.021546762718810474
18120,0.8328186267236352,0.13219159837832936,0.016705157728087405,0.018284617169947823
18150,0.8549621473021876,0.11214773259049919,0.01455926127115162,0.018330858836161562
18180,0.841126138750349,0.1157095903709301,0.01932433083331668,0.023839940045404465
18210,0.8144115390305354,0.14194073268669172,0.021223173959679466,0.022424554323093582
18240,0.8231868604440948,0.14021498090647336,0.01773451494113175,0.018863643708299897
18270,0.7870428613127185,0.15869429256825682,0.02287893825438347,0.031383907864641465
18300,0.8057852605736606,0.11661687367602379,0.02685740347193385,0.050740462278381755
18330,0.8797060698596686,0.06993087628783996,0.019951036598228028,0.030412017254263266
18360,0.9249967655631299,0.036472740470618464,0.011640325882498219,0.02689016808375331
18390,0.903427680476073,0.0619311874752052,0.01249982970431605,0.022141302344405582
18420,0.8936716192862844,0.06839155892865693,0.012061923826551583,0.025874897958507156
18450,0.8710981959996111,0.07301504914660849,0.020205620180146874,0.03568113467363364
18480,0.8744435985974409,0.08108266558808942,0.018821320820970194,0.025652414993499385
18510,0.8428151585287361,0.10337057372759569,0.018146615900708072,0.03566765184296003
18540,0.8640683825304994,0.08103460744498048,0.02063622626942532,0.03426078375509479
18570,0.8271354341846924,0.11572667538445576,0.021547060163365685,0.03559083026748601
18600,0.8828210966424643,0.05340156008855355,0.018951573593700113,0.04482576967528199
18630,0.86531357494059,0.08863723153059927,0.017923058406993757,0.028126135121816984
18660,0.8460140608310814,0.10324938205673533,0.021012677549397233,0.02972387956278596
18690,0.8663491882932023,0.07539812239188522,0.02296305959343202,0.035289629721480524
18720,0.8592212107302671,0.08652011366875438,0.021205298746536178,0.03305337685444231
18750,0.855721314774692,0.08510639267914497,0.02342354908826405,0.03574874345789916
18780,0.8799006019665484,0.08111775122096787,0.013250118415259856,0.02573152839722391
18810,0.8616408836071225,0.08926437639407134,0.019056701784459448,0.030038038214346488
18840,0.8726848356293145,0.08120048507275109,0.017222560353121415,0.02889211894481294
18870,0.9156708789012026,0.04109423923647195,0.014818219541087033,0.028416662321238368
18900,0.9428331960027557,0.03955034743689079,0.0067562050341818175,0.010860251526171611
18930,0.9203452535560767,0.04196946515411484,0.012073954634066622,0.025611326655742037
18960,0.9000362561687574,0.051752417346964105,0.013343277634840897,0.03486804884943775
18990,0.9418702679979802,0.03223998577375571,0.009557655963199583,0.016332090265064422
19020,0.9146506619522489,0.04677869365775316,0.011062986381321084,0.027507658008676907
19050,0.8542397536234682,0.061661316569717496,0.022741351501958607,0.06135757830485601
19080,0.846460587526642,0.10055104177039444,0.021683558734402107,0.0313048119685612
19110,0.8764041256382887,0.09345869631327341,0.01403247973515746,0.01610469831328041
19140,0.7955614642974761,0.15192950075321973,0.02208387282681793,0.030425162122486096
19170,0.8096001034751062,0.12935559214475062,0.02403206864112769,0.0370122357390152
19200,0.8998154804681943,0.06686586453889266,0.010646690205787922,0.02267196478712499
19230,0.8677941509676985,0.09630264275670447,0.01739137357525009,0.018511832700346873
19260,0.8399677159968594,0.10770032392237927,0.02069529550900125,0.03163666457176044
19290,0.7812484669937895,0.12096509537914718,0.03163029360514188,0.06615614402192121
19320,0.7452397629664705,0.12848328602154963,0.035317918655038485,0.09095903235694154
19350,0.7883028646604159,0.11092991300141296,0.027991987915582092,0.07277523442258914
19380,0.8442884326573656,0.1002106310958752,0.02184487977908341,0.03365605646767555
19410,0.7656546579172656,0.14441287566106245,0.03415986824728392,0.055772598174388094
19440,0.7040716594233538,0.20339934875077129,0.030008950572043298,0.06252004125383159
19470,0.7449212800860452,0.18684222167139283,0.01963464252033604,0.04860185572222584
19500,0.7783582039834124,0.14451759595822733,0.023286800176956432,0.05383739988140406
19530,0.7627356299635466,0.16067673561194556,0.031385002649570226,0.04520263177493753
19560,0.664796047516796,0.22771637928212488,0.03949474687756668,0.06799282632351236
19590,0.7109259144279491,0.20254811080669732,0.03369240822121939,0.05283356654413439
19620,0.6994356491205432,0.196515903604185,0.03658957267614136,0.06745887459913022
19650,0.7748289800175616,0.12436204864074117,0.028195424721587037,0.07261354662011034
19680,0.8575675719872784,0.07690688491963801,0.01829570924944999,0.047229833843633454
19710,0.8260861409243394,0.09802355719077341,0.02267199981795414,0.05321830206693304
19740,0.8062000330614375,0.11079020124609043,0.02409881645735407,0.058910949235117964
19770,0.7490335679616708,0.1481141242724197,0.03366550936212389,0.06918679840378557
19800,0.8165442667987683,0.10195443921594312,0.023921602734612333,0.05757969125067631
19830,0.7822113696253582,0.09158487474680836,0.029922854618840106,0.09628090100899328
19860,0.8121918026533045,0.1240911797024459,0.019928388332887716,0.04378862931136199
19890,0.8104112058173267,0.09433350884377341,0.02925505489339695,0.06600023044550293
19920,0.7827543988388067,0.13918878412799482,0.023513367680527864,0.05454344935267061
19950,0.857090417025222,0.09762664100746841,0.016335918729406217,0.02894702323790331
19980,0.8563280967240545,0.10173879331411897,0.015659116092002115,0.026273993869824375
20010,0.8482753054116478,0.12083789010839723,0.01568371874229873,0.015203085737656396
20040,0.8781857774442406,0.08126123925809633,0.014228279824259123,0.02632470347340383
20070,0.8121461985947431,0.13913261187632345,0.022503104583921355,0.026218084945011964
20100,0.8290613292363279,0.11607882967076025,0.020877345579493133,0.03398249551341894
20130,0.8591212737087448,0.10686820767000689,0.013229718958461692,0.020780799662786415
20160,0.8595326943222305,0.09010698405037627,0.018927544560911804,0.03143277706648128
20190,0.8325287577998198,0.07532735900849506,0.02093501376663172,0.0712088694250535
20220,0.8279207867652485,0.12365959101600729,0.02009198532450108,0.02832763689424315
20250,0.8636108433824903,0.10239750538555545,0.015999693832336258,0.017991957399617942
20280,0.8497312897972021,0.11210236724988781,0.015235218180328625,0.02293112477258121
20310,0.8850067045285197,0.08371669276259631,0.013232104714500504,0.018044497994383648
20340,0.8577553471370811,0.09965343633223495,0.019608969371342433,0.022982247159341367
20370,0.8255113218295954,0.12765909800017997,0.020691917079644982,0.026137663090579875
20400,0.844401313266284,0.11552576567373911,0.01751047888290191,0.02256244217707476
20430,0.8854553355426897,0.08545245630900773,0.01141624316665055,0.017675964981651856
20460,0.8696414327973121,0.09359013627737232,0.014405442419690502,0.02236298850562505
20490,0.8478601117411114,0.09105913750282615,0.02113164267941845,0.03994910807664416
20520,0.7324718427433017,0.16759880419692996,0.03756355227569766,0.062365800784070655
20550,0.8532966695131986,0.0876330025131251,0.017470514640965874,0.04159981333271057
20580,0.850487846084036,0.08795788425967056,0.02063847944876343,0.040915790207529876
20610,0.8665388270874609,0.09072815006432873,0.01395424821107748,0.028778774637132857
20640,0.8053592311119899,0.1114876680546166,0.02511264576328177,0.05804045507011156
20670,0.7662013917504982,0.14334959399030242,0.031576731775174616,0.058872282484025026
20700,0.8490723296844599,0.09024974841954479,0.01639745726756636,0.044280464628429016
20730,0.782113222990318,0.12357965667078213,0.02570286861572178,0.06860425172317816
20760,0.8192685236122682,0.10140981213553338,0.025792585984230815,0.05352907826796762
20790,0.8620579556222815,0.09525230756346845,0.017898040428567765,0.0247916963856822
20820,0.8178511934499897,0.11755457416050256,0.02114590125515019,0.0434483311343575
20850,0.7338719359082646,0.17585600907701707,0.03127345046722004,0.05899860454749829
20880,0.8380497624251452,0.13002106427170795,0.016061835997326794,0.015867337305820108
20910,0.8405363301056433,0.11700267294611462,0.01880066539913364,0.02366033154910842
20940,0.8410222802143829,0.11084946506635882,0.01674873361991637,0.03137952109934184
20970,0.8444770775585194,0.11146338089596113,0.0195326225458054,0.024526918999713803
21000,0.7639486048677411,0.1710746360799655,0.0278052424921628,0.037171516560130596
21030,0.8068647969234418,0.1321186759417964,0.02222595673916271,0.038790570395598946
21060,0.8555379919806877,0.100904237507398,0.01845403618825704,0.02510373432365735
21090,0.8308626254747705,0.10355243036306132,0.02104118386898641,0.044543760293181675
21120,0.7835347762148188,0.1460322873008198,0.02937311283304894,0.04105982365131236
21150,0.7946538628013996,0.13482946860226994,0.025749163203635208,0.0447675053926952
21180,0.7728596055266352,0.17010294334163875,0.0238117427282509,0.03322570840347528
21210,0.7775286888621347,0.1560579851873486,0.0218278071042893,0.04458551884622748
21240,0.8072439264901237,0.11263882969147526,0.02303921748132139,0.05707802633707971
21270,0.7357856913974963,0.18385928604993695,0.029131424091200606,0.05122359846136617
21300,0.8223033979737102,0.1261235608277814,0.01751578590225148,0.03405725529625684
21330,0.849619827769206,0.08752868634932286,0.017963851170386562,0.044887634711084784
21360,0.7980017103868778,0.09662441023404786,0.025268028913350078,0.08010585046572431
21390,0.7870654451352399,0.14561043959983663,0.024739033685388153,0.042585081579535285
21420,0.762873770939165,0.18535963919700044,0.024724127081686045,0.02704246278214859
21450,0.7534077968392388,0.16953099676268912,0.02883894191809708,0.04822226447997486
21480,0.8112274216270734,0.14094260301207454,0.021292627731131303,0.026537347629721163
21510,0.8187592684624783,0.12531924842800954,0.0207914145600175,0.03513006854949473
21540,0.822382858929951,0.11715122416088677,0.017630606020658895,0.04283531088850343
21570,0.8619519391684376,0.09771636206706305,0.013791378529721747,0.026540320234777964
21600,0.8157188013970489,0.13876007167153434,0.01999347080803527,0.025527656123381853
21630,0.8963902148010112,0.07847840290357949,0.010940182587205366,0.014191199708203999
21660,0.7927041553267352,0.15076336116226013,0.023926400983835416,0.0326060825271692
21690,0.7136217763063862,0.22644957032589005,0.027109830737341082,0.03281882263038266
21720,0.7576791145118424,0.17748623685654794,0.02861018355488959,0.036224465076719954
21750,0.7940872573916253,0.14337183747365798,0.02514552920126271,0.03739537593345383
21780,0.7371189801834748,0.18974959882734332,0.02705592670874132,0.04607549428044037
21810,0.7369358374022377,0.17901099047352179,0.028405511643275823,0.0556476604809646
21840,0.7533366614928917,0.18138980116683354,0.024478571059113045,0.04079496628116157
21870,0.7319611437536196,0.18655964808103795,0.02956446192988637,0.051914746235456055
21900,0.8100568299374484,0.13087709761446906,0.01720524131772591,0.041860831130356574
21930,0.7199916200144482,0.2089282590061734,0.033743305980411684,0.037336814998966725
21960,0.7447583561168887,0.1854384607555399,0.02818174774938716,0.0416214353781843
21990,0.7820851623319682,0.1624407097928487,0.026169655790542947,0.02930447208464032
22020,0.7986349535228037,0.1499843063912218,0.0247596158972128,0.02662112418876167
22050,0.8787608704676209,0.0947612626060462,0.01509435578433281,0.011383511142000233
22080,0.815638231489813,0.14476371006489647,0.017465053185906732,0.022133005259383748
22110,0.9289279539088932,0.04977726089937569,0.0076477405355812045,0.013647044656150064
22140,0.9020823388541568,0.07150245968845766,0.011466759513937098,0.014948441943448725
22170,0.8138015692045905,0.15127105622213172,0.019764936245072872,0.015162438328204924
22200,0.8515005203621393,0.11761969669453261,0.014887858537381815,0.015991924405946427
22230,0.8006791653574666,0.10028944724329185,0.02416757934417817,0.07486380805506358
22260,0.8038025959843184,0.10352815572152746,0.029523481628892234,0.06314576666526196
22290,0.8463796878190146,0.08472894136801434,0.01987549662787558,0.049015874185095495
22320,0.8768791033382862,0.07466752742609707,0.016057454822620693,0.03239591441299636
22350,0.7638223768000975,0.16099892270327953,0.02734132407714422,0.0478373764194788
22380,0.7308430213859591,0.18152959220789777,0.02706492683957241,0.06056245956657063
22410,0.8101403320450058,0.1412983261359688,0.019956783499161402,0.028604558319864384
22440,0.810631314041142,0.11486861147635179,0.023985922333398916,0.050514152149107316
22470,0.8558489810626423,0.11096384573814187,0.014707260353289035,0.018479912845926767
22500,0.8043278711120709,0.15229263837679283,0.02208767476978764,0.021291815741348502
22530,0.7975191196081113,0.16049461098737772,0.01939646660107311,0.02258980280343794
22560,0.8317421129762728,0.11242380257382842,0.02097268304254973,0.03486140140734897
22590,0.7957152021105836,0.16406241410247388,0.01956425006214383,0.020658133724799004
22620,0.8114537336068527,0.13978759118113196,0.020308208972321506,0.028450466239693762
22650,0.7557862677026048,0.12934410818013198,0.036852265996827865,0.07801735812043525
22680,0.803948428344716,0.1414952928702192,0.024491787795276034,0.030064490989788473
22710,0.786621241208408,0.1340115804809623,0.023091363608924043,0.05627581470170562
22740,0.8674581737922697,0.08674089493467754,0.018087530234523932,0.02771340103852904
22770,0.8227529245241795,0.1426589098683503,0.018405085500327854,0.016183080107142464
22800,0.8245743943012698,0.1365752048456013,0.019643610194502715,0.019206790658626245
22830,0.7792730565199453,0.17716117546146454,0.024966837319661792,0.018598930698928366
22860,0.8261227064406301,0.1395210554735322,0.01917912414403491,0.015177113941802853
22890,0.8657348386355256,0.10271217629379945,0.016653623389057893,0.014899361681617516
22920,0.8331346747683112,0.12224704141512374,0.018172901119151368,0.02644538269741351
22950,0.8135738262034812,0.14436535315798898,0.01961851330273498,0.022442307335794824
22980,0.8393481249525607,0.13075316602000528,0.014355595207770678,0.015543113819663088
23010,0.9120811290929195,0.05868008439681564,0.009945927839424667,0.019292858670840164
23040,0.9157199076675929,0.0600221620087316,0.009015787929104716,0.01524214239457063
23070,0.8518126286842468,0.10065410012828242,0.020072613148400083,0.027460658039070746
23100,0.7735710412454133,0.1593431082437211,0.025872871953941747,0.04121297855692397
23130,0.8037668848217597,0.14448037667523989,0.01902875616059649,0.03272398234240384
23160,0.8854535070270932,0.07372843384238663,0.014347078468333333,0.026470980662186755
23190,0.8313533818616957,0.10546951367970363,0.02245599914241923,0.04072110531618139
23220,0.8230440831987118,0.11703736454631464,0.021138689089802137,0.03877986316517143
23250,0.7896485356052431,0.1603038584110245,0.0195236934065241,0.030523912577208337
23280,0.8616650444581206,0.1044996868347987,0.0128924379108505,0.02094283079622998
23310,0.8558364462022159,0.10519490181461273,0.015289774241870141,0.023678877741301046
23340,0.8623055456871294,0.0940647105810631,0.015913509826081865,0.027716233905725914
23370,0.7589794463327337,0.16422444206906597,0.027861397779068157,0.04893471381913208
23400,0.8650047106757448,0.10106317419621128,0.0168153427887956,0.01711677233924828
23430,0.8959396072248735,0.07367805550073699,0.01191094553178163,0.01847139174260772
23460,0.7820349223579574,0.15140998919101883,0.02605014325139446,0.04050494519962925
23490,0.8430722794351387,0.09710992850858702,0.019815875156353604,0.04000191689992077
23520,0.8821889249722009,0.08263842395967426,0.012568613613763864,0.02260403745436077
23550,0.7928344576625949,0.1376657959630302,0.028131548815676952,0.04136819755869796
23580,0.8183379739662193,0.13099503091582193,0.018817041406865746,0.031849953711093094
23610,0.8031092566030661,0.15060203000410174,0.02401269443621435,0.02227601895661781
23640,0.863408290352596,0.0878240448405366,0.016046314559452702,0.03272135024741479
23670,0.894618569296223,0.07062721417981048,0.012397215097260057,0.022357001426706474
23700,0.7882430876783513,0.12241430847846808,0.029108913267493854,0.06023369057568673
23730,0.8234833572804546,0.10364289139207208,0.026666984284481547,0.046206767042991655
23760,0.8988356298061635,0.06823806935579861,0.011057598518463748,0.021868702319574013
23790,0.8926561621726079,0.06828674402391777,0.012571943034409162,0.026485150769065272
23820,0.8523068623210079,0.07246154148481695,0.01963801340869523,0.05559358278548005
23850,0.9165417508384474,0.05195968358464484,0.01131640253459267,0.020182163042315262
23880,0.9439210339256625,0.035696240969221874,0.007361558429405853,0.013021166675709905
23910,0.8539078699503073,0.09634499934395532,0.019219755472636966,0.03052737523310014
23940,0.8773760168565785,0.09038118961013387,0.01607650536057757,0.016166288172710173
23970,0.8518815265143347,0.11635123790236102,0.016284348221899225,0.01548288736140499
24000,0.8559971602811289,0.10635395198907745,0.017751233132722102,0.019897654597071376
24030,0.8873354445817672,0.08139320384496765,0.013403165356247401,0.017868186217017926
24060,0.8523017578851124,0.10798196469726393,0.018678670534031903,0.021037606883591596
24090,0.8967042000447907,0.07306850723338558,0.01171290057470511,0.018514392147118485
24120,0.9332569965387881,0.04558966235548747,0.008295100409411976,0.012858240696312494
24150,0.8807383353921978,0.07994515878885751,0.017538747637106465,0.021777758181838185
24180,0.8318792873893758,0.10115673705896287,0.022292594668123566,0.04467138088353795
24210,0.8455994972110958,0.10629010433441632,0.01918052515199443,0.02892987330249345
24240,0.8442127842012901,0.09090185550691987,0.018872725644177094,0.046012634647612974
24270,0.8777613158943066,0.08538236912560945,0.01716019407722596,0.019696120902857724
24300,0.892592665176835,0.0753834116013826,0.013423574309233233,0.01860034891254919
24330,0.9085433941398193,0.05592071824938392,0.01238992267262196,0.02314596493817477
24360,0.849328790229771,0.08721144253542586,0.017812058318562158,0.045647708916240926
24390,0.898577123977944,0.0590987622026215,0.01566567496408468,0.02665843885534993
24420,0.895556802898809,0.053220916589867766,0.01623837849833937,0.034983902012983924
24450,0.8495961550540718,0.09351186584817404,0.01869027814627257,0.038201700951481316
24480,0.8339667623415279,0.09874494325253094,0.02103846479499041,0.04624982961095045
24510,0.8849488367345831,0.07359969701633992,0.013142165485797276,0.028309300763279845
24540,0.8325561315250154,0.11717443821373583,0.0207928465581126,0.02947658370313618
24570,0.8396561545806114,0.11216900631828672,0.015278528620987383,0.03289631048011455
24600,0.8852060194397909,0.06705724860915721,0.01626643683832452,0.03147029511272738
24630,0.8961251152528474,0.05064962531398346,0.01509549594275143,0.03812976349041777
24660,0.9132696110447761,0.039801569478820104,0.014947254042815872,0.03198156543358786
24690,0.8966607480541878,0.06437379503442824,0.012494390492408013,0.026471066418975824
24720,0.809747532423262,0.1445162485276943,0.019984675106067443,0.02575154394297631
24750,0.813356993365103,0.13581709993821725,0.018915390443513824,0.03191051625316607
24780,0.7693528569979247,0.1674634353097395,0.021375024339172672,0.04180868335316276
24810,0.8519492831365155,0.09904373740567016,0.01632117363787621,0.03268580581993826
24840,0.8293924257121676,0.12910762612047322,0.015402719300246878,0.02609722886711231
24870,0.7681341605714069,0.15127550538213483,0.025056497174634058,0.055533836871824054
24900,0.794724311701794,0.1458383709326729,0.02065215902984295,0.03878515833568996
24930,0.7482816952453394,0.17100597740753856,0.026512772980207794,0.05419955436691421
24960,0.8138550289956129,0.12462428090453738,0.020303227726965113,0.04121746237288487
24990,0.8078127604649882,0.1301893188476131,0.018277762178905834,0.04372015850849268
25020,0.858396399351504,0.09908493608291931,0.0186041034299533,0.023914561135623607
25050,0.772746566546669,0.15889713262795202,0.029302181523334202,0.039054119302044984
25080,0.86195795722239,0.09137416423488426,0.01695817495774467,0.029709703584981175
25110,0.8553875562463704,0.09640063807769143,0.018480905512616674,0.029730900163321437
25140,0.8552753891389951,0.10657403707923672,0.014794228683237938,0.02335634509853025
25170,0.8192885573515651,0.11976950871446965,0.020365175287317547,0.040576758646647594
25200,0.802531511361656,0.13790422202724145,0.02177405176005812,0.03779021485104442
25230,0.734337744609642,0.17385974384836395,0.029210951493336645,0.06259156004865753
25260,0.8058150809592989,0.11960563971030015,0.02241699483292309,0.05216228449747776
25290,0.8603535052719368,0.0982003336940661,0.01649074858600672,0.024955412447990512
25320,0.8218804152372607,0.11971747759945542,0.02261632040966463,0.03578578675361914
25350,0.8982922175197657,0.0638648227208069,0.01222893441832014,0.025614025341107266
25380,0.8403915872884495,0.08493293225365901,0.01885367303298045,0.055821807424911066
25410,0.8530085208390256,0.09582554146945413,0.01687634665726023,0.034289591034259784
25440,0.8839101100513332,0.07376067705791,0.016118117728922854,0.026211095161834192
25470,0.7600323680320806,0.15781159081588475,0.027783907699982555,0.054372133452052177
25500,0.7444697671295019,0.175187192315183,0.027809271653119,0.0525337689021961
25530,0.7700420418013113,0.15356276619878578,0.026444497143013963,0.0499506948568888
25560,0.7977973394679154,0.13229363329682634,0.02567452075386923,0.04423450648138921
25590,0.8085419679880775,0.11473543134097072,0.023615400680315778,0.05310719999063587
25620,0.7719094321814446,0.15142416851398627,0.023533287313310978,0.053133111991258274
25650,0.8405998726186334,0.1020883391402819,0.02085753294970898,0.036454255291375665
25680,0.8289542538446087,0.11674202833366853,0.02050546985951714,0.033798247962205784
25710,0.9030232553516211,0.06832069719753875,0.011019879661511366,0.017636167789329003
25740,0.8457678553903849,0.12308198129176504,0.0149808785137866,0.016169284804063613
25770,0.8588304299346978,0.10089764536814176,0.013837226968318708,0.02643469772884145
25800,0.8912383307084889,0.07161304995709027,0.013802180219553432,0.023346439114867466
25830,0.8497945760961315,0.11976667932258597,0.015010096771835721,0.0154286478094468
25860,0.8590318623299416,0.08345603458947974,0.014757792407517886,0.0427543106730608
25890,0.8747625718371954,0.06585007499179334,0.017507331986875024,0.041880021184136224
25920,0.9237144103323527,0.04917297321181313,0.009832411375332497,0.017280205080501897
25950,0.9247736672669987,0.044017626044461744,0.010434080716470975,0.020774625972068864
25980,0.8992329980079664,0.06223694387983969,0.015475535727753712,0.023054522384440376
26010,0.9218599367433112,0.052416109390127634,0.009862919187534272,0.015861034679027063
26040,0.938346760370119,0.041858913711150435,0.008464423164303375,0.011329902754426963
26070,0.8841722810234414,0.08718998520143292,0.012392553770213257,0.01624518000491238
26100,0.9052687627047503,0.06785649995256807,0.01102586024428133,0.015848877098400462
26130,0.8990580259770403,0.06744626100144521,0.014305373195041451,0.019190339826473043
26160,0.8761982943038413,0.08120809369076229,0.01764650490538474,0.024947107100011634
26190,0.8713421727805002,0.08510283839089679,0.016744570262348466,0.026810418566254678
26220,0.9173955449513691,0.050492080542010105,0.0119259553651199,0.02018641914150116
26250,0.9225914982946392,0.05222898971014485,0.009137498110774397,0.01604201388444166
26280,0.845190039876309,0.07812699579840636,0.02329652091335611,0.05338644341192869
26310,0.8953199019574676,0.0544525617211826,0.01753172359671469,0.03269581272463487
26340,0.8845356868770914,0.07121373640263741,0.015533727653538734,0.028716849066732244
26370,0.8643765408387936,0.058545200327613796,0.023254444749272574,0.053823814084319965
26400,0.8476702456682379,0.0782535828317166,0.018604774798039,0.05547139670200648
26430,0.857100873454335,0.07349744578199376,0.019862444390903324,0.0495392363727679
26460,0.8842823186761236,0.0680400203475836,0.0160260131045224,0.03165164787177024
26490,0.8488389128872585,0.11234388995069931,0.01612198658666594,0.022695210575376126
26520,0.8975720536973735,0.06302824956780648,0.01403422780263273,0.025365468932187215
26550,0.9008269700019448,0.06728979630419187,0.013531103725459894,0.01835212996840354
26580,0.8723596486654068,0.07097904963185009,0.017555636788700237,0.039105664914042576
26610,0.9205505840616323,0.04730827922018747,0.01152948212929929,0.020611654588880694
26640,0.8922344854086006,0.062181088072971555,0.01580007858059366,0.02978434793783406
26670,0.8856220943339156,0.05776152340901604,0.015479730948279707,0.04113665130878868
26700,0.8860307629049968,0.0588341585459354,0.016725772098584897,0.038409306450483016
26730,0.906241157870995,0.04830690488716159,0.011076738405459186,0.03437519883638391
26760,0.9134513442437429,0.05334756064580513,0.010894533776650507,0.022306561333801524
26790,0.9053829412029707,0.05128217011512195,0.011682744537230581,0.03165214414467691
26820,0.9082294802476832,0.05816831554732836,0.011824695194102288,0.021777509010886303
26850,0.915342699703749,0.050263962458113855,0.010992406420849298,0.02340093141728793
26880,0.9497233697823847,0.031238625458648805,0.007835032633979354,0.011202972124986998
26910,0.9344372658731058,0.04059099896135376,0.008670662303449636,0.01630107286209066
26940,0.9337009369286408,0.04763620906763304,0.008268709780631144,0.010394144223095009
26970,0.9219723780075292,0.053930302699428806,0.010152970589610705,0.013944348703431421
27000,0.9418675257850632,0.03695693548477297,0.007795769040113482,0.013379769690050388
27030,0.8931623450844182,0.07071049289152151,0.012626960536260438,0.02350020148779997
27060,0.909972055727495,0.06541309278605686,0.009702569360351378,0.014912282126096778
27090,0.891396816370749,0.08207580388658518,0.011525666102697705,0.015001713639968075
27120,0.8624896459538527,0.10507488926081454,0.011927621457374967,0.020507843327957662
27150,0.8790578556228601,0.08794651205811459,0.014062746953423862,0.018932885365601573
27180,0.891493810225022,0.07631759607201673,0.01398492557431571,0.018203668128645503
27210,0.8531560168963747,0.10907495064997363,0.016214066707578315,0.021554965746073164
27240,0.8380609984146054,0.11725629491834975,0.016399910591388712,0.02828279607565628
27270,0.9001785086711098,0.06721700996028028,0.012646979683734138,0.019957501684875308
27300,0.9495036561391414,0.037067068325817715,0.006253410770912018,0.0071758647641288345
27330,0.9566671541039988,0.02510778787652599,0.00553720831531052,0.012687849704164457
27360,0.9170736105842417,0.05924731103239406,0.010312657350591075,0.013366421032772958
27390,0.9112648952334572,0.06561948807788497,0.010236517417808039,0.012879099270849369
27420,0.8901555898917947,0.08997036733692988,0.00848370232430527,0.011390340446970057
27450,0.8899752249988223,0.06858567024619978,0.012738029687745542,0.02870107506723212
27480,0.8796102291283805,0.08537411339834743,0.013475263892595627,0.02154039358067634
27510,0.8829691609271427,0.08168757075234441,0.013627411399172049,0.021715856921340777
27540,0.860006161606313,0.1094284085846351,0.012280018092179629,0.018285411716872386
27570,0.8810386243685605,0.09668681419829707,0.010859389998219329,0.011415171434922898
27600,0.8886747966199551,0.08547390690327285,0.012030758546425824,0.01382053793034622
27630,0.8932836830807769,0.08946945002987221,0.009471257363585235,0.00777560952576568
27660,0.8926310828972208,0.08574681836373833,0.011514910168759787,0.010107188570280772
27690,0.886916281500164,0.0826807941495397,0.011079658899631674,0.019323265450664998
27720,0.8389528986270708,0.1069593980253735,0.02152191187054495,0.032565791477010726
27750,0.8253840624021389,0.12331341152607642,0.018810824377315065,0.03249170169446966
27780,0.8735208615276857,0.1019264022846375,0.011766919713904884,0.01278581647377193
27810,0.7694065309531908,0.1473249938352647,0.030729060137562967,0.052539415073981445
27840,0.8505249779451388,0.10068728161503322,0.01979098425925678,0.028996756180571064
27870,0.8807193915882975,0.08226642277540405,0.013349819351334643,0.023664366284963642
27900,0.8514348166278215,0.10357403120809407,0.018014739086299743,0.026976413077784787
27930,0.862506347584414,0.09094842802215657,0.018695872340900723,0.027849352052528614
27960,0.862544791597763,0.09625813438293927,0.015458695548611161,0.025738378470686333
27990,0.8565669071541159,0.10297076234930037,0.013760729011894849,0.02670160148468893
28020,0.8502310355445412,0.10633204729273021,0.012742665222865745,0.030694251939862832
28050,0.8271212948799362,0.1227258224165568,0.02027103122348131,0.029881851480025493
28080,0.7726001387465994,0.15465222813417834,0.027569610378171405,0.04517802274105098
28110,0.8443724100849079,0.11575969552487682,0.010978379461962288,0.02888951492825321
28140,0.8285232511024092,0.11650465740084175,0.017214018214140037,0.03775807328260907
28170,0.8597144082068627,0.09402307773622111,0.014227268912442125,0.03203524514447408
28200,0.8576979849625334,0.10133197816732663,0.012861479787014995,0.02810855708312516
28230,0.8435453623197345,0.09206767222732694,0.02008638468105213,0.04430058077188651
28260,0.8460140010127192,0.08680136997898934,0.018178586169466136,0.04900604283882514
28290,0.7962719324379632,0.10703247427414524,0.02607546762413066,0.07062012566376083
28320,0.8238062231312813,0.08038018790076713,0.02017858061793783,0.07563500835001374
28350,0.8113950720215104,0.10430507868365925,0.017812421666713537,0.06648742762811691
28380,0.8138688773298858,0.08401148505519976,0.020473822270187698,0.08164581534472674
28410,0.8522232432813697,0.09409874267395664,0.014991229579213776,0.03868678446546012
28440,0.8533910875408813,0.08020435991189537,0.016020084251407347,0.05038446829581589
28470,0.7514552521204624,0.11106298415389,0.03070436285393871,0.10677740087170888
28500,0.7251026187665971,0.09054805158018443,0.03429343158795077,0.15005589806526765
28530,0.8145007177717415,0.07462699839593336,0.023008708885843294,0.08786357494648181
28560,0.8158568784631557,0.07517881785950173,0.024272534629904086,0.08469176904743843
28590,0.8165692661459947,0.08002418633158251,0.0239172229176907,0.0794893246047323
28620,0.7975113370985273,0.09995384167699221,0.024702526130133302,0.07783229509434719
28650,0.8725908307550497,0.07771850095242391,0.01441396032894446,0.0352767079635819
28680,0.8963690534721073,0.07406775290542081,0.011731134830126699,0.017832058792345302
28710,0.8787077289941633,0.0890843488364157,0.01233946451942264,0.019868457649998384
28740,0.8703461241556055,0.098903571795653,0.011387892929860493,0.019362411118880936
28770,0.8700438163275473,0.10773572968934945,0.009777957531325989,0.012442496451777146
28800,0.8858897847785352,0.08670718757161701,0.011861903169232045,0.015541124480615705
28830,0.8689056485192596,0.09350755379630937,0.012963127006280762,0.024623670678150307
28860,0.8857526695865436,0.08790636826378158,0.008900174633220447,0.017440787516454608
28890,0.9072899722000424,0.07636871549078128,0.006930626493739711,0.009410685815436639
28920,0.8854039166791277,0.07948249966074347,0.009812529850233724,0.02530105380989507
28950,0.900696712110004,0.07267375247783023,0.010329978048653937,0.016299557363512098
28980,0.8838564507396288,0.08380348457666598,0.011899070664084174,0.020440994019621007
29010,0.8944078018719924,0.07440495774881102,0.009085779639082248,0.02210146074011404
29040,0.9011350412892074,0.07257762735201945,0.011180602619530062,0.015106728739243399
29070,0.8886396394880527,0.0833080011097714,0.01237575460334657,0.015676604798829517
29100,0.8829428947098785,0.08814968298285647,0.012496381656640925,0.01641104065062406
29130,0.8176553201672093,0.14648514945755647,0.020337628650642432,0.015521901724591732
29160,0.8436011285619521,0.11444133036299167,0.01716893049392245,0.024788610581133703
29190,0.7911762730550678,0.1357572429105436,0.025982884589665703,0.047083599444723054
29220,0.8483441182887211,0.10632491562795977,0.016615192415941105,0.028715773667378177
29250,0.8575247556054455,0.10693018936934277,0.01314771633744374,0.02239733868776795
29280,0.8658982552181992,0.09642420592796445,0.012501729056303926,0.025175809797532478
29310,0.8329450055050095,0.11899191539310658,0.014933178903880545,0.033129900198003534
29340,0.8312801095756464,0.12318241072381188,0.017025840269107213,0.028511639431434473
29370,0.8473825402809153,0.09471973294190647,0.021549798460950342,0.03634792831622788
29400,0.8574811024241611,0.0825306896463702,0.018934476620654415,0.04105373130881439
29430,0.8648439781139202,0.08154636077076484,0.02240872976841109,0.031200931346903993
29460,0.8915106117366304,0.07231620631127188,0.014369471309007299,0.0218037106430903
29490,0.8614263079809062,0.08735925723213857,0.02131957981785967,0.02989485496909576
29520,0.8878961868015114,0.07716920742894266,0.011068676109257205,0.023865929660288623
29550,0.842890204867287,0.09459753260843985,0.021329797025909838,0.041182465498363394
29580,0.8456960560459926,0.10637303109037645,0.020179783383740563,0.02775112947989016
29610,0.8554602954203152,0.11104304898057599,0.01618904337181924,0.017307612227289604
29640,0.8957787788223148,0.07393998009866269,0.010310140636751133,0.019971100442271492
29670,0.887971227884734,0.07200743218923733,0.015292026921900433,0.024729313004128266
29700,0.8597604757559234,0.08937930955402527,0.018695283711147495,0.03216493097890412
29730,0.9113533232951951,0.05538026184359376,0.01171426849126429,0.021552146369946807
29760,0.89996316552174,0.06294799134210602,0.013797900533573175,0.023290942602580703
29790,0.9102269818674125,0.05862447125069068,0.011532324528842909,0.019616222353054068
29820,0.9127802733895157,0.05278705641057585,0.013478365996520672,0.020954304203387873
29850,0.9026926419330865,0.06958273856293429,0.01145048469659802,0.016274134807381477
29880,0.9435978144155944,0.035553188684440684,0.006789507761191722,0.014059489138773251
29910,0.8800295813322174,0.0793196573883331,0.015612858622752359,0.02503790265669761
29940,0.8393077637415131,0.10691231845434275,0.017111664994790256,0.03666825280935414
29970,0.8844308669068192,0.06297975294035818,0.015097329276155836,0.037492050876666655
30000,0.9241481275590522,0.04777356147579817,0.009873704431109352,0.018204606534040418
30030,0.8867733918382205,0.08631855483177286,0.01169178044865526,0.015216272881351278
30060,0.8981250910436431,0.07507989168274538,0.012573302237929919,0.014221715035681492
30090,0.8699845048816355,0.08461184124197589,0.020591292114289193,0.024812361762099597
30120,0.9303508291673349,0.04832032768711754,0.009877292074450502,0.011451551071096964
30150,0.9056251559755744,0.06367273003543776,0.012802635952004386,0.017899478036983406
30180,0.8924553070850221,0.07386386715124882,0.0136398211887439,0.020041004574985002
30210,0.9016371520767068,0.07473732182167293,0.010719936643165971,0.012905589458454202
30240,0.8900127112708666,0.09199014438464416,0.009636016924889051,0.00836112741960008
30270,0.9017023090212372,0.07160825732238357,0.011669437809522787,0.015019995846856383
30300,0.9670327932359366,0.020628641310492635,0.004795533509487236,0.007543031944083467
30330,0.8664177391494157,0.0499347657186542,0.05351242411073572,0.03013507102119431
30360,0.7770249686445627,0.10778546198399543,0.09069516329286771,0.02449440607857407
30390,0.6661995952199753,0.20264673083840695,0.09324587444048049,0.03790779950113726
30420,0.3653414887883072,0.40280638805576346,0.18655022474278865,0.045301898413140446
30450,0.5279392854483445,0.31459036965922815,0.1171539960281194,0.040316348864307704
30480,0.26050469403603155,0.5657077309930516,0.13820463895508112,0.035582936015835745
30510,0.2435309539091961,0.6130833417121198,0.11106036376676473,0.0323253406119194
30540,0.286098319940359,0.5048411608989255,0.17143747450797375,0.03762304465274159
30570,0.299891734655263,0.46407928806718085,0.1981135688110413,0.037915408466514824
30600,0.3861476358481396,0.3835815221813236,0.18597346240235416,0.044297379568182624
30630,0.5550984965715163,0.24983513027927354,0.14684245328607745,0.048223919863132805
30660,0.5398435236794608,0.3388873616845586,0.06866818113631504,0.05260093349966567
30690,0.6543240977487069,0.2712495680395861,0.04374825015722496,0.0306780840544818
30720,0.7658024853385604,0.19810007091544624,0.02139438847357066,0.014703055272422385
30750,0.7759532231347708,0.1936006627557055,0.017101393434058164,0.013344720675465764
30780,0.7305324250403804,0.24260562477385894,0.014682923719943857,0.012179026465816962
30810,0.7897133534211429,0.17832695718523436,0.015550364743576354,0.01640932465004633
30840,0.7855480515051745,0.17140953502698647,0.021741034131810392,0.02130137933602871
30870,0.8075816074769554,0.14727054039224294,0.021816809828298443,0.023331042302503248
30900,0.8196272291046864,0.13150087197492066,0.023986232756529956,0.024885666163863212
30930,0.8143126351408401,0.12970218513224333,0.028652181398830866,0.027332998328085882
30960,0.8477166278519698,0.11499632306025642,0.023965938775997994,0.01332111031177577
30990,0.7643415207902051,0.15068668770524438,0.042011164568481175,0.042960626936069314
31020,0.787432192748111,0.16167080730556152,0.028334271328738857,0.022562728617588745
31050,0.8115322138130935,0.1389902345370341,0.032677260605011645,0.016800291044860683
31080,0.8467267549965984,0.10402117343835543,0.030589894371411623,0.018662177193634506
31110,0.8306664591115455,0.12070713870340975,0.02878302159312655,0.019843380591918248
31140,0.8297405488466787,0.13033932941204296,0.02501602500285589,0.014904096738422567
31170,0.8428598921171808,0.11612041592369052,0.02766524236767723,0.013354449591451637
31200,0.8492812892560725,0.1063685284725504,0.032042280537778016,0.012307901733599087
31230,0.8759847418570058,0.09795160978796971,0.018600571602532544,0.007463076752491971
31260,0.8829041809222657,0.09070873791533429,0.01968924110266672,0.006697840059733344
31290,0.8821242138589639,0.08961489053768715,0.021073833973211758,0.007187061630137337
31320,0.8727801376542833,0.09962759624760527,0.018373959647051682,0.00921830645105953
31350,0.9128558850445666,0.06740657162084118,0.01326758897236977,0.006469954362222527
31380,0.9070593497422479,0.06602212051205061,0.018296409747700918,0.008622119998000935
31410,0.8858179949977291,0.08806622762916443,0.019468224367929908,0.0066475530051767415
31440,0.8971600088191413,0.07994557537990923,0.017136165970841406,0.00575824983010809
31470,0.9164854046815044,0.06442148773573504,0.014743418925343298,0.0043496886574171155
31500,0.9209142710225139,0.06075877975057053,0.014707305594974403,0.0036196436319411752
31530,0.9265348649319008,0.05516541340350229,0.012526905970836123,0.005772815693760676
31560,0.9216298678445274,0.060781459613015634,0.01298249806877466,0.004606174473682424
31590,0.9102206899896441,0.07093154667986085,0.014388515382406352,0.004459247948088593
31620,0.9351472935627296,0.05007902644710286,0.011250355950289708,0.0035233240398776775
31650,0.9047717827519174,0.07343429441662389,0.01658142922044324,0.0052124936110154365
31680,0.9389692010871615,0.04940959442038048,0.008679692602269312,0.002941511890188676
31710,0.9108605308847985,0.0738951315200906,0.010166074289026071,0.0050782633060849295
31740,0.9356929633358438,0.05005575037907815,0.01089670385559009,0.0033545824294879427
31770,0.9363398288924741,0.04918286609942911,0.011365061377849053,0.0031122436302477925
31800,0.7577602682180056,0.15545411539043244,0.04128299915458955,0.04550261723697225
31830,0.896958625349934,0.08310013727934945,0.012111405549883839,0.007829831820832536
31860,0.891438764586392,0.08595978818469653,0.013843027493768036,0.00875841973514339
31890,0.8532673710090717,0.10670506502838213,0.02589653479614916,0.014131029166397054
31920,0.8941907346249592,0.08072807230839935,0.01572333207941101,0.009357860987230487
31950,0.9039147860964375,0.0755112440308966,0.01457028632946946,0.006003683543196354
31980,0.8678109251440791,0.09537882429406319,0.027205525312516892,0.00960472524934077
32010,0.9149875134883442,0.06808562983016153,0.012168872433049715,0.004757984248444658
32040,0.9141914736753823,0.06454831272063978,0.014364737597255773,0.006895476006721976
32070,0.9068910789079785,0.07503210693017094,0.012995582888332429,0.005081231273518167
32100,0.9019309243328142,0.07715949728575469,0.0145728082085656,0.006336770172865707
32130,0.9049041107119427,0.07154413855829665,0.018035359189902334,0.005516391539858583
32160,0.9019322694952926,0.08269065467142528,0.010942080751086249,0.0044349950821958115
32190,0.9191753660889245,0.06295679720251916,0.01077257800130556,0.00709525870725071
32220,0.9381735470979761,0.04808755340517638,0.009882475837631405,0.0038564236592162917
32250,0.8509834154683108,0.11001966899093554,0.023311263607384038,0.01568565193336972
32280,0.918976206925961,0.06511643042213477,0.010550118834715065,0.005357243817189108
32310,0.8543528370620803,0.1047962382365369,0.026698766945699844,0.014152157755682905
32340,0.868824745151917,0.09845233969618072,0.01765958972266087,0.015063325429241655
32370,0.7787208147035055,0.17976046711473798,0.029175905165911176,0.012342813015845364
32400,0.8966583481279622,0.07883640189434456,0.015055022850049926,0.009450227127643079
32430,0.7798686581838924,0.16789019140413877,0.02879093190425462,0.023450218507714053
32460,0.8785002899068167,0.09176707670193,0.01684919983424815,0.012883433557005055
32490,0.8132426165241258,0.13188192331397483,0.03140637756380334,0.0234690825980957
32520,0.8601570706592853,0.09160960207206006,0.028697365172530045,0.01953596209612441
32550,0.881643794623239,0.08351810593304003,0.021633540566544658,0.013204558877176099
32580,0.8840012135039323,0.08103690651898995,0.02104284150183198,0.01391903847524565
32610,0.8772509446427212,0.0890463487341622,0.024320239042975873,0.009382467580140798
32640,0.8523044654370888,0.11642313592702302,0.023541041232822142,0.007731357403066011
32670,0.7156038145359344,0.15469551244133803,0.05631590476925843,0.07338476825346928
32700,0.8593043153766149,0.09808113012168211,0.019700845500821566,0.022913709000881532
32730,0.8871902763574989,0.08112654720815038,0.016978133845727373,0.014705042588623214
32760,0.8509881433436904,0.11058462951899423,0.022804769454047944,0.015622457683267438
32790,0.866311005191569,0.0992063152936702,0.021662746767586366,0.012819932747174315
32820,0.884618525382396,0.08449560863289002,0.021673911230077333,0.009211954754636618
32850,0.8937012709493556,0.07227037357208184,0.02116958175991189,0.012858773718650744
32880,0.8768560743885228,0.0846587484848662,0.029684244401559944,0.008800932725051412
32910,0.8745808211033399,0.09036848807800324,0.02105581407425387,0.013994876744402765
32940,0.9028797379134182,0.062117317334023286,0.021581763974176157,0.01342118077838219
32970,0.8699323667310573,0.09948957887440524,0.023021680383177378,0.007556374011359852
33000,0.9279860035931374,0.05306917809739079,0.014157941185011257,0.004786877124460298
33030,0.9094926733247505,0.07063959835522327,0.014204685371717226,0.005663042948308839
33060,0.9066232242351923,0.07085772866133203,0.0161528255014127,0.006366221602063061
33090,0.885517874975674,0.0895623286688876,0.018291422734011884,0.006628373621426651
33120,0.9223798972008557,0.05777335313957628,0.015093998771218312,0.004752750888349898
33150,0.9340326045419564,0.04830401226257874,0.013920647896886929,0.003742735298578015
33180,0.9306525442039667,0.05551272992058938,0.010624616299967945,0.0032101095754760154
33210,0.9492548673635356,0.04001560128656611,0.008335248901477663,0.002394282448420481
33240,0.9229756767513476,0.06252214114646318,0.011117615063018043,0.0033845670391712225
33270,0.9055526013908884,0.07324062062063597,0.017346443625552425,0.0038603343629232366
33300,0.9390850815034842,0.047365657595346666,0.009128344472746193,0.004420916428422669
33330,0.9226196171942729,0.0606031050718628,0.010549799547448616,0.00622747818641591
33360,0.9034294184606763,0.0669927472144393,0.01888929571256796,0.010688538612316258
33390,0.9169143123450306,0.061443256382723806,0.014106493097363875,0.007535938174881571
33420,0.882722642329111,0.08135491453873914,0.02421760994016058,0.011704833191989426
33450,0.9147368233158955,0.06381371987340062,0.015371916863427421,0.0060775399472765826
33480,0.9214450283844035,0.05774607243617033,0.01627594649176356,0.004532952687662499
33510,0.9533643745887411,0.0349053633805281,0.009144595539929039,0.0025856664908019632
33540,0.9258599375629593,0.05898835311226014,0.012330232065523453,0.002821477259257039
33570,0.9362487191687437,0.05073518310570483,0.009387605030033072,0.0036284926955181787
33600,0.9513050532307562,0.0385298670866024,0.008196276032528593,0.0019688036501126814
33630,0.9345410192711942,0.04966031835371067,0.012530289764745368,0.0032683726103497307
33660,0.9374068622572088,0.049237629600140935,0.011343802168045175,0.0020117059746052493
33690,0.9303461161214093,0.05067307888990482,0.01618918359703373,0.0027916213916519676
33720,0.9526034917242069,0.03588728700691975,0.009572217719321123,0.0019370035495523013
33750,0.9554818784002598,0.03498640273581964,0.007535553840645915,0.0019961650232746585
33780,0.9535199605976775,0.03550060407059172,0.008512181136148024,0.0024672541955827396
33810,0.9433885261194725,0.04228758855881162,0.012152906255726471,0.0021709790659891564
33840,0.9601197426116135,0.02776526666063603,0.008489516589015663,0.003625474138734699
33870,0.9578776364130359,0.03156339867337993,0.00896067580071576,0.0015982891128683353
33900,0.9421136352720536,0.0456636736617652,0.010112613182852562,0.002110077883328455
33930,0.9505625825159939,0.03830369712685735,0.008893395715537593,0.0022403246416110726
33960,0.9616624252299452,0.029590681698129843,0.007046356461812673,0.001700536610112018
33990,0.9578929974897852,0.03252455291028425,0.008089856443378594,0.0014925931565520714
34020,0.9609363368720203,0.029757452069754543,0.007393404138238028,0.0019128069199868547
34050,0.9513538580712921,0.03673381853178511,0.009883910057770923,0.0020284133391518153
34080,0.9413825519816958,0.044018801990310434,0.012777262399063495,0.0018213836289301946
34110,0.9646373638544824,0.024130421206160255,0.009737308140853704,0.0014949067985036292
34140,0.9561034498250178,0.03376024308371104,0.008368728114744215,0.0017675789765270703
34170,0.9542305210709071,0.03275421966867745,0.011391398076449118,0.0016238611839663936
34200,0.9380312919137095,0.04783376141022474,0.012136411270133764,0.001998535405932016
34230,0.950437958252566,0.03499253826083311,0.012449272835416119,0.00212023065118487
34260,0.956984392877549,0.032814161425327774,0.008641136671166443,0.0015603090259563575
34290,0.9581616842143775,0.031651227068861316,0.008689923776557766,0.0014971649402033447
34320,0.9634520872536175,0.027957305487530497,0.007524036593471048,0.001066570665381141
34350,0.9588647653682416,0.03299075928122686,0.0068990756653204005,0.0012453996852111442
34380,0.9628156917859412,0.02882225642428203,0.007115597171825762,0.0012464546179510917
34410,0.9589391409936292,0.031341521063522254,0.008488250438885217,0.001231087503963436
34440,0.9709039422368374,0.023640922210336437,0.00447519294054774,0.0009799426122785036
34470,0.9667593161285671,0.02513725876544536,0.00636893233959817,0.001734492766389269
34500,0.9574600305100469,0.032889404947577514,0.007383412878398974,0.002267151663976554
34530,0.9701180507873938,0.02404211630797445,0.004717382468763113,0.0011224504358686373
34560,0.9491760406972785,0.04176867003786564,0.007653458331493831,0.0014018309333620489
34590,0.958716796949403,0.03281569202738841,0.007041651482961684,0.001425859540246628
34620,0.949459465111158,0.03920624995410714,0.009590249238433041,0.0017440356963017922
34650,0.956108778788695,0.03409150718502222,0.008011642716476336,0.0017880713098063388
34680,0.9526464870545375,0.037637619750923494,0.008061085265418568,0.001654807929120212
34710,0.9537986050014937,0.037294830356690636,0.007334377303278418,0.0015721873385370188
34740,0.9515962822009144,0.03429249962320431,0.012147230086254955,0.0019639880896262117
34770,0.9534486366082103,0.035871855988714334,0.008741758597898117,0.0019377488051774356
34800,0.9537573619840932,0.03464510519175099,0.00998681704143209,0.0016107157827238339
34830,0.9624782988034792,0.03011141075325408,0.006086896692505365,0.0013233937507615375
34860,0.9530965240309283,0.03749805188346858,0.007612363492443255,0.0017930605931598773
34890,0.9588668531201966,0.03001551281389185,0.009664677318278657,0.0014529567476325327
34920,0.9630734805473495,0.030865436929945537,0.005015238525901751,0.00104584399680329
34950,0.9602640947790432,0.03061021144890158,0.007151735082869623,0.0019739586891855464
34980,0.9600455755636694,0.03277494522676468,0.005837830964103681,0.0013416482454621796
35010,0.9660006106220232,0.027990556464562683,0.004666273422830452,0.0013425594905836398
35040,0.9651294516999409,0.02856488088004998,0.005102825778851509,0.0012028416411575447
35070,0.9675724341994494,0.025653212005998308,0.005669968887983937,0.0011043849065685753
35100,0.9639608064720335,0.02720994282383538,0.00694152653647261,0.001887724167658529
35130,0.9617620787250163,0.029892072018266685,0.0070624853597262135,0.0012833638969905893
35160,0.9435140933887868,0.04206978835732225,0.01295204091125856,0.0014640773426323596
35190,0.9605681338102918,0.03105061044499148,0.00681339205860767,0.0015678636861088677
35220,0.9645673766246755,0.025582950902268028,0.008383801915506745,0.0014658705575498715
35250,0.9690454777826285,0.023354611235573995,0.00632474843754904,0.0012751625442484168
35280,0.9608152520811069,0.030469536545941103,0.0072297939594246985,0.0014854174135273297
35310,0.9666155370792829,0.02721476299191955,0.004768323585593819,0.001401376343203648
35340,0.9616139419162643,0.03126407334837883,0.0056232440368873815,0.0014987406984693415
35370,0.9362416588960251,0.04243429216124331,0.012025685605734129,0.009298363336997434
35400,0.7934609430136083,0.14171585151888036,0.03507252767767379,0.02975067778983769
35430,0.9192675769794054,0.06689062904469363,0.008794369561066568,0.005047424414834206
35460,0.9130903322220675,0.07253020047145524,0.00923767179205267,0.005141795514424521
35490,0.8862626672811464,0.1006273906087622,0.00881621109055697,0.0042937310195345635
35520,0.8563169360538752,0.12361167648331316,0.013842595155780077,0.006228792307031814
35550,0.8601068591934772,0.12242427284900134,0.011622157527820236,0.005846710429701173
35580,0.8475277659175462,0.13455868708878121,0.011589075761309303,0.006324471232363367
35610,0.9067629711093355,0.07744248618588186,0.010312353869133315,0.005482188835649338
35640,0.869997672489636,0.0994813197387675,0.020687744347560138,0.009833263424036147
35670,0.8829637404244527,0.08942344538597723,0.015541100811443023,0.012071713378127076
35700,0.8987293022564999,0.08064669987142647,0.011845503942198842,0.008778493929874818
35730,0.8290504920667153,0.1433178611879713,0.014906676590748234,0.01272497015456502
35760,0.866119788540926,0.11869786246524935,0.010035863614293301,0.005146485379531151
35790,0.8009337794577049,0.17651950718935042,0.015160369947490785,0.007386343405453657
35820,0.7624355664262488,0.2019700753490416,0.023594943412390334,0.01199941481231932
35850,0.7532224534603005,0.21141472882180956,0.020095762504414666,0.015267055213475322
35880,0.6448171801751343,0.28905571740417946,0.03249212168314447,0.03363498073754167
35910,0.8398496587772264,0.127899154509129,0.019246452680205334,0.013004734033439188
35940,0.7403858724677568,0.2271724923889178,0.019853515186725384,0.012588119956600223
35970,0.6982004147349512,0.26583793455964383,0.02440053180022354,0.011561118905181406
36000,0.6296171611056776,0.32622257692791423,0.029180836609446554,0.014979425356961684
36030,0.6822732266242284,0.27318163556082825,0.03224356626843573,0.012301571546507569
36060,0.6647311572419027,0.2544383530061048,0.05941943927005212,0.021411050481940225
36090,0.6335738744058486,0.29539022843731194,0.04831913596453819,0.022716761192301486
36120,0.6661134499285069,0.23136370242798152,0.07949593790150189,0.023026909742009702
36150,0.5760984175845373,0.3788312317992916,0.03174662779879633,0.013323722817375037
36180,0.589881556464532,0.2992690634152181,0.08298940385706223,0.0278599762631878
36210,0.6630334927231284,0.250015894797828,0.06267592887937712,0.02427468359966647
36240,0.6415779954211874,0.25329505805284386,0.06865248310920045,0.036474463416768396
36270,0.7969182304361341,0.13580915980293035,0.05021981593551665,0.017052793825418973
36300,0.5933452550146006,0.30507509312898384,0.0707536826736179,0.030825969182797817
36330,0.5638954789835315,0.3447215129405707,0.06507456846451609,0.02630843961138164
36360,0.7328036936800216,0.1878718571597792,0.05847767356187969,0.020846775598319548
36390,0.6442392326415475,0.2346433627239064,0.08860727425087105,0.03251013038367513
36420,0.6890831603599237,0.21170805357328823,0.06458018836484085,0.03462859770194739
36450,0.6280298407955476,0.25760896291793667,0.08074727175242798,0.033613924534087805
36480,0.6639314025226002,0.2212996342719403,0.08601394576246679,0.02875501744299293
36510,0.7122251816858782,0.18807726024988267,0.07637089819415378,0.023326659870085368
36540,0.6103078605197706,0.27580158373570085,0.0775700625013348,0.03632049324319375
36570,0.6949353002834495,0.20366356857249418,0.06439579815556745,0.03700533298848884
36600,0.7565911993609907,0.19558577219222006,0.029359671996908948,0.018463356449880307
36630,0.700911087790024,0.21097260333488718,0.05427596972725397,0.033840339147834735
36660,0.6747479774813704,0.2152912186838659,0.08003500696207777,0.029925796872685772
36690,0.6401263211366724,0.2628628338343935,0.07188577575266979,0.0251250692762641
36720,0.5960904953871848,0.275807581807351,0.07493805022018712,0.05316387258527686
36750,0.7031028691112237,0.2089110786701065,0.061777608139897404,0.026208444078772562
36780,0.670921425159781,0.25387227684083263,0.05280565085148021,0.022400647147906124
36810,0.6426053747808056,0.2580150605582911,0.06311277871841564,0.036266785942487625
36840,0.4937591666257753,0.34323345560226143,0.06129142332607315,0.10171595444588996
36870,0.8508388973971784,0.10029397559701383,0.026726931335381066,0.02214019567042681
36900,0.7813932532008376,0.13126467048486296,0.05896609691189709,0.02837597940240239
36930,0.7675136095447483,0.162528091185861,0.04125475782591922,0.028703541443471335
36960,0.8183197250143656,0.12454227410678054,0.034481553207084105,0.02265644767176976
36990,0.7999871784500694,0.1302180279487953,0.03877122689219462,0.031023566708940645
37020,0.8067771614497447,0.1461411923683195,0.031043192781693492,0.016038453400242493
37050,0.8198895571213191,0.11573590493946907,0.0332848646633527,0.031089673275859302
37080,0.7952631042303983,0.09771364661543248,0.06855281134251144,0.03847043781165773
37110,0.765438491763083,0.13013751616041622,0.06669459746224375,0.03772939461425687
37140,0.8451347670124453,0.09503972374327897,0.04206069094411595,0.017764818300159985
37170,0.7592613162395556,0.16549298661078346,0.05078238237633326,0.024463314773327496
37200,0.7493783255852386,0.1559884034767915,0.06283962891690706,0.03179364202106298
37230,0.8427206532321935,0.11208685044267325,0.0314411506958506,0.013751345629282603
37260,0.9165234692779856,0.06142360627679443,0.01553279445191878,0.006520129993301429
37290,0.6979707060822117,0.21360569400026921,0.05959938940241577,0.02882421051510341
37320,0.5634073790992741,0.3253833382725462,0.07789401225689692,0.03331527037128281
37350,0.611474605228463,0.2525741625800134,0.10599067660044242,0.02996055559108109
37380,0.6496928960247464,0.25126495436740787,0.056989075268727214,0.04205307433911825
37410,0.9045138073963496,0.06898091383264068,0.015591497465630164,0.010913781305379532
37440,0.7817880056663007,0.16634971087720324,0.03325549605844269,0.018606787398053562
37470,0.6132297268189347,0.27477895851716716,0.07758938516809366,0.03440192949580465
37500,0.5388493170018599,0.31168821149797427,0.10789403336839459,0.04156843813177133
37530,0.7888987851687459,0.1461303368187889,0.04289040579466337,0.02208047221780182
37560,0.8715677893181898,0.09461613955918183,0.019173416432701894,0.014642654689926503
37590,0.859441150797176,0.08720416875834064,0.030393850823531823,0.02296082962095143
37620,0.8122179677277774,0.12957249578071187,0.03450558860503304,0.02370394788647753
37650,0.8007141891839936,0.0927898709811184,0.06929820998002491,0.03719772985486324
37680,0.8030090602150544,0.10931626329904945,0.051996680669295366,0.03567799581660079
37710,0.8688292550071816,0.08168551889033084,0.031497611115161604,0.01798761498732602
37740,0.8466539693130427,0.09609217079649034,0.038003952168312746,0.019249907722154118
37770,0.8717527775561136,0.08326978522375315,0.02968319213792619,0.015294245082207317
37800,0.7822566517112393,0.13514784754409964,0.05832047798805684,0.024275022756604175
37830,0.8357578662675034,0.10089658721456912,0.04405084332418993,0.019294703193737932
37860,0.7349867765431333,0.1497794880843756,0.08091559860204525,0.03431813677044578
37890,0.8035628550976868,0.1463968039517618,0.035276323861738484,0.01476401708881279
37920,0.8462813923561957,0.1012558825083138,0.03170160104977115,0.02076112408571915
37950,0.8604834840446274,0.100863960899655,0.02497697035917167,0.01367558469654614
37980,0.85184056011118,0.09593045999236152,0.03738242764580796,0.014846552250650394
38010,0.8243162635565616,0.140618825748366,0.025017013016803646,0.010047897678268735
38040,0.847908522002887,0.10250375904953134,0.03322309546801872,0.016364623479562978
38070,0.8531851675310756,0.11267232984441809,0.02345548618751228,0.010687016436994072
38100,0.8555361604758627,0.10087346484531264,0.02708313561941452,0.016507239059410057
38130,0.860431514904906,0.0926183866403337,0.03451630341829262,0.012433795036468043
38160,0.8926133986021677,0.07481535111858918,0.02151856400322418,0.01105268627601905
38190,0.8743647503090733,0.09204958839764085,0.022376051490816798,0.011209609802469015
38220,0.8462429690638011,0.11431564173675883,0.02663304260514564,0.012808346594294575
38250,0.8625115928267372,0.09196048556967328,0.03319278133860227,0.012335140264987283
38280,0.8840695368603152,0.08334463406164537,0.023266267417247907,0.00931956166079166
38310,0.850928767869461,0.10129978249287057,0.03816572416682825,0.009605725470840019
38340,0.8926460120450246,0.07040030671308933,0.02753985578236467,0.009413825459521496
38370,0.9107926298451685,0.060091805012757696,0.021661037105903357,0.007454528036170228
38400,0.8693760126772448,0.10327296971931113,0.02178615129169406,0.005564866311750097
38430,0.8905436616511646,0.0784146564355506,0.024744426475665084,0.006297255437619774
38460,0.8932470277017784,0.0850252386724736,0.016452559378600646,0.005275174247147259
38490,0.8864289092379495,0.08276591926370286,0.024012664323708226,0.006792507174639546
38520,0.9101274501865845,0.07093822237512351,0.01435673234825731,0.0045775950900350535
38550,0.9408314194312445,0.04673138962995686,0.00970772007268617,0.002729470866112497
38580,0.9433230385065906,0.04332946690686077,0.009919165094350804,0.003428329492197911
38610,0.9252423079463461,0.0556574260083322,0.014661366517572277,0.004438899527749371
38640,0.9454860152064567,0.04275016342404485,0.009079616992281932,0.002684204377216763
38670,0.9359612727540552,0.04625778049322712,0.013701586578787785,0.004079360173929898
38700,0.9347494881028574,0.05046570779161055,0.012318325736150106,0.002466478369381898
38730,0.9240065196503969,0.05130198995792152,0.011523232460149042,0.013168257931532753
38760,0.8629677711657018,0.09744507907402178,0.022779700652127484,0.01680744910814899
38790,0.8288164348907073,0.12950002063563887,0.028102338601407133,0.013581205872247013
38820,0.888971105321145,0.07927964601205904,0.023939279046572462,0.007809969620223737
38850,0.9113092084414156,0.06343337247097189,0.017666632705135014,0.007590786382477352
38880,0.8690184061679551,0.09815814364158042,0.024651769788246503,0.008171680402217881
38910,0.9062303267959185,0.07301532502399664,0.016669792205726536,0.004084555974358243
38940,0.9241033638811698,0.0569221581855711,0.01375152715744339,0.00522295077581572
38970,0.924616081246404,0.05897796302839324,0.01316857281556598,0.0032373829096366278
39000,0.9456127860746955,0.04168769758733152,0.009888372522144032,0.0028111438158290375
39030,0.9487603105750764,0.04013967827964733,0.008733672333506208,0.002366338811770145
39060,0.9330369284616634,0.05038311413992163,0.01091685887717833,0.005663098521236926
39090,0.9362402779582708,0.046442920164413974,0.01326112374745533,0.004055678129859733
39120,0.9349391118206688,0.04957133169990592,0.010574328750415305,0.00491522772901032
39150,0.9399656008972158,0.047352584135762404,0.010006129260386947,0.002675685706634808
39180,0.9539380691085206,0.03559349130882958,0.008035960736422848,0.0024324788462267892
39210,0.9253312627618316,0.06257267196837125,0.009114412303335347,0.002981652966461888
39240,0.9526045368437946,0.03752943284612988,0.007318834440602356,0.0025471958694730733
39270,0.9554227782033912,0.034983539976426246,0.006963755037650106,0.0026299267825324246
39300,0.951435175908601,0.03625597089428723,0.009493626181235306,0.002815227015876461
39330,0.9471728439045856,0.04350776947669083,0.0069830627713666,0.0023363238473571267
39360,0.9697219229700997,0.02487581854940818,0.0038177608013975164,0.0015844976790945276
39390,0.970197464486051,0.023072597302366587,0.004496959268263079,0.00223297894331909
39420,0.9555508714970531,0.03586242151245294,0.006781540871826945,0.0018051661186671666
39450,0.9470237389086023,0.039302601387160185,0.008274112279373086,0.005399547424864397
39480,0.9483351066349989,0.03979270275938848,0.008606354706360723,0.00326583589925208
39510,0.9475288459171658,0.039635112621706645,0.009437355360540719,0.003398686100587011
39540,0.9556009978273783,0.035191776290614145,0.006293211115010998,0.0029140147669967946
39570,0.9473369059425959,0.041337999323987504,0.008196206423009387,0.003128888310407041
39600,0.9633539686127534,0.026040642524352467,0.008339278051454067,0.0022661108114400137
39630,0.9665653132126901,0.02770469711774929,0.003994976250156913,0.0017350134194034693
39660,0.9676541305485618,0.02370324803312203,0.0056631853964268595,0.0029794360218893963
39690,0.9578071400372801,0.031389983301028955,0.007974769890456942,0.002828106771233903
39720,0.967340079710732,0.026137160962317087,0.005084349198794258,0.0014384101281566181
39750,0.9605739332081653,0.02984337560844257,0.0064254584895545325,0.003157232693837592
39780,0.9652507069063634,0.02713369137539858,0.005319766404463957,0.0022958353137740293
39810,0.9702770142981756,0.023005567630087213,0.005028045117022575,0.0016893729547145077
39840,0.947117417187705,0.035998332988378755,0.008816187344325576,0.008068062479590373
39870,0.8407880837497405,0.11405319899168354,0.031594623790843046,0.013564093467732916
39900,0.9372408741276946,0.049278447433249314,0.0082970011290074,0.005183677310048602
39930,0.9303595505044627,0.044857101124679874,0.01578694532986719,0.008996403040989955
39960,0.9000209227737618,0.052752444272375826,0.018287376937054022,0.028939256016808097
39990,0.9319242718272643,0.050782501637824856,0.010139902801880277,0.007153323733030487
40020,0.878950127109117,0.09456272414185124,0.015580315315342583,0.010906833433689188
40050,0.8796339202550897,0.09936715694435078,0.014671147052099761,0.0063277757484598365
40080,0.8495493565879757,0.10210324499226624,0.02637763634418732,0.02196976207557074
40110,0.8196524602752541,0.13752991895830508,0.027021465011550217,0.01579615575489065
40140,0.8696775147568672,0.09217047725502096,0.023160892550917574,0.01499111543719441
40170,0.8795343714103484,0.09369885972938685,0.019074221274888375,0.007692547585376097
40200,0.8458208152751849,0.12254178068018447,0.02136951469361229,0.010267889351018591
40230,0.9100151688128206,0.06409213326762375,0.015110420041191737,0.010782277878364017
40260,0.9085695224994952,0.06550376478819145,0.017259107244273143,0.008667605468040114
40290,0.832541140301623,0.12032580157112248,0.03442833236380548,0.012704725763449212
40320,0.8679998628468543,0.07795833695177107,0.027049439252057047,0.026992360949317312
40350,0.8840321512069904,0.08052490904083537,0.01892284101011636,0.016520098742057863
40380,0.7612998457702443,0.18167572297364074,0.03648932930891879,0.02053510194719602
40410,0.8074290084766235,0.16427770110532344,0.015783421162786807,0.012509869255266372
40440,0.8660726080410618,0.11074319447562783,0.015178658665220984,0.00800553881808928
40470,0.7883858422272038,0.16768424267849147,0.027612329769807396,0.016317585324497178
40500,0.6505181383509491,0.2944110795374593,0.03615866674477954,0.018912115366812095
40530,0.7092326117924892,0.23886871952944602,0.03655846089799955,0.015340207780065073
40560,0.7055750915967194,0.18003625913612573,0.08747409031271951,0.02691455895443536
40590,0.599367444089231,0.29501547486290297,0.0696112511893451,0.03600582985852071
40620,0.7004177082892541,0.2285775584388051,0.04884400095042359,0.02216073232151732
40650,0.5931327793508255,0.2822679671927699,0.09320095938876553,0.03139829406763892
40680,0.6189722245302184,0.22846256286742542,0.11636747509893934,0.03619773750341702
40710,0.6386189912307145,0.24271786642411566,0.08041953425409246,0.03824360809107773
40740,0.6467844777723281,0.2304444499540253,0.09349821218153073,0.029272860092116038
40770,0.8488220421571048,0.09900114004615072,0.03818252198199726,0.013994295814747152
40800,0.708907931277467,0.18940837336979188,0.06438742047420909,0.03729627487853192
40830,0.6971899245719001,0.1947541857625087,0.07598368047977835,0.03207220918581266
40860,0.7079138412717774,0.18159411878544887,0.08059035000004151,0.02990168994273243
40890,0.6116123213147575,0.24235691732421258,0.10695245453031609,0.03907830683071385
40920,0.7601884447255676,0.15997193205361387,0.05812989519401309,0.021709728026805566
40950,0.7242708878321299,0.17436612547921948,0.06856131047674315,0.03280167621190736
40980,0.814568899583167,0.10673430346507179,0.0512795807403163,0.027417216211444946
41010,0.6564148344086036,0.23413902863227487,0.07542306160793612,0.03402307535118536
41040,0.6317257249675464,0.26529191331233454,0.06539750932891292,0.03758485239120641
41070,0.6402994830055878,0.2329255444712897,0.08955856464446943,0.03721640787865313
41100,0.6585518149961859,0.23050243619898478,0.07715374373637311,0.03379200506845619
41130,0.6984278964301678,0.20291094637072732,0.06913427409906908,0.029526883100036018
41160,0.724199531938072,0.19332642530178915,0.05125631648163975,0.03121772627849901
41190,0.7706719923285098,0.1472257961161601,0.05635042309536765,0.025751788459962302
41220,0.7596653161583721,0.16407264088794285,0.04541311625035592,0.030848926703329
41250,0.777149253595504,0.15730553271506287,0.03543847592777526,0.030106737761658005
41280,0.6850345216779383,0.1990231671799186,0.07617947187101369,0.03976283927112937
41310,0.473211413443051,0.36054061586575353,0.10836330722884627,0.057884663462349134
41340,0.6899888077234925,0.22291777313174901,0.06526504118882225,0.021828377955936486
41370,0.9464109544380841,0.025752747080011566,0.010165607783546133,0.01767069069835855
41400,0.7403728074325784,0.1271491547447004,0.09512224000717732,0.03735579781554387
41430,0.7018655755289612,0.19767873041367334,0.057539152067864405,0.0429165419895012
41460,0.8290752787500361,0.05499892654562421,0.05232552806125766,0.06360026664308203
41490,0.4730543327934448,0.2953182669835059,0.18523721283139827,0.04639018739165111
41520,0.4183124709233402,0.3210207634505944,0.2195312839128582,0.04113548171320701
41550,0.6257933665292958,0.23705093529303126,0.08745341378835626,0.04970228438931664
41580,0.8580647378428156,0.09947295592576884,0.025178282168025933,0.01728402406338985
41610,0.717991917554685,0.20955638876005886,0.050582108971427,0.021869584713829007
41640,0.8576218070114473,0.10672404270597971,0.021311302538279675,0.014342847744293332
41670,0.7971542649229387,0.1428785156153944,0.0335438171828483,0.026423402278818644
41700,0.7687278967815496,0.17238901143805038,0.02930261281625561,0.029580478964144372
41730,0.8161623986382622,0.12185709374279201,0.03662337373755254,0.025357133881393136
41760,0.7511072308819321,0.20028448499666404,0.025909448110381903,0.022698836011022062
41790,0.8019355690071867,0.13159819849046195,0.04238573445726666,0.024080498045084803
41820,0.7551144876613682,0.1523678179672114,0.055338653737881126,0.03717904063353899
41850,0.8220855020570281,0.112183081968309,0.03800071812153312,0.027730697853129916
41880,0.7941370403190434,0.14476682780625988,0.03647077772090227,0.024625354153794268
41910,0.8760805744062806,0.08676537155249989,0.02625611643353577,0.0108979376076836
41940,0.8428004707125063,0.11251078044352926,0.02603690090108168,0.018651847942882844
41970,0.8071254588322965,0.1220032352564287,0.04055669399860089,0.030314611912673983
42000,0.7714389518880801,0.144469543914308,0.058166379561962404,0.025925124635649534
42030,0.8392050617587792,0.1210800509774048,0.024822130563499335,0.014892756700316718
42060,0.8841948227444946,0.08329266230549012,0.02096343753933147,0.011549077410683735
42090,0.7425621395269627,0.15999084515090273,0.05932089490356375,0.0381261204185707
42120,0.8476217908128536,0.09436191856045532,0.032208993658667806,0.02580729696802319
42150,0.88021714089409,0.08872669165534755,0.01944800276274421,0.011608164687818388
42180,0.8910056613244973,0.0827309271373915,0.016314939497526614,0.009948472040584477
42210,0.8333330309524092,0.12263950843840424,0.030902889684030464,0.013124570925156087
42240,0.8762059310344689,0.08059236167814582,0.027693332519373826,0.015508374768011415
42270,0.8832173767487086,0.08673388280939465,0.018982365690496217,0.011066374751400489
42300,0.9111953364041804,0.06316095892690786,0.017409939442963384,0.008233765225948425
42330,0.8810965795100012,0.080378268127363,0.021644654422310738,0.01688049794032493
42360,0.8090960844824328,0.11092490351022226,0.045054035478698407,0.03492497652864668
42390,0.8244231620397067,0.09771624431989488,0.044928978291118075,0.03293161534928029
42420,0.7945241858490787,0.1534379362871822,0.03478152324339077,0.01725635462034855
42450,0.845846509519658,0.11088377104215648,0.029323227272335974,0.013946492165849584
42480,0.7411221016559988,0.15758113379303296,0.045072278921252,0.0562244856297165
42510,0.7869847343915416,0.10752172418866839,0.06224609980063493,0.04324744161915509
42540,0.7405707043364833,0.16627033054887175,0.06723946205243181,0.02591950306221302
42570,0.7455260749019533,0.14841321998669116,0.06332897723208754,0.04273172787926783
42600,0.7901645832345213,0.12236692382857066,0.04254652170423054,0.044921971232677604
42630,0.8038166607821509,0.12485268554059363,0.04207421413472086,0.029256439542534565
42660,0.861890744551068,0.08902038695336387,0.03168581213191535,0.017403056363652955
42690,0.8725910035937532,0.07509012625244704,0.030535404442172093,0.021783465711627648
42720,0.8181501679800036,0.11915602629440446,0.043277653477593964,0.019416152247998034
42750,0.8835618515418029,0.07903840432259288,0.02415080273416607,0.013248941401438065
42780,0.7666583942865026,0.16187852863518204,0.04598007634051923,0.025483000737795868
42810,0.8508476888157265,0.10096748614393611,0.0340804076508941,0.014104417389443359
42840,0.8265081342536313,0.13070136610075278,0.029669280969373584,0.013121218676242193
42870,0.939524407625068,0.04930683701994829,0.0080449504099814,0.0031238049450024057
42900,0.8420786324087415,0.11636776663704107,0.02450080219731545,0.017052798756901886
42930,0.7927297249881871,0.14972491419164463,0.029146298284776318,0.02839906253539211
42960,0.8196914106298712,0.12307533994710727,0.03416650498145375,0.023066744441567758
42990,0.8817620003775377,0.08020288012184824,0.026048455553721584,0.011986663946892257
43020,0.7873955192271925,0.13957554788922372,0.05011882037812044,0.0229101125054631
43050,0.7764398984647547,0.12835685989813794,0.06472373612986232,0.030479505507244976
43080,0.8507069006301672,0.10346121414885198,0.03228912097717231,0.013542764243808748
43110,0.8048474214540184,0.13745302816335767,0.03824261732218402,0.01945693306043997
43140,0.844755933469064,0.10265437785563628,0.0371024185100873,0.015487270165212482
43170,0.8261039527259528,0.11526904423881017,0.04391128705954875,0.01471571597568802
43200,0.863295318645487,0.08696255934970075,0.03661997765982054,0.013122144344991768
43230,0.8958929372202453,0.07202951578792718,0.022294066118196735,0.009783480873630639
43260,0.8886676490214369,0.07615637584096063,0.023629715139849326,0.011546259997752849
43290,0.9150901686531981,0.06784184236750897,0.011593272156072787,0.005474716823219986
43320,0.8877766838267542,0.0902699258091266,0.014146723166657204,0.007806667197461926
43350,0.8968972682274825,0.07974299384067664,0.01796831873928025,0.00539141919256061
43380,0.9136959201499076,0.06728233870024744,0.013745861801235338,0.005275879348609427
43410,0.9059800341791184,0.0726491640916128,0.014270237388083477,0.007100564341185214
43440,0.9331714201180236,0.05128285657148764,0.010794193602341382,0.00475152970814764
43470,0.8901032114580771,0.0825324492950529,0.02182277491546722,0.005541564331402533
43500,0.922183755466597,0.05789366273405248,0.014379060841726387,0.005543520957624187
43530,0.9316348428709581,0.047922248430422504,0.015396818172040333,0.005046090526578994
43560,0.9100258902689824,0.06552990611003594,0.019107426878103784,0.005336776742877827
43590,0.9399518638939274,0.047609093246918206,0.009179502877400433,0.003259539981753936
43620,0.92557246231449,0.058222158645321674,0.0123932616317504,0.0038121174084383954
43650,0.9387729819388351,0.047101212585835786,0.010098138008984004,0.004027667466345226
43680,0.924367135078631,0.04796067847328904,0.018061450693637883,0.00961073575444227
43710,0.9247623452110609,0.056901967226411526,0.012635315599691018,0.0057003719628362795
43740,0.8917466198002212,0.06576469724696235,0.021282637030876447,0.021206045921939698
43770,0.8695030195224185,0.10042624775567038,0.018353755435873857,0.011716977286037216
43800,0.8781278222257526,0.09092413378102898,0.021080124146993343,0.00986791984622492
43830,0.9025622059940154,0.07185028330602063,0.017700924028705746,0.007886586671258149
43860,0.886913978654606,0.07663817734732088,0.025720387488781752,0.01072745650929128
43890,0.9199899753229501,0.050921579768494825,0.02078327599213703,0.008305168916418193
43920,0.9202551890525447,0.06185023356335297,0.012534784030022837,0.005359793354079246
43950,0.914936149856283,0.06851770669404501,0.01090606747149142,0.005640075978180493
43980,0.916923279289939,0.06029389539248159,0.014794275095927251,0.007988550221652185
44010,0.9611184166822277,0.03030246255163046,0.006781652022973825,0.0017974687431679035
44040,0.9367537525513622,0.04943264787744001,0.009319948704584462,0.004493650866613411
44070,0.9308789840573192,0.05288363396329296,0.010207264501962141,0.006030117477425922
44100,0.925693863722873,0.050436170199687005,0.016182142072533864,0.00768782400490594
44130,0.9272253949665993,0.053294406457850475,0.013110527846425973,0.0063696707291243096
44160,0.9364046613352615,0.049108809726787064,0.010671486750445016,0.0038150421875064212
44190,0.9294994434586156,0.054464141931697366,0.012306736235924912,0.0037296783737621395
44220,0.9428392601272462,0.04593011069082473,0.007841209722929135,0.0033894194590000882
44250,0.9569697526029076,0.03270970157324547,0.006896028769712577,0.003424517054134357
44280,0.9458530402079764,0.04114926134419882,0.009570776063888897,0.003426922383935714
44310,0.962257257133472,0.02894334704380406,0.006690114233790643,0.002109281588933387
44340,0.9451701234908793,0.040636729774500925,0.010001252419335088,0.0041918943152846775
44370,0.9585189629770866,0.03501460533270475,0.004632171975725793,0.001834259714482734
44400,0.9373923403739223,0.049762179525529325,0.008109616054761203,0.004735864045787003
44430,0.929986315316562,0.03873874826924748,0.013113453182656467,0.018161483231534013
44460,0.9178069355113271,0.06464166780984285,0.012757332109096204,0.004794064569733917
44490,0.9320598000788883,0.05007817694533902,0.012065167792457962,0.005796855183314725
44520,0.780553455115811,0.16235583480483454,0.03149541402194161,0.025595296057412883
44550,0.8297464599231329,0.11263079797488999,0.03271337197906844,0.024909370122908874
44580,0.8662129517938896,0.09994095785146846,0.022576716149739412,0.011269374204902514
44610,0.9075740042444644,0.07422007595817617,0.012225701379414427,0.005980218417944901
44640,0.8627916497279162,0.11430377417017411,0.015649102843190345,0.007255473258719435
44670,0.8882090647069533,0.09225551161244588,0.014232157962349876,0.005303265718250989
44700,0.7863177913700258,0.1705966780158036,0.031915952061895306,0.011169578552275235
44730,0.7080491014007826,0.22995081540944898,0.04350690112995676,0.018493182059811687
44760,0.6602161413818505,0.23706338331611032,0.0747632920211837,0.027957183280855603
44790,0.6959942419689322,0.21527025272184017,0.06179827175054285,0.02693723355868458
44820,0.6809221033157608,0.24189245134665371,0.05142099368656399,0.025764451651021356
44850,0.8108978454540487,0.11659913678279592,0.041410042796381295,0.03109297496677401
44880,0.6921520041084857,0.18128758266938252,0.0942815324401738,0.03227888078195809
44910,0.6575200392255072,0.21030296379271232,0.09553221235387471,0.03664478462790577
44940,0.6189092990414344,0.2320706811368483,0.07856630465078615,0.07045371517093085
44970,0.4547832550223111,0.3613089521188219,0.11398015781237383,0.06992763504649317
45000,0.5609000629377865,0.2992800237983666,0.0831951310121503,0.05662478225169667
45030,0.6129652812732717,0.24127416911797894,0.10045224445475887,0.04530830515399022
45060,0.6367864752007004,0.26753094023774765,0.06577137593423155,0.029911208627320503
45090,0.6880440199180329,0.24052778129214222,0.045768781388154066,0.025659417401670992
45120,0.7001123125085501,0.2198972476017298,0.051362752550465844,0.028627687339254266
45150,0.7360809464637944,0.17434444779847982,0.05789315396747135,0.031681451770254485
45180,0.7080819464434187,0.19416878513228827,0.06354923870279633,0.034200029721496626
45210,0.6936960068518292,0.20287713044064587,0.06670302763871998,0.03672383506880512
45240,0.6583215968601103,0.2380833774945578,0.07187016700108542,0.031724858644246616
45270,0.6476728936074575,0.24178887456164433,0.07422521754901427,0.036313014281883715
45300,0.5833047530570062,0.30943516600648413,0.06304751545938529,0.04421256547712446
45330,0.7318846220421333,0.17997348667150617,0.05127028732310803,0.03687160396325267
45360,0.6602260767917606,0.24018585163191425,0.07194887447206234,0.027639197104262735
45390,0.6962036584859256,0.20237656624397238,0.06071112386400255,0.040708651406099604
45420,0.843100951080926,0.11028955651037155,0.03336298060575079,0.013246511802951501
45450,0.7845512851414483,0.13164269115459137,0.0521786608790961,0.031627362824864044
45480,0.7937537665879192,0.12418229352884619,0.04651918228787965,0.035544757595355185
45510,0.9382493949515015,0.02378648793603166,0.01798107267181629,0.019983044440650494
45540,0.48349085434431543,0.2554941794538787,0.21056077875556506,0.05045418744624084
45570,0.5207458165739048,0.27140699834911225,0.15210928583889477,0.05573789923808798
45600,0.5630474783251496,0.2608744068924789,0.11558660989448637,0.06049150488788509
45630,0.9335868580802668,0.031011477813423702,0.015861736991181947,0.01953992711512773
45660,0.9302546289612885,0.040914825480176664,0.010397213632422268,0.01843333192611245
45690,0.9037772824186032,0.07465575627989776,0.01025345400000535,0.011313507301493917
45720,0.9414148013433271,0.0445546860683329,0.006913277090048542,0.007117235498291644
45750,0.9229219158165359,0.05836790428020578,0.009705465358086845,0.009004714545171256
45780,0.9388135412292792,0.04024188763887367,0.008469707286583066,0.012474863845264167
45810,0.9686428380879865,0.01675806199213601,0.007683381594609817,0.006915718325267925
45840,0.7207554305814348,0.15674412757818618,0.09525993713936275,0.027240504701016105
45870,0.3377324690587908,0.4043958516588888,0.21707148948741756,0.04080018979490309
45900,0.3401025236625563,0.4114851218558756,0.21040306613716928,0.03800928834439887
45930,0.4428218727390073,0.29757327100498565,0.2190710135444034,0.04053384271160365
45960,0.3403466305278295,0.3585975234205918,0.2565700326822473,0.044485813369331564
45990,0.39640104687077443,0.3626422422192952,0.19497650036645903,0.045980210543471504
46020,0.5375481724323391,0.21934938194907921,0.2055536289280426,0.037548816690539055
46050,0.49498866394669605,0.234045317272536,0.21665524100374461,0.05431077777702314
46080,0.5056931592246172,0.258247162429525,0.1842017274175725,0.05185795092828529
46110,0.5176685312906647,0.25015185252385497,0.18853994619079584,0.0436396699946845
46140,0.5292202864213279,0.24678397234826963,0.166598870510118,0.057396870720284425
46170,0.4932136199288888,0.2924569993826894,0.16138509685008626,0.05294428383833551
46200,0.5677513553854427,0.18528212946941744,0.13526952485944008,0.11169699028569971
46230,0.5285883499893247,0.2446239059291073,0.18791929717213154,0.038868446909436694
46260,0.502831373409026,0.23329213422691125,0.22105646397552112,0.04282002838854165
46290,0.5795077629079007,0.2463803587556324,0.12386201752898073,0.05024986080748626
46320,0.6806962005698042,0.16859194610181602,0.11032881976338621,0.04038303356499346
46350,0.7665626965742163,0.18849745114563118,0.023114887200992088,0.021824965079160413
46380,0.7982715991750458,0.15154647685271888,0.03272455912962512,0.01745736484261016
46410,0.7708868440496346,0.14096082757860562,0.06423258116175792,0.02391974721000188
46440,0.7851266818634209,0.1589716521128416,0.028748892528618626,0.027152773495118895
46470,0.8354345518658627,0.11439264679458884,0.03379384661902585,0.016378954720522487
46500,0.7608996670595595,0.1667140866160141,0.048825124607276,0.023561121717150205
46530,0.8743450582092388,0.0845272576751756,0.021735547467221946,0.019392136648363718
46560,0.7867664004383834,0.14572687179710503,0.039652530702699154,0.02785419706181251
46590,0.7998836815736432,0.12057266929331183,0.045778250316840935,0.03376539881620414
46620,0.740363044402037,0.1517536647542802,0.044368990363509414,0.0635143004801733
46650,0.8434683792886518,0.10792453180325126,0.0229746914864622,0.02563239742163489
46680,0.7373645606539426,0.17853956037035276,0.05722328166669574,0.02687259730900889
46710,0.7675942434833184,0.1545826577984645,0.0343820883423001,0.04344101037591708
46740,0.7991226547772607,0.0964744217496675,0.053268762528635036,0.0511341609444368
46770,0.8130298866630278,0.123479713699393,0.03789042458643065,0.025599975051148766
46800,0.687490457256193,0.24949936571867173,0.029938955745916186,0.033071221279219236
46830,0.7490831727399184,0.1543612923445895,0.042396645446753534,0.0541588894687385
46860,0.7988143750696015,0.1437284539326277,0.023327027941284863,0.034130143056485894
46890,0.6878121085606506,0.18228927443111395,0.06797521359561123,0.06192340341262417
46920,0.8047812658754315,0.1134883380940513,0.04326855948274238,0.03846183654777496
46950,0.8036957775132536,0.13039037408041634,0.03180617064918979,0.03410767775714032
46980,0.7694401811030838,0.1472246944363699,0.04872032880215185,0.034614795658394606
47010,0.7031234959154713,0.18585033937915574,0.06048646081202862,0.05053970389334433
47040,0.7717355090076452,0.1519647628395083,0.03994613786275315,0.036353590290093454
47070,0.9018787771097694,0.023536711624657865,0.031074257201463833,0.04351025406410903
47100,0.6271605632330794,0.1729203161042077,0.1466460020616684,0.05327311860104458
47130,0.8412959242951493,0.11172233430876456,0.025698306150963742,0.0212834352451222
47160,0.8666593825832846,0.08969312997112966,0.025339569596648282,0.018307917848937216
47190,0.8408451322523974,0.0869069744158801,0.03948235379247359,0.03276553953924865
47220,0.731710966394745,0.16878363128157597,0.06494793322865655,0.034557469095022796
47250,0.8209521296751308,0.11112328483953869,0.035570032691865656,0.032354552793465205
47280,0.7164107416790516,0.14137363101525757,0.07151473649903638,0.07070089080665438
47310,0.7617391703282581,0.17535817995499253,0.03452756240622203,0.02837508731052723
47340,0.8062269030530881,0.13287321599220506,0.030417883959751126,0.03048199699495566
47370,0.799736023520142,0.11450057846820676,0.041444646852880906,0.04431875115877041
47400,0.7734348839646177,0.14885213279733092,0.049366444005977866,0.028346539232073267
47430,0.820221335703445,0.10502320865653975,0.04038480851054382,0.03437064712947123
47460,0.8058222931028193,0.13546253892754515,0.03068736331725334,0.02802780465238226
47490,0.8257518720407855,0.12160713703664368,0.02626356977185207,0.026377421150718974
47520,0.825987254953467,0.11280079992704567,0.034711545805598175,0.02650039931388896
47550,0.7961605442741667,0.12483907690726628,0.04266460520150404,0.036335773617063166
47580,0.8316165398263027,0.10743892252869214,0.03614342571477877,0.024801111930226268
47610,0.8827829762459676,0.08174334131201602,0.021273838308601214,0.014199844133415322
47640,0.8311798431855513,0.07808953040507854,0.054082009352595405,0.036648617056774746
47670,0.8351574781431764,0.12203943104335825,0.024096555988499475,0.0187065348249661
47700,0.7956729369573308,0.14405270639351486,0.029299619385795745,0.03097473726335878
47730,0.8772635148653586,0.07507090529843441,0.030654328296905314,0.017011251539301688
47760,0.794512859023674,0.1396858825469231,0.03791542664982448,0.027885831779578533
47790,0.8019560314926947,0.11986036055691983,0.03535055195187312,0.042833055998512545
47820,0.8259675000515684,0.11885337553050294,0.030200179207417622,0.02497894521051076
47850,0.8075220812169199,0.12860312847344024,0.04252060911103723,0.02135418119860267
47880,0.7780537053869171,0.15164530756905242,0.05282708079260054,0.01747390625143009
47910,0.8067987776314767,0.120276245023072,0.0342374729569745,0.038687504388476845
47940,0.8691939503441222,0.07205431972872961,0.030690109783034172,0.028061620144113713
47970,0.7922225986918239,0.12147481475508304,0.03905746475223511,0.04724512180085814
48000,0.8146957457968524,0.12928958935526272,0.029276749489822375,0.026737915358062657
48030,0.8668277262791283,0.09636781312088889,0.024050345221943402,0.01275411537803935
48060,0.8325747421064271,0.12139855301289457,0.029067177364153277,0.016959527516525
48090,0.8179732237285708,0.12435070782660324,0.03616671467927855,0.02150935376554748
48120,0.8492983913413689,0.0963834020402192,0.03076302107529315,0.023555185543119073
48150,0.9286335828142663,0.05113903547806608,0.012744454445215875,0.0074829272624518375
48180,0.8339500933960305,0.11801615877404638,0.031078592827978715,0.016955155001944233
48210,0.9104897596679546,0.06970592194407611,0.013692356454019021,0.006111961933950367
48240,0.9115769972775223,0.06831055041571531,0.013235724013172585,0.006876728293589899
48270,0.9077870018901352,0.06683625389673424,0.013828872997751243,0.011547871215379554
48300,0.8724236998375147,0.08640884493981649,0.02389999269135221,0.01726746253131677
48330,0.84747889753379,0.10403328815850911,0.03339748091561806,0.015090333392082739
48360,0.8286303195427821,0.1265730727767246,0.025613125208270006,0.019183482472223318
48390,0.8661084890174443,0.09715326831449257,0.01979079605151506,0.01694744661654806
48420,0.9279390890969089,0.05433466362900699,0.01201469910120612,0.005711548172878056
48450,0.9348827714618213,0.04669729173005341,0.011132494980051543,0.007287441828073436
48480,0.9092250688085878,0.06695815748013748,0.01616955692033915,0.007647216790936
48510,0.9074814632193239,0.06249664389992641,0.01755204006659865,0.012469852814151278
48540,0.9169619066691824,0.061933671207487044,0.013679894542576544,0.007424527580754119
48570,0.8956522239132734,0.07674904801551571,0.015834636787037015,0.011764091284173977
48600,0.8921027478572905,0.08064952370380427,0.018597912694392132,0.008649815744513362
48630,0.8806663499349129,0.0870826662552931,0.02332661939133993,0.008924364418453802
48660,0.9383863191795635,0.04724033767923554,0.0092908872030891,0.005082455938111787
48690,0.924692527362028,0.05948871417198746,0.010228013523860498,0.005590744942124061
48720,0.9571500065584033,0.02680331380164161,0.008795013233580349,0.007251666406374899
48750,0.9044833098979221,0.06817954396629941,0.014997541174620942,0.012339604961157456
48780,0.8749753249246247,0.09348813015843448,0.021336733505610248,0.010199811411330638
48810,0.895847315904256,0.07836040862800299,0.016482706771677718,0.009309568696063536
48840,0.8329516407517975,0.11464540636966417,0.02814556769289026,0.024257385185648555
48870,0.8713487800431906,0.08787542531114031,0.022841451562224176,0.01793434308344464
48900,0.8855832841047052,0.0732457479936365,0.022399911200993525,0.018771056700664653
48930,0.7831980125536742,0.16628400068200266,0.033051366787929616,0.017466619976393257
48960,0.8718208268796164,0.09698928199223714,0.018685560253443628,0.012504330874702804
48990,0.8813013070009296,0.096032211441389,0.01644089024656518,0.006225591311116115
49020,0.8380786927152106,0.12401543597218237,0.024322713017806696,0.013583158294800363
49050,0.8102046375055159,0.1456501707632891,0.02850800936786177,0.01563718236333318
49080,0.7697738192894109,0.18254596548435786,0.032615146919352696,0.015065068306878537
49110,0.7176251256217104,0.19818795387542087,0.05296882576937984,0.03121809473348895
49140,0.664204363786864,0.17377797999781444,0.09589714436228522,0.06612051185303643
49170,0.6831418131814174,0.22512385833206316,0.06122696728759857,0.030507361198920706
49200,0.7460936298900318,0.1871786921536564,0.0383360459658922,0.02839163199041984
49230,0.7276625823685787,0.17756835728340414,0.06360505196751491,0.031164008380502286
49260,0.7087016486862271,0.19585841153664835,0.06436303576979034,0.031076904007334216
49290,0.6831334047353086,0.23376052643691164,0.05056385265165012,0.03254221617612976
49320,0.7374662516998335,0.1912813691724681,0.04743752065866396,0.02381485846903437
49350,0.7841969331900299,0.1320102072515411,0.052896707047731965,0.030896152510696967
49380,0.698918383819374,0.21394674038937458,0.05957306271550719,0.027561813075744176
49410,0.6868768020714116,0.19942374931193163,0.06374557593973736,0.04995387267691948
49440,0.7539033425515459,0.16902085908735398,0.0503134523540048,0.026762346007095587
49470,0.8681304111273549,0.09042938574714023,0.027735948741035236,0.013704254384469525
49500,0.7878429389967735,0.1398726528427675,0.043465584076505956,0.02881882408395314
49530,0.7187948415236133,0.19965818394522472,0.0511012412588317,0.03044573327233033
49560,0.696233649477695,0.20031057460064292,0.06998020683315667,0.03347556908850536
49590,0.7510380807274113,0.16764686995722125,0.04905682246666222,0.03225822684870525
49620,0.7817384287574011,0.14125201405030902,0.04714050048914167,0.029869056703148315
49650,0.7985460290573103,0.12976051684214643,0.049091153510854996,0.02260230058968813
49680,0.6726918289487297,0.20796188292752651,0.07777924794801577,0.0415670401757283
49710,0.668228741694416,0.20827071627465937,0.08497107729802193,0.03852946473290259
49740,0.6870072336195342,0.14449519863910631,0.0807714518676793,0.08772611587368027
49770,0.7157198414155382,0.18312153971150832,0.07109158955628879,0.030067029316664783
49800,0.6887614933460712,0.20756784818254334,0.06053242092380522,0.04313823754758043
49830,0.6435916573337378,0.2613298812055059,0.05397041207135697,0.04110804938939945
49860,0.7325312693784369,0.16722195549299027,0.06523867693141391,0.035008098197158825
49890,0.6241613806880774,0.24370701447383503,0.08272549075894045,0.04940611407914709
49920,0.6447950590100932,0.24888850600831147,0.06622112871137262,0.04009530627022263
49950,0.5888849831428385,0.27964580530144423,0.0935460659529177,0.03792314560279965
49980,0.6667200034021635,0.23722858981391381,0.06323596435408896,0.03281544242983371
50010,0.8833570991363308,0.08167504920916899,0.020931975209916565,0.014035876444583558
50040,0.6926338327657666,0.18783630231636428,0.0716209118562488,0.0479089530616204
50070,0.701626018294166,0.1620898700217506,0.09339498493197444,0.04288912675210921
50100,0.6287892106920286,0.24105625806643155,0.08363399383685458,0.04652053740468537
50130,0.8059864964454877,0.10464936957365027,0.05851693254645667,0.030847201434405308
50160,0.7770169085204419,0.08538245461433701,0.05854208532468046,0.07905855154054088
50190,0.5108164579440788,0.25804340133601716,0.12774353895073465,0.10339660176916936
50220,0.6720107913478663,0.2067669899362885,0.05936441095516032,0.06185780776068498
50250,0.6745524880462517,0.2113254384672449,0.05482842378790418,0.05929364969859926
50280,0.6827626784358668,0.220104079381891,0.06239294113313527,0.03474030104910693
50310,0.6531661980165857,0.24141775444986294,0.06802761557280299,0.03738843196074853
50340,0.6125918267528322,0.22861210881343816,0.1037695498923293,0.05502651454140045
50370,0.5202825212416797,0.29820985394942506,0.12766082245022103,0.053846802358674166
50400,0.8529356406363294,0.08385459686451244,0.038287722904293914,0.024922039594864335
50430,0.6182895527651623,0.2516403476806121,0.07218154740770424,0.05788855214652121
50460,0.6008969097679214,0.2936216527082242,0.06278960387482044,0.04269183364903385
50490,0.7403741643618595,0.18513257280515613,0.03980213101016501,0.03469113182281934
50520,0.7046185962577968,0.1979171842093265,0.050579979609867105,0.04688423992300965
50550,0.6641669584950958,0.2523519570043664,0.05600586006576892,0.0274752244347689
50580,0.6209632212639928,0.21355014856658022,0.1021340360379257,0.0633525941315012
50610,0.9258658829657972,0.03069228435298711,0.01823225599030898,0.025209576690906614
50640,0.9521650249287519,0.017611998325656415,0.009699640504255905,0.02052333624133554
50670,0.8280500921293966,0.08930857539988682,0.06249002512525036,0.020151307345466104
50700,0.3574108925477551,0.36075525246457507,0.23608917582332162,0.0457446791643482
50730,0.8416526987162721,0.06016312877635731,0.06139887718647333,0.036785295320897554
50760,0.8999023832233082,0.055126319440949235,0.024967029861448737,0.020004267474293916
50790,0.9463646181064508,0.029180974957163267,0.010328493727339667,0.014125913209046114
50820,0.9414490141271754,0.04457095956979059,0.007784395992428738,0.006195630310605641
50850,0.8872160044476427,0.08709381036753586,0.015100713120976866,0.0105894720638448
50880,0.7196919136164563,0.17808194582444986,0.08266019506252288,0.01956594549657095
50910,0.6948191852225903,0.16503805529273974,0.11366034499686865,0.02648241448780129
50940,0.46475742395668046,0.3176631983549022,0.18139414094586487,0.03618523674255257
50970,0.527567359934419,0.175923692445162,0.246349483054729,0.05015946456569004
51000,0.3664632576442716,0.3056611922318111,0.2800802559290907,0.04779529419482663
51030,0.40480966385028916,0.3647188953669414,0.19276048545883792,0.03771095532393151
51060,0.37055473022794627,0.3124255426496858,0.26259737246028403,0.054422354662083915
51090,0.8543110804472088,0.05569324421002495,0.034769544959306606,0.05522613038345982
51120,0.42203536381601575,0.2726524523066232,0.21563060322199665,0.08968158065536416
51150,0.5021183155068257,0.24707105056431017,0.145725554422291,0.1050850795065731
51180,0.5545668431073324,0.18329911205782884,0.16722803124814611,0.0949060135866928
51210,0.7967707495284013,0.09571075925023192,0.06091876742143387,0.046599723799933025
51240,0.9762678416534977,0.013838696461261787,0.003406033970898089,0.006487427914342176
51270,0.9029907050284004,0.04301545209887431,0.02929627708983761,0.024697565782887516
51300,0.8439404719833942,0.07720832897995819,0.029154875891456395,0.04969632314519109
51330,0.9336227259479974,0.0367477805189026,0.013298835411958271,0.016330658121141595
51360,0.925097402305141,0.05519633913396433,0.007368571331898073,0.012337687228996573
51390,0.8843259109905434,0.05129890934356965,0.028268577807723905,0.036106601858163126
51420,0.94623879398755,0.03510252569704456,0.007937904904878097,0.010720775410527246
51450,0.9381969587128088,0.04073137151390957,0.010288130893064696,0.010783538880217186
51480,0.9508879736938901,0.033376618239010475,0.009119007882848754,0.006616400184250772
51510,0.7064590628583284,0.1160133215186618,0.12948209034658203,0.04804552527642789
51540,0.5340164792986692,0.23313866982435896,0.16451185290838397,0.06833299796858786
51570,0.8711971848904307,0.08143987157367565,0.03290131780775807,0.014461625728135698
51600,0.908403803890755,0.06985163387434545,0.012045275095998871,0.009699287138900677
51630,0.9342793153513609,0.05361696799979983,0.007568011714352187,0.004535704934486863
51660,0.9556445624707608,0.02653544377543803,0.010500729984594616,0.007319263769206665
51690,0.9463173771322105,0.03888119100458578,0.005851342484805908,0.008950089378397915
51720,0.9387476373375497,0.04141849347308733,0.009411278440589506,0.010422590748773431
51750,0.8828938831129135,0.077283079220702,0.02841193225457713,0.01141110541180737
51780,0.8690449579077852,0.07433907024039281,0.041038895727714415,0.015577076124107551
51810,0.9011285138025272,0.07147734451849472,0.019694330146629083,0.007699811532349112
51840,0.74748960914634,0.09488044129453801,0.12776352073700598,0.029866428822116053
51870,0.4534076393710254,0.3070870556463217,0.17883229881384055,0.06067300616881267
51900,0.8580930888828152,0.08487900287621186,0.04147248878143158,0.015555419459541376
51930,0.9736297581015766,0.015552030294622909,0.004243386978746637,0.006574824625053661
51960,0.9046011679451361,0.07522357654707378,0.009310895639398954,0.010864359868391182
51990,0.8869529760744078,0.08855379548206924,0.012217290665948888,0.012275937777573874
52020,0.8994510239305961,0.0801430266500773,0.012036737167942018,0.008369212251384584
52050,0.7003945920564882,0.17638803618329418,0.09435012847217389,0.028867243288043534
52080,0.504319693531093,0.26273344806610877,0.19078639920139867,0.04216045920139961
52110,0.5931803402296517,0.21294692562881098,0.14243199318532687,0.05144074095621008
52140,0.6420355201827759,0.19511515262584558,0.11195398279501036,0.05089534439636835
52170,0.7411506294005066,0.17395004047922266,0.04861996875157924,0.03627936136869147
52200,0.8552485755084566,0.06249186406317477,0.05178187824468503,0.030477682183683637
52230,0.8395103574508834,0.08901213997003836,0.04561852465993748,0.025858977919140762
52260,0.9173708974790273,0.039785529364791496,0.022090789512005066,0.020752783644175987
52290,0.5745204078449051,0.276992204535919,0.11555579455791515,0.03293159306126084
52320,0.505990263252595,0.3129782712839564,0.14815611293653622,0.03287535252691242
52350,0.5414237235146887,0.27240573388978073,0.15313542895339327,0.03303511364213713
52380,0.730258808218992,0.15229623453634414,0.09063992977770392,0.026805027466960236
52410,0.6603841274374962,0.174184343700559,0.13092802224282069,0.0345035066191241
52440,0.9285460291037457,0.04805349493415904,0.01397528338976407,0.009425192572330932
52470,0.8793626634143759,0.05864723264303339,0.0426130151144411,0.019377088828149883
52500,0.8944229315692049,0.059926575286226365,0.025793829120079395,0.01985666402448902
52530,0.46995531258760936,0.24866249803546706,0.19225848535558931,0.08912370402133424
52560,0.9438932614390918,0.02896951874625224,0.01408386148196677,0.013053358332689098
52590,0.8455356493723493,0.06726527743359247,0.06372176832465683,0.02347730486940169
52620,0.6998008232347627,0.15285582211688578,0.09606941379357521,0.05127394085477644
52650,0.8115825291268769,0.07805947517682245,0.07776341934196633,0.03259457635433444
52680,0.894108826977483,0.0595011460850509,0.01873726086053612,0.027652766076929826
52710,0.9191461954835992,0.05008640006716637,0.01099218649646092,0.019775217952773413
52740,0.9508829911856191,0.03310594638944745,0.006724905733739705,0.00928615669119379
52770,0.9515745172879396,0.034498349063265175,0.00585682254359756,0.008070311105197573
52800,0.9082248085060705,0.055306518462092766,0.01622927756041504,0.02023939547142175
52830,0.866923390913328,0.10054823985848017,0.01291410645458117,0.019614262773610606
52860,0.8909684212599109,0.08368348804900834,0.01117991418424072,0.014168176506840158
52890,0.901732832427946,0.06767912934511815,0.011694905584147052,0.018893132642788735
52920,0.9412561478457818,0.039382720493771894,0.007897405657564851,0.011463726002881213
52950,0.8544771181781049,0.09491125165520965,0.02236843128731636,0.0282431988793691
52980,0.9221258888805915,0.05313572244168616,0.008852083468625063,0.015886305209097014
53010,0.9242309663777079,0.053223583918352184,0.009686480337484867,0.012858969366455055
53040,0.9317396442067131,0.04288549089913406,0.010853730241541895,0.014521134652611135
53070,0.8935859082485199,0.06999201202947605,0.020938512608463657,0.015483567113540346
53100,0.8619387860275536,0.08779258685996705,0.017205763322731726,0.033062863789747536
53130,0.7925625157693073,0.1440018364508231,0.04216017708810696,0.021275470691762683
53160,0.861253079752859,0.10100617285444188,0.02014936079491337,0.017591386597785724
53190,0.8616616788774031,0.10859716056421909,0.016018607751412697,0.013722552806965002
53220,0.8758856078200796,0.07232003070521031,0.020824438546878973,0.030969922927830847
53250,0.9443431417690437,0.04099451660739597,0.007180206953468489,0.007482134670091916
53280,0.8992922542198463,0.07894529053461714,0.01295954040004877,0.008802914845487503
53310,0.9519612222238902,0.03350772005324029,0.005257169583323835,0.009273888139545836
53340,0.9340549417568753,0.03573504388499869,0.010910070245568624,0.019299944112557244
53370,0.8789568533841491,0.06721326801347038,0.018717206106155734,0.03511267249622477
53400,0.9076871150197408,0.06380083563336994,0.012905925855402647,0.015606123491486717
53430,0.856729345747439,0.09362711166162106,0.019643043908288412,0.030000498682651706
53460,0.8591760955405182,0.07760946199367785,0.02247843138692116,0.04073601107888267
53490,0.8940626233703407,0.0646512650943629,0.016277473997711348,0.025008637537584907
53520,0.8904886988327613,0.07539179188193046,0.012193550020750447,0.021925959264557943
53550,0.8889513583610534,0.0668322333451926,0.018292916431860175,0.025923491861893747
53580,0.9049579439717143,0.05541362762096043,0.01457682631307451,0.025051602094250607
53610,0.8468285085291275,0.10171046872171777,0.020349112202048585,0.031111910547106065
53640,0.8924848211799906,0.07572964537913067,0.015231055815294657,0.016554477625583996
53670,0.865444525030642,0.08806357375158383,0.02033873203822252,0.02615316917955154
53700,0.8961757844268798,0.06018206489122115,0.01499914203168417,0.028643008650214526
53730,0.8731153898748859,0.09437443230501485,0.015755845359328637,0.01675433246077076
53760,0.9149029328632351,0.05502312361743538,0.012095925859636697,0.017978017659692987
53790,0.909098230798812,0.06026387305148166,0.010897732503711568,0.01974016364599474
53820,0.9183716058124939,0.046193633548263495,0.012385239227775846,0.02304952141146687
53850,0.9419068560590407,0.03645930247795303,0.009565064624129154,0.012068776838877089
53880,0.887678857351362,0.055166725288544625,0.019912285281971982,0.03724213207812134
53910,0.941000066780443,0.036651578882560196,0.009173648987218492,0.013174705349778399
53940,0.9001993713195761,0.06749972712545792,0.01311020071494268,0.01919070084002356
53970,0.8681784937713759,0.06956570610829249,0.01885966826075362,0.043396131859577816
54000,0.840499165049194,0.11750598636450575,0.015325823331528423,0.02666902525477189
54030,0.8752125773976526,0.07908013553754133,0.016930737827497596,0.028776549237308404
54060,0.8664280410362326,0.08510410129157046,0.01964275500751912,0.028825102664678026
54090,0.8531493833413508,0.09200824136806694,0.020565202017011504,0.03427717327357083
54120,0.8862036709987791,0.07461655172211058,0.015069118091008336,0.024110659188101954
54150,0.88742985614748,0.07675535354458328,0.01589052479594895,0.019924265511987463
54180,0.9130035405900043,0.049573774353741676,0.012803517439039475,0.02461916761721452
54210,0.9321376250708394,0.03581097402366547,0.011719511110087583,0.020331889795407652
54240,0.8736348396852246,0.07668315003772722,0.019448842697320303,0.030233167579727757
54270,0.8429894374619626,0.0860713372873043,0.029568861575758016,0.041370363674974736
54300,0.9288364677164854,0.04752664733124256,0.010526970834253692,0.013109914118018338
54330,0.9079731976096823,0.06380046370318938,0.013056253513081475,0.015170085174046848
54360,0.9181289034732307,0.049221967289866414,0.013244189933904593,0.01940493930299839
54390,0.889583720621189,0.06688554579981552,0.017199637691870003,0.026331095887125577
54420,0.8623440040079577,0.08555311434422962,0.021067296292407476,0.031035585355405203
54450,0.8979440202330959,0.06175069016069828,0.014018504951471793,0.026286784654733754
54480,0.9006714421227316,0.06190503807256405,0.013301687024292878,0.024121832780411617
54510,0.9064022121650448,0.05691520156383608,0.013560930124391215,0.02312165614672803
54540,0.8970916340617322,0.06462306686138856,0.014878827665375353,0.02340647141150363
54570,0.812896517149502,0.09147562646113604,0.028413671257898315,0.06721418513146366
54600,0.8485776596966714,0.08190386481664581,0.02245636234870627,0.047062113137976536
54630,0.8992762968313066,0.06842333466244198,0.012806375440532697,0.019493993065718952
54660,0.8749411180868755,0.08152484377879617,0.01518178986800389,0.028352248266324223
54690,0.9068764517290817,0.055208058401966915,0.011067350342485332,0.026848139526466076
54720,0.9148731733396657,0.04917874067834985,0.014997732632297532,0.020950353349686934
54750,0.8924234918417483,0.07050280987810141,0.013505723108198354,0.02356797517195187
54780,0.9021962006812767,0.0589519836120038,0.017250811134643478,0.021601004572075873
54810,0.9004389945963359,0.06124444601818168,0.015855170813928596,0.022461388571553755
54840,0.9198564293616373,0.04106386786497417,0.01028152272401821,0.0287981800493704
54870,0.9110659426228286,0.05262067781513228,0.012298497572878108,0.02401488198916118
54900,0.8742322048494782,0.09582171962434394,0.012033592461594205,0.01791248306458355
54930,0.9225211552804794,0.04850347214989599,0.012023974792539641,0.016951397777084876
54960,0.9418307138397126,0.037846217850445174,0.00826909543535586,0.012053972874486514
54990,0.8533854719199683,0.10757782922230523,0.017642939395126546,0.02139375946259974
55020,0.9144254745743488,0.05938415697732741,0.011369621678676077,0.014820746769647525
55050,0.9109858403631913,0.062375696344618745,0.011840408709819481,0.014798054582370386
55080,0.8646091737292027,0.0864373741367245,0.020187662899628363,0.028765789234444606
55110,0.8995820042462328,0.07134472231465536,0.012637959073048806,0.016435314366063027
55140,0.8988765815074727,0.07101892651744104,0.012910146522010186,0.01719434545307628
55170,0.8570879827595108,0.10200358812810999,0.015999751649072125,0.02490867746330673
55200,0.8932918848451304,0.05836494985603919,0.01760079291354972,0.0307423723852805
55230,0.9355755674586668,0.052508155655206216,0.0062874699872025,0.005628806898924491
55260,0.9282420788563688,0.049355097263426025,0.009077467639104256,0.013325356241100823
55290,0.9436584545307284,0.03629231031026749,0.00853816201963502,0.011511073139369032
55320,0.9314666278617143,0.049817977287764784,0.008555252761906336,0.010160142088614934
55350,0.8549840371341947,0.09859496123372824,0.019826681570026258,0.02659432006205095
55380,0.9273936788034449,0.04998139193212484,0.008674525419879937,0.013950403844550192
55410,0.8680009773684296,0.09164195839977876,0.01858601090571937,0.021771053326072338
55440,0.9057488581737604,0.06367998758276637,0.011857667078049213,0.01871348716542398
55470,0.9157477083274451,0.04892544518759344,0.013322082913972348,0.02200476357098896
55500,0.9081918692210493,0.05670047369993655,0.013072871398581291,0.02203478568043284
55530,0.8561758255949955,0.08073035232212519,0.01885849303393845,0.04423532904894085
55560,0.8848830022393721,0.06803937232658215,0.019723287028742285,0.027354338405303574
55590,0.8864324246471649,0.07372938353435265,0.019802992139214305,0.020035199679268114
55620,0.8602709749077343,0.07409752484079758,0.02500052162784586,0.040630978623622235
55650,0.8552711573198227,0.07679642804998656,0.019646519842345292,0.048285894787845535
55680,0.9027868234469526,0.05491490608893054,0.01553151316749069,0.026766757296625927
55710,0.8976405544825943,0.061371961676397524,0.014509256436549902,0.02647822740445832
55740,0.9028122994854182,0.053530353949066564,0.01571447272183632,0.027942873843679116
55770,0.85874273574481,0.10784670202851304,0.013730519184440411,0.019680043042236663
55800,0.9017103568157888,0.062200986880045266,0.012837066576933657,0.023251589727232375
55830,0.8446476200735101,0.07804210029007513,0.021627733258340533,0.05568254637807415
55860,0.8966745869791721,0.06578357450391914,0.018116757540718658,0.019425080976190185
55890,0.91451291189111,0.060255467793215035,0.00920433753311381,0.01602728278256142
55920,0.8966628940133913,0.06765843340954109,0.014620980236283759,0.02105769234078387
55950,0.8984182444931076,0.06998874392483137,0.013794986474208392,0.017798025107852933
55980,0.8855405847922239,0.07086673299409033,0.0164397525277751,0.027152929685910553
56010,0.8984042306748846,0.06987810959499714,0.013118754819880394,0.01859890491023772
56040,0.9406569277943856,0.03541758364552564,0.010269922493352244,0.013655566066736806
56070,0.911867330589462,0.060785269051806534,0.011855813173185386,0.01549158718554619
56100,0.9024506946706091,0.061726515346026266,0.014278348665651452,0.021544441317713214
56130,0.9143799403399385,0.05812740078568529,0.010503711018132186,0.016988947856243955
56160,0.8502487596753889,0.09064289008118673,0.021338208646696662,0.03777014159672783
56190,0.884340523821916,0.07464824172986191,0.014680200756935945,0.026331033691286074
56220,0.8332758666133636,0.08800090983594754,0.026514730020726532,0.052208493529962534
56250,0.9144856657211561,0.054138590810788895,0.013765901736840646,0.0176098417312143
56280,0.8551173869171338,0.07393514497191452,0.023653041148329293,0.04729442696262235
56310,0.8932951853442557,0.07307725447432442,0.013813876433146017,0.01981368374827419
56340,0.8708711888842533,0.0720600021935564,0.02014447034353822,0.03692433857865205
56370,0.9262010800184555,0.04494512904474794,0.012095409149341868,0.016758381787454726
56400,0.8646075155197029,0.0714058745075912,0.021342775448146403,0.04264383452455962
56430,0.8665867900562592,0.07640543530443238,0.018564675039536873,0.038443099599771546
56460,0.8614889053301402,0.07903148314307262,0.02194980960308913,0.03752980192369797
56490,0.8609422495581616,0.07462224907854846,0.0259204400761917,0.03851506128709814
56520,0.90921271933752,0.050101064929797455,0.012580078591198508,0.028106137141483863
56550,0.8244028691914997,0.1017103703035562,0.024289815890734538,0.04959694461420934
56580,0.8875976076886858,0.0608249559983425,0.019464585773789504,0.03211285053918197
56610,0.8667010560809382,0.07729029294626542,0.019130815052190452,0.03687783592060618
56640,0.902472698170652,0.05922362955892923,0.015058490741735812,0.023245181528682605
56670,0.7631918324224671,0.1656135479738395,0.027843412350997146,0.04335120725269619
56700,0.871515189007416,0.07924842016697418,0.018876082334283305,0.030360308491326614
56730,0.9227456067116163,0.048677910933615134,0.010199737364245072,0.01837674499052321
56760,0.9004876222794042,0.0685192262087403,0.012735135749159082,0.01825801576269663
56790,0.8855675091615954,0.05878300481216559,0.01974907373587702,0.035900412290361845
56820,0.8808472572640674,0.07478775018214451,0.015891024814790856,0.02847396773899704
56850,0.9072160707981565,0.0476307458870975,0.016641880643169633,0.028511302671576446
56880,0.8541313688179117,0.08704744281958034,0.024115800398366905,0.03470538796414107
56910,0.9096958635651892,0.05071813160611154,0.014892136873537886,0.024693867955161083
56940,0.8794492923567223,0.07074057369008444,0.020985032383640616,0.028825101569552675
56970,0.8775467728359401,0.08043632729705438,0.017484335500634166,0.02453256436637156
57000,0.9372633727878549,0.04456272196260184,0.007035813534579549,0.011138091714963591
57030,0.8740219073566263,0.08758194110731783,0.018052610895507047,0.020343540640549107
57060,0.9366558273966936,0.040105279036458934,0.009652545860792313,0.013586347706055168
57090,0.8997819539888906,0.059464244909987495,0.01488357702055486,0.02587022408056705
57120,0.8976671209848,0.06854532376009456,0.014237610946435629,0.01954994430866983
57150,0.9161207527972507,0.049925411347345065,0.012106692964403485,0.02184714289100093
57180,0.9181524882320831,0.042165783239495915,0.013847975527205639,0.02583375300121557
57210,0.8953802960758834,0.059306109247225236,0.014934188511253058,0.030379406165638414
57240,0.8781817937680377,0.06946448697779849,0.01728996468092078,0.035063754573242796
57270,0.9060180634410161,0.05482345231979591,0.014829546997939183,0.0243289372412487
57300,0.8915741100710407,0.0731593458817593,0.016280505194416966,0.018986038852783032
57330,0.9036418238896778,0.06709954863241094,0.013080924217423214,0.016177703260488153
57360,0.9242566155576453,0.050780668156799345,0.00957244440304506,0.015390271882510478
57390,0.8187752142069628,0.07966935371161425,0.029177988548138696,0.07237744353328433
57420,0.8676070252820459,0.07766271757920663,0.02116881151552543,0.03356144562322194
57450,0.8879087230635927,0.0694195695688747,0.014334159268498691,0.028337548099033927
57480,0.8984511666955146,0.06082215617800658,0.015165389112440692,0.025561288014037932
57510,0.8682392880212941,0.07644746904033074,0.02326005327486149,0.03205318966351362
57540,0.9019984956271082,0.06137744048297953,0.016290557206217728,0.020333506683694366
57570,0.8947248513300251,0.06323326932875814,0.015355390588129209,0.02668648875308752
57600,0.8862621437191311,0.06399830649524911,0.01638669096208986,0.03335285882352996
57630,0.916293005454941,0.04980260748297971,0.01253309259731608,0.02137129446476315
57660,0.8893954747879327,0.06397060465661021,0.014818262939701137,0.03181565761575587
57690,0.8810052032852479,0.06363594257685184,0.02232456076441887,0.03303429337348132
57720,0.8003917367543073,0.11643120508770853,0.02636143944952573,0.05681561870845835
57750,0.8912403328010492,0.05250086066594379,0.01791878395404622,0.038340022578960874
57780,0.8118764857634362,0.107914366708043,0.024928874714374608,0.055280272814145874
57810,0.9091107596679585,0.055307319938456605,0.010824381527305447,0.024757538866279537
57840,0.9165621369137938,0.05073810219423996,0.011828062641014858,0.020871698250951275
57870,0.8234264191043458,0.09466311565202652,0.023011707363856073,0.05889875787977148
57900,0.9003477662764154,0.053570401725490005,0.012024467020925756,0.034057364977168755
57930,0.9097615048998771,0.05441631387995956,0.013470100486702047,0.022352080733461534
57960,0.8762919512460898,0.06326226916371512,0.02305570738736487,0.03739007220282993
57990,0.8644409912700991,0.08780915478023524,0.01799982084493641,0.02975003310472946
58020,0.8547579898708279,0.06979197118459371,0.02357449431559373,0.05187554462898435
58050,0.8921382058575136,0.06467275228281807,0.016056026386309263,0.027133015473359272
58080,0.8221734107594492,0.06688167770321153,0.03165727945167418,0.0792876320856652
58110,0.8742448396629151,0.05734448968423926,0.02115086856624032,0.047259802086605136
58140,0.84458223556774,0.07559626697855197,0.02194961145282672,0.057871886000881424
58170,0.8719589440347695,0.07802675486953164,0.01599521230542634,0.03401908879027259
58200,0.9216276313084955,0.047532547992348344,0.013271059475851374,0.01756876122330465
58230,0.8884454359449437,0.0667634996284552,0.01893992343008788,0.02585114099651314
58260,0.8932150263396539,0.06932993290510595,0.011626687657014299,0.025828353098225766
58290,0.8991095670120179,0.05636628169788285,0.017549222125064184,0.026974929165035105
58320,0.8457065698249637,0.0884606218294506,0.02286935314676289,0.042963455198823136
58350,0.8857551579924197,0.07551675634604839,0.013965179371768353,0.024762906289763728
58380,0.8907726859849384,0.06803900488383753,0.015834620960747194,0.025353688170476722
58410,0.895078561624985,0.06400745246688483,0.016677833925873086,0.024236151982257325
58440,0.867869789379304,0.07409394409307059,0.021677804478971316,0.03635846204865425
58470,0.9061673641020832,0.0592321146003343,0.013685468344316038,0.020915052953266452
58500,0.907013840785536,0.049753288560068325,0.014625988105379255,0.02860688254901647
58530,0.9004425336939104,0.04710218476079425,0.01705987401545505,0.03539540752984046
58560,0.9233514416776084,0.04378375894458438,0.012815897347239402,0.020048902030567577
58590,0.9021710089348743,0.06298886280190698,0.014064837551940424,0.020775290711278534
58620,0.9085461354001362,0.055979868284964276,0.014040515117718007,0.021433481197181654
58650,0.8950524322834178,0.061352750201366685,0.017781528757851498,0.025813288757364015
58680,0.8938446664834261,0.06648657566948311,0.013723402717925102,0.025945355129165897
58710,0.8567141050274488,0.08664081822768271,0.015910950846087436,0.040734125898781046
58740,0.8332737596499561,0.11299014902267446,0.022088578175480548,0.031647513151889135
58770,0.92275340149809,0.04924223560106695,0.011609892332372815,0.016394470568470206
58800,0.8773831771831666,0.0866795755727618,0.015632532856987697,0.0203047143870838
58830,0.8797705295870609,0.07813425354369816,0.016384449407047044,0.02571076746219386
58860,0.8901599138053202,0.07058538064915557,0.016181061201369917,0.02307364434415416
58890,0.8727048914376583,0.08497372917180265,0.013921929075585898,0.0283994503149528
58920,0.8790261721386942,0.07977607712863356,0.016236894466675027,0.02496085626599727
58950,0.8764931531894324,0.07109190974192821,0.01970375344588557,0.032711183622753756
58980,0.8091985238599124,0.11044624854031966,0.03141221572747066,0.04894301187229743
59010,0.894796422142168,0.06755200277847516,0.01362891977682326,0.024022655302533568
59040,0.8773934888559958,0.05608898611976658,0.019923767383290724,0.04659375764094706
59070,0.8846014110843213,0.07098733828229868,0.015229520971890481,0.029181729661489558
59100,0.7178079628685482,0.1626118069345402,0.03947711690607912,0.08010311329083232
59130,0.867141229912696,0.07563995674982987,0.01962474066621378,0.037594072671260276
59160,0.8667526293202344,0.08614672634713696,0.015443664256844158,0.03165698007578454
59190,0.8310312085028673,0.09015784047634938,0.026656446545723207,0.05215450447506
59220,0.8186780703854121,0.11096003135640595,0.032217037406381134,0.038144860851800945
59250,0.9047995609513064,0.06593932540491985,0.011632526692450108,0.01762858695132363
59280,0.7657198048554741,0.13911383257713514,0.037259029176806444,0.05790733339058427
59310,0.8082156069236311,0.09958104819889411,0.03258328055040376,0.05962006432707092
59340,0.8749296815779023,0.07190662306302327,0.020791656070318614,0.03237203928875576
59370,0.9005117682175957,0.05588631262553281,0.01634032856669338,0.027261590590178148
59400,0.8634209907588726,0.08550777858990721,0.020230612944465858,0.03084061770675423
59430,0.8517146559532559,0.07218760689109174,0.02719792467001681,0.048899812485635456
59460,0.8970577961657163,0.05976721092494002,0.016381070533867007,0.026793922375476627
59490,0.9022464688826943,0.052100211109972365,0.016120746188747096,0.029532573818586073
59520,0.8863536857878792,0.0683074282509121,0.018631255505871115,0.026707630455337437
59550,0.8826884213400784,0.07583390340379292,0.01718799393553525,0.02428968132059319
59580,0.9257900216378007,0.0458118465988955,0.00936700136004173,0.019031130403262448
59610,0.8387573771883836,0.11049527122351828,0.0189734462709787,0.03177390531711929
59640,0.8302890601024054,0.11244347228062775,0.021700855107071208,0.03556661250989562
59670,0.8821664465802647,0.06991896995908724,0.016368822422197993,0.0315457610384501
59700,0.8111610318551943,0.09045281812695531,0.0362032898822422,0.062182860135608246
59730,0.890815810354403,0.05271501520903124,0.015921850694208903,0.04054732374235685
59760,0.9078241919947386,0.056328491584474005,0.014841974380251565,0.021005342040535877
59790,0.8980639799766903,0.06717619516536273,0.014169368192013107,0.020590456665933884
59820,0.8985410416757126,0.05270610243236956,0.01530442452548303,0.03344843136643482
59850,0.9077074004675459,0.060896244928530734,0.01258014468622122,0.018816209917701818
59880,0.8736438794180819,0.08196397884175943,0.015293068609710431,0.029099073130448558
59910,0.9005404775481474,0.05914693410387906,0.014187857834551926,0.026124730513421623
59940,0.8834145418062811,0.0714401540753883,0.01628978599763573,0.028855518120695107
59970,0.8711992733840102,0.08559582191757541,0.014749874777053897,0.028455029921360692
60000,0.9059179700961442,0.06073321263600282,0.014521666631465398,0.018827150636387513
60030,0.9253818681329965,0.05400750016211607,0.00974620811143757,0.010864423593449864
60060,0.9136453823306255,0.05517094114448557,0.011558831025801993,0.019624845499087
60090,0.8777775545452898,0.08883611753917577,0.015036072208645722,0.018350255706888717
60120,0.9095627925896016,0.056792368700559544,0.014320910257468927,0.019323928452369993
60150,0.9026674379551406,0.051779182544994515,0.017052054377087546,0.028501325122777567
60180,0.8777712450722827,0.0733401483421208,0.019748299089932305,0.029140307495664198
60210,0.9012010192154699,0.05695560655074823,0.016185924899442282,0.02565744933433978
60240,0.8748053745757373,0.07450350691485697,0.01983507868452121,0.030856039824884465
60270,0.8567766389683608,0.08941884962430367,0.0192332696581801,0.034571241749155476
60300,0.852179783198388,0.09488139098820277,0.023110537674601712,0.02982828813880739
60330,0.889568144496616,0.06958026029685635,0.01712160606425391,0.023729989142273495
60360,0.8722219235040206,0.0769952929834889,0.01728660851850388,0.033496174993986334
60390,0.9004239695038307,0.05717412095775526,0.014867637783680838,0.027534271754733153
60420,0.8727867003537912,0.07672437417266978,0.020511801292512365,0.029977124181026337
60450,0.854038230437633,0.1062371349342431,0.01820570425668486,0.02151893037143932
60480,0.847372035608503,0.10484114962392324,0.01989259175009172,0.02789422301748192
60510,0.8991391492939116,0.053902637486059425,0.01797905627883896,0.02897915694119017
60540,0.8820137734144853,0.060716164647199505,0.019699036608180048,0.037571025330135316
60570,0.8618053772666204,0.07974125686122087,0.0222161348359577,0.03623723103620091
60600,0.8701385216917468,0.07030818942816157,0.023427716610146542,0.036125572269945026
60630,0.8651770590049089,0.07873347476449703,0.021315787088474585,0.03477367914211965
60660,0.8846612400599501,0.0650293164485063,0.020332646645660615,0.029976796845883023
60690,0.8839976528407267,0.060727054310601936,0.023528449058621136,0.031746843790050105
60720,0.8700508766965959,0.08208978969758095,0.01917695496961996,0.028682378636203164
60750,0.8683249050005293,0.07505628873453368,0.018417888141493644,0.0382009181234432
60780,0.8633421313354702,0.07858285501729842,0.022821473700199043,0.03525353994703254
60810,0.8131712106623321,0.10227992348154392,0.029981213564037896,0.054567652292086335
60840,0.8943231864197718,0.053854043985125714,0.014621950410536513,0.03720081918456587
60870,0.855383888793276,0.07798339248657907,0.02078413306950158,0.045848585650643675
60900,0.9072310253225068,0.05734418191625924,0.015088954476476494,0.020335838284757463
60930,0.860878994104121,0.09286202784372491,0.018990572210652316,0.027268405841501846
60960,0.8674767177248977,0.09101339835566793,0.017504494884835763,0.024005389034598645
60990,0.8560959995430149,0.09528599116127959,0.021270089947378997,0.027347919348326425
61020,0.8967461381188935,0.07109333514834067,0.013054095543496024,0.019106431189270006
61050,0.876757870428508,0.07688754740746556,0.01767665428355355,0.028677927880472805
61080,0.8924049506008703,0.06978594331828958,0.015883642991993945,0.021925463088846076
61110,0.8749453299858263,0.08035799520031824,0.019418971423957095,0.025277703389898362
61140,0.9116076518263743,0.060704219909379846,0.011189022009186938,0.016499106255058717
61170,0.9118476797852642,0.04725370990592792,0.016830965017054646,0.024067645291753
61200,0.8840516901039065,0.07415365234169202,0.01768281977291806,0.024111837781483125
61230,0.8597926992881183,0.08817005726912311,0.017831974585095473,0.034205268857663104
61260,0.8944768695393012,0.06644161304108233,0.014678336495164422,0.024403180924452136
61290,0.837886781239243,0.12595822325715378,0.016904604207963556,0.0192503912956398
61320,0.8630401128277593,0.09276992962603535,0.0182825649686438,0.025907392577561462
61350,0.904281948099646,0.0669777898200701,0.011922071168852088,0.016818190911431743
61380,0.8974036136701443,0.06818949232039666,0.015628770474139738,0.01877812353531946
61410,0.8805890707806612,0.07615840028261214,0.017214571795571475,0.02603795714115503
61440,0.868660809780209,0.08399241467763745,0.019946087952870072,0.027400687589283476
61470,0.9030931443040476,0.06396613470309337,0.01131816312562079,0.021622557867237907
61500,0.8493635727968661,0.09513917544120254,0.02143504858471677,0.03406220317721473
61530,0.876029859984013,0.06378052794107483,0.018724347196604568,0.04146526487830744
61560,0.8782504160981255,0.07038871372643511,0.020521971730828214,0.03083889844461114
61590,0.8684839537433915,0.08107783215124441,0.01982744915610865,0.030610764949255378
61620,0.89792282900023,0.0642299491371673,0.013389287114371935,0.024457934748230718
61650,0.8682564288907203,0.08418116009778837,0.020958842979605898,0.026603568031885603
61680,0.8581531783991315,0.09805222230143909,0.018819268759202295,0.02497533054022682
61710,0.90300135655737,0.057388960294438976,0.015570822391769167,0.024038860756421854
61740,0.857070385813909,0.0921588751181254,0.02106671718236545,0.02970402188560002
61770,0.8708816461363542,0.08763820991364768,0.018566734997860507,0.022913408952137605
61800,0.8654323566506262,0.09105936411528033,0.017219606564289874,0.02628867266980357
61830,0.8640311040459823,0.09414647339860384,0.015655771216430314,0.026166651338983618
61860,0.8657957342076614,0.08735409816774256,0.020259864134869607,0.026590303489726408
61890,0.8823790570703453,0.077486152895971,0.017429733134678424,0.0227050568990053
61920,0.8699235590348527,0.0842223082376204,0.01680037971116037,0.0290537530163664
61950,0.8740961157708087,0.07797653744157615,0.019137339218966005,0.028790007568649238
61980,0.7936593288637821,0.12725204748989818,0.029194899261780236,0.04989372438453982
62010,0.8447481558435788,0.0975268886651792,0.02541354588231584,0.032311409608926284
62040,0.8442995687627867,0.09923126541286034,0.026349191095329995,0.0301199747290232
62070,0.9058514302197309,0.06051401187237345,0.015428221815467918,0.018206336092427604
62100,0.9081412850611599,0.055513176413617735,0.01395382937220812,0.022391709153014056
62130,0.834927536980383,0.1014719359836358,0.023037685570843562,0.04056284146513754
62160,0.902106149457283,0.06635197141955412,0.01383090614900459,0.017710972974158336
62190,0.8547127146096156,0.0945245233486924,0.02046449508487197,0.03029826695682034
62220,0.7877582722353439,0.10179936312106087,0.02818798441080442,0.08225438023279064
62250,0.7097635508157785,0.12805691781920117,0.0439519901642619,0.11822754120075832
62280,0.8784262854564276,0.0737068494828486,0.019287931062465957,0.028578933998257956
62310,0.8876358719412247,0.06779244020906165,0.01918537273603818,0.025386315113675294
62340,0.8385626570678416,0.09127463391313403,0.028971617756581268,0.04119109126244298
62370,0.8574038895173567,0.0803438376473181,0.022611141892389802,0.039641130942935254
62400,0.8032841844117349,0.09807425782148699,0.03113589100229224,0.06750566676448587
62430,0.906554790520399,0.05477957518705302,0.014470375703405338,0.02419525858914269
62460,0.8341861427644817,0.09507138265630344,0.024330458947261876,0.04641201563195297
62490,0.8425709574067922,0.10372862732236532,0.02089836691184454,0.03280204835899789
62520,0.7773515268143403,0.11473455125797712,0.029447408691001747,0.07846651323668065
62550,0.8065782591611885,0.13407755060608825,0.023662182299953375,0.035682007932769835
62580,0.8570827630686939,0.08193288917463278,0.021138528608896062,0.03984581914777742
62610,0.7957774517480225,0.11083093532915819,0.03561727187353516,0.05777434104928403
62640,0.8881991418068061,0.06885898516907989,0.0175534715903589,0.025388401433755113
62670,0.8561787007924845,0.08591679399329422,0.02057412557954741,0.03733037963467403
62700,0.8807813605512415,0.06350181022904157,0.02142414547054295,0.034292683749174026
62730,0.8497520591178499,0.09169771230092293,0.021752356004715322,0.03679787257651188
62760,0.8206925153224072,0.13065139855410995,0.023310869718208352,0.02534521640527455
62790,0.8968129805982941,0.052754276950177655,0.019213643491562828,0.03121909895996586
62820,0.9193528274485606,0.051585569492024884,0.011243372122754388,0.017818230936660153
62850,0.8794173825713142,0.07269362328191108,0.01908203372205579,0.028806960424718985
62880,0.9066031874518641,0.05837955912814226,0.013053088941786565,0.02196416447820701
62910,0.8570433132795787,0.08957802426808466,0.022684137540366783,0.03069452491197001
62940,0.8400406964059507,0.08668575630719987,0.03069948450050644,0.04257406278634277
62970,0.7963008863227887,0.13585363657629324,0.029001321156461493,0.03884415594445632
63000,0.8752060664180689,0.07778146751033865,0.02063907947265526,0.026373386598937378
63030,0.8431443194050342,0.09841670167840579,0.0238910661401318,0.03454791277642815
63060,0.864689620554519,0.08600020271521511,0.016721974848090414,0.03258820188217558
63090,0.8590102707115664,0.08845158839950885,0.020977075747069807,0.031561065141854854
63120,0.9337330572762581,0.04384220139431868,0.00883438443324866,0.013590356896174672
63150,0.8590885702651839,0.0993009191862235,0.014962030356387811,0.026648480192205164
63180,0.8748585909351809,0.07565308078899027,0.018152382983470838,0.031335945292357954
63210,0.8193015941994521,0.09097110272912938,0.028832296462504254,0.06089500660891404
63240,0.773737542544309,0.1322435135916304,0.036381976980646415,0.05763696688341426
63270,0.9249942019600991,0.04785684886893272,0.011819980125763645,0.015328969045204387
63300,0.8957770014277118,0.06410613323992347,0.015631944395627224,0.02448492093673743
63330,0.8542488062926787,0.09014466578614877,0.02171169952351112,0.033894828397661544
63360,0.8443147597412596,0.10998107492835667,0.01914073582230573,0.026563429508077847
63390,0.8953130344812625,0.06632649495696107,0.01615706738368725,0.02220340317808913
63420,0.8630876956353621,0.09057398229138841,0.01579725430687593,0.030541067766373674
63450,0.9027850415363629,0.06218341306963053,0.014258877437694968,0.02077266795631176
63480,0.9026915880340738,0.055871959744545875,0.018233460550902213,0.02320299167047822
63510,0.8761486758609454,0.06986252969982389,0.020330679724345706,0.033658114714885064
63540,0.9010075609717011,0.06061028481165541,0.017191689462780782,0.02119046475386266
63570,0.8651904737865808,0.09517433487970675,0.019367971626503923,0.020267219707208548
63600,0.8983981687243209,0.07452949876092824,0.011649790399762711,0.015422542114988228
63630,0.8402033825033272,0.10354950231775212,0.02164417716334831,0.03460293801557271
63660,0.8975951247304292,0.06648775666815418,0.014253875049206471,0.021663243552210013
63690,0.859893708345386,0.09139789638175176,0.020439924415014563,0.028268470857847415
63720,0.9111553282380763,0.05401557616998484,0.013425430239741699,0.02140366535219709
63750,0.8822838799426188,0.07339889534720558,0.01755517208792793,0.02676205262224784
63780,0.8785918785108212,0.08403859914603919,0.016502092399519403,0.020867429943620463
63810,0.8849295678720611,0.07846281716249275,0.015199128655261998,0.0214084863101842
63840,0.886174232606407,0.07997284482660649,0.015539876233028386,0.01831304633395823
63870,0.8867702627953136,0.07726715543317682,0.01276344791594658,0.023199133855563218
63900,0.9064170204846765,0.0624835376648974,0.013724425390794317,0.017375016459632
63930,0.8842647518591182,0.08641537649157799,0.012620205047513914,0.01669966660179019
63960,0.8839937872235388,0.07082448829276562,0.01844444617371734,0.026737278309978036
63990,0.8776893936869034,0.07247029510900349,0.01751135462807627,0.03232895657601682
64020,0.8266091512100309,0.10671805077421656,0.03193869732349242,0.03473410069226012
64050,0.867990950129192,0.08928491457831357,0.017744830168048273,0.02497930512444624
64080,0.82962752793261,0.10535616876361203,0.024018210597971445,0.04099809270580648
64110,0.8952445049709851,0.07245641835830718,0.012311832480418262,0.01998724419028933
64140,0.8860455785193302,0.07536333620961676,0.014825738366928616,0.02376534690412427
64170,0.8478624312774595,0.10085958058320466,0.021740158008760096,0.029537830130575576
64200,0.9091910628739264,0.05614387345600275,0.013427447669649132,0.021237616000421705
64230,0.8987531476297737,0.0637819316217537,0.01544927894351755,0.022015641804954987
64260,0.909013219258398,0.05520427862350481,0.013566328373217472,0.02221617374487965
64290,0.9098635138317385,0.053735664236863205,0.01426210806050107,0.022138713870897355
64320,0.8886280918610417,0.07651593723709169,0.013857267669303468,0.02099870323256319
64350,0.9275468412378943,0.041709812847159154,0.01445599156247488,0.016287354352471715
64380,0.8726602629068605,0.07948949925147818,0.016412350237747304,0.03143788760391399
64410,0.8777821609356022,0.07394878022216562,0.01785500755518286,0.030414051287049236
64440,0.8949695449195141,0.06999413778008694,0.01174111199997102,0.023295205300428272
64470,0.8976614537502805,0.06272153519899579,0.017078217676955734,0.022538793373767595
64500,0.8827198518032471,0.07117240701190607,0.016463626968817462,0.02964411421602965
64530,0.8796229847263515,0.07489882661477731,0.018212456065299146,0.02726573259357207
64560,0.8287121614802467,0.11534152968021177,0.020331999108309642,0.03561430973123161
64590,0.8636275741195018,0.08931238260574807,0.016972907633886515,0.030087135640863794
64620,0.8541333594222027,0.10050818911013512,0.017729320458225083,0.027629131009437084
64650,0.8771236336501103,0.07460384046944528,0.0188429473535501,0.029429578526894314
64680,0.8619172516562873,0.0857961481381042,0.021143365261066718,0.031143234944542044
64710,0.9274385584986401,0.04905834739824758,0.008170824113668818,0.015332269989443452
64740,0.8457730281659607,0.08892126961430193,0.02770118421947325,0.03760451800026431
64770,0.9191700308404492,0.05476955627731346,0.012084852539574437,0.013975560342662811
64800,0.9200267296542761,0.04749890375365492,0.011374967356480723,0.021099399235588078
64830,0.9372065511626707,0.03764419781726002,0.011099026178415185,0.014050224841654193
64860,0.9014688113410221,0.061076839807441774,0.020585855105569994,0.016868493745966145
64890,0.9170813311388559,0.04181111308684159,0.01869149193851486,0.02241606383578773
64920,0.8685428589135155,0.07549141539432073,0.02106102333586041,0.03490470235630336
64950,0.8429786351191645,0.08310462614517196,0.02440835270381807,0.04950838603184568
64980,0.8457015836339759,0.09678571846601991,0.020104171181212546,0.037408526718791454
65010,0.9170045972379259,0.05020934706194334,0.015192197781291272,0.01759385791883931
65040,0.884447608695489,0.06972549755125536,0.017509988777874876,0.028316904975380672
65070,0.8719152221787585,0.07104166690641128,0.021573090967525386,0.03547001994730512
65100,0.8136968478257993,0.09774276007233303,0.037943789647339,0.05061660245452846
65130,0.90607018629633,0.0638659739249601,0.011583586850299022,0.01848025292841101
65160,0.8366289235748465,0.09556758266475524,0.028753329452165105,0.039050164308233146
65190,0.882271743743244,0.0858783573190116,0.012554340046006167,0.019295558891738212
65220,0.8747191619174275,0.09211029322860093,0.013578702312318947,0.01959184254165263
65250,0.9116195259327755,0.06237671946663745,0.010210814774327235,0.01579293982625995
65280,0.8842669295296499,0.07283944286152547,0.018007702732545008,0.024885924876279514
65310,0.841278308362556,0.10490795997353994,0.023185405137404337,0.03062832652649974
65340,0.8121522276945954,0.12446865300062396,0.028100586921538155,0.035278532383242536
65370,0.8818954058135687,0.0719812124459116,0.018696392943184034,0.02742698879733587
65400,0.8832018424743256,0.07947964899571973,0.014486645841846304,0.022831862688108145
65430,0.9012471425675834,0.048354407018452845,0.014637512644125569,0.03576093776983803
65460,0.8722915123088302,0.08266605056179935,0.016496447450800256,0.028545989678570412
65490,0.8789261847072622,0.07481312251941322,0.017354408086386153,0.028906284686938278
65520,0.8672760712151462,0.07642178664745401,0.020490605042209394,0.03581153709519061
65550,0.8219451063015385,0.12016900671191844,0.01982120686138839,0.03806468012515471
65580,0.912120177462681,0.05582682246625744,0.013834750402977034,0.018218249668084732
65610,0.8918276412867667,0.07163281687570038,0.014575933034614115,0.021963608802918866
65640,0.8988467646530405,0.05959285051405086,0.013970186413635925,0.02759019841927305
65670,0.8685270184066217,0.07375886791447124,0.0231964263588284,0.03451768732007848
65700,0.8146600023421754,0.11756808238705589,0.02506303374072134,0.04270888153004736
65730,0.8831336101513657,0.07311225250262265,0.01646302903355676,0.027291108312454654
65760,0.8345056382114686,0.11227850684576081,0.02149812677689062,0.031717728165880026
65790,0.9016774130382412,0.054910848605548734,0.014960239669167461,0.02845149868704245
65820,0.8852640145807356,0.06526305405510757,0.018890741825023878,0.030582189539133112
65850,0.8747659286823132,0.07807389513531744,0.018302254966017752,0.02885792121635162
65880,0.8828219606831921,0.08115452724634008,0.015753589543777098,0.02026992252669066
65910,0.860838083573716,0.09999050060369637,0.016403523936513703,0.02276789188607389
65940,0.8570816552863438,0.09602372739293638,0.01980500054192287,0.027089616778797048
65970,0.9147929361883271,0.05562684632709723,0.011973226473571168,0.017606991011004266
66000,0.9228435335931017,0.049543631733322095,0.011738208832896838,0.015874625840679283
66030,0.8852071681114113,0.0749032168855525,0.017054108153791946,0.022835506849244333
66060,0.8743708288464344,0.07020259031451956,0.020266871205681096,0.035159709633365024
66090,0.8547388944890858,0.09216318621689494,0.020033803884142734,0.033064115409876395
66120,0.8949336488335188,0.05602280765194636,0.019905601505582782,0.029137942008951666
66150,0.9140281350674064,0.05413031060327634,0.012947400457327533,0.018894153871989557
66180,0.8992833928237127,0.06149734422913902,0.01580711668180159,0.02341214626534644
66210,0.8636988123938832,0.08167500712903444,0.01734216803803621,0.03728401243904604
66240,0.8851616326044413,0.07438754095662732,0.016728471785674624,0.023722354653256762
66270,0.8196978017378574,0.08735647862733023,0.033010152752191,0.05993556688262138
66300,0.8835488465410462,0.07066908035443806,0.01851306971530085,0.027269003389214876
66330,0.8550811191731119,0.08010185964641711,0.021298997318069574,0.04351802386240133
66360,0.8916428089355216,0.06457420276979423,0.015163949504189285,0.028619038790494773
66390,0.886549466119968,0.07864969867378609,0.016935318101724724,0.017865517104521316
66420,0.8804944732130754,0.09263173501669227,0.011843457005666837,0.015030334764565351
66450,0.8906966932355037,0.07470303453215954,0.017330795740547543,0.017269476491789202
66480,0.8792109618797558,0.07473924961473613,0.018294065153704808,0.02775572335180338
66510,0.865439533964242,0.08408944843042439,0.021168501162486208,0.029302516442847374
66540,0.9253793514804401,0.04825238858032645,0.010617724641394908,0.01575053529783858
66570,0.919577326469501,0.0570205714079449,0.010583303550220599,0.012818798572333406
66600,0.885952427221651,0.07590424885884905,0.01752340184342371,0.020619922076076616
66630,0.8913626070200021,0.06338121194264447,0.017513902064741314,0.0277422789726121
66660,0.9144447710968769,0.05181729298549159,0.015153214707735809,0.018584721209895776
66690,0.8633494128129625,0.0724447311828671,0.027737035675366187,0.03646882032880424
66720,0.8472911940424825,0.060731652970827374,0.030663874971300728,0.06131327801538918
66750,0.8808665590666489,0.050134738095993406,0.018732991167129707,0.05026571167022795
66780,0.8865332499592258,0.051396691874888344,0.01980939402385557,0.042260664142030425
66810,0.8961888995328489,0.06319643571267919,0.016324293436799028,0.024290371317672813
66840,0.8974557232140852,0.07345470781392906,0.011863554800795737,0.017226014171190004
66870,0.8764401372544616,0.06777664648709816,0.01881595374736712,0.036967262511073344
66900,0.8624223866869686,0.08885792787022814,0.021234319172986203,0.027485366269817325
66930,0.906234697333273,0.05009090325088434,0.014940941570078446,0.02873345784576408
66960,0.9204921197926599,0.047925293880497204,0.013598012226288257,0.017984574100554512
66990,0.9119804139100279,0.0534802422231586,0.013225151823304245,0.021314192043509223
67020,0.8328942679704249,0.11715911624686848,0.01925293241699634,0.030693683365710357
67050,0.919721883834663,0.046484197232951455,0.012895334254799985,0.020898584677585593
67080,0.8717920135540825,0.08970668559241862,0.01780325328393032,0.020698047569568504
67110,0.8909927941717721,0.06303946479399346,0.015573773860322158,0.030393967173912333
67140,0.8081368642790269,0.06914013502184772,0.03439330527265401,0.0883296954264714
67170,0.760085249890697,0.0981858655820388,0.03862319052012163,0.10310569400714234
67200,0.8627713238033711,0.07927138896453408,0.022512815702269148,0.0354444715298258
67230,0.8798666123592356,0.06506327074782058,0.013791877566349154,0.04127823932659481
67260,0.833138671496842,0.06584628299534612,0.026309011690431747,0.07470603381738014
67290,0.844457841995553,0.06573626369840149,0.025781917360726738,0.06402397694531899
67320,0.900675309001342,0.05004006831627073,0.015532900318002134,0.03375172236438516
67350,0.9232642468478066,0.039630196076228856,0.010378112641787039,0.026727444434177614
67380,0.8883113391161027,0.08204850282079575,0.011738129158462686,0.017902028904638705
67410,0.8960422404126924,0.06824722573431745,0.013359388158387078,0.02235114569460302
67440,0.9017507219621378,0.05693495271765952,0.013599750161842835,0.027714575158359952
67470,0.877882705199186,0.07387207844603955,0.019211931823900703,0.029033284530873733
67500,0.8781249431786591,0.06896275543784092,0.01783994047396011,0.03507236090953993
67530,0.8576102036451154,0.08897493922387596,0.021253742512795815,0.03216111461821266
67560,0.9158521584672582,0.05648444914052465,0.011421160744565916,0.016242231647651546
67590,0.867282336969429,0.06888164125354058,0.02145633008043409,0.042379691696596486
67620,0.8802626761541148,0.06494244326242965,0.01986926570542453,0.03492561487803104
67650,0.8513912957332415,0.07012940107642691,0.02272581865583942,0.05575348453449234
67680,0.7993706180982654,0.09832707997730147,0.03228575082546102,0.07001655109897222
67710,0.8418005135745982,0.08283935343105679,0.0244658028054265,0.05089433018891828
67740,0.8903275285467913,0.064559387669722,0.01689873623940907,0.028214347544077808
67770,0.8745333601777826,0.06264062105767168,0.018181948307315458,0.04464407045722994
67800,0.8882386297223458,0.07256173027503628,0.014830023418611137,0.02436961658400678
67830,0.8976757373170425,0.057571581769660644,0.012535206882160765,0.03221747403113581
67860,0.8385283664124231,0.07316836864302917,0.025303417435171185,0.06299984750937662
67890,0.8742160661875482,0.06988689000439545,0.018106038457133718,0.037791005350922724
67920,0.9061267731473989,0.05919762692794022,0.013155207378093375,0.021520392546567704
67950,0.8900695666869667,0.06838006705454433,0.015594825493421437,0.025955540765067186
67980,0.8798610594556381,0.07713542695505474,0.016509123982757442,0.026494389606549745
68010,0.9067212510428494,0.05964692396703919,0.013078134560337344,0.02055369042977417
68040,0.886552530473707,0.06967444810288737,0.01725644977391743,0.026516571649488226
68070,0.8737384760025417,0.06331243788837254,0.01938292894142106,0.04356615716766475
68100,0.8856559142558151,0.06327796649812635,0.017531330061545867,0.03353478918451251
68130,0.9271834978605646,0.04408264112303355,0.012910730573409067,0.01582313044299261
68160,0.9118718557948793,0.05075900377057599,0.015049281769990002,0.022319858664554708
68190,0.8646168903299396,0.0890464199477509,0.020110289575999103,0.026226400146310398
68220,0.8668404488218041,0.0876909771261425,0.01601577139149909,0.029452802660554
68250,0.871812005555643,0.07705561757758966,0.01787511641519191,0.03325726045157528
68280,0.8522349729126736,0.0869130379106432,0.023485634165564227,0.037366355011119
68310,0.8704874889156634,0.07215514587656956,0.018502614695709386,0.038854750512057674
68340,0.8590893639653723,0.07845518882402486,0.020705561816423815,0.04174988539417926
68370,0.8846425236921824,0.07061883012373539,0.01680865995243587,0.02792998623164634
68400,0.8613753143648405,0.07862289239638852,0.023094657018120354,0.036907136220650685
68430,0.8500035899536479,0.07512463730901399,0.026723879407137153,0.04814789333020103
68460,0.8727881877643029,0.05450777780011652,0.02203200761661299,0.050672026818967306
68490,0.8773884254070327,0.062139315605488125,0.020623421133547343,0.039848837853931826
68520,0.8431965747935034,0.08892686302465623,0.023676128167756345,0.044200434014084085
68550,0.9079100888269598,0.05232454772317661,0.01590832581180193,0.023857037638061816
68580,0.8841066579674363,0.06604248670459711,0.01623857056873395,0.033612284759232794
68610,0.9117038241973414,0.05200694797436762,0.0126528591120175,0.023636368716273348
68640,0.9056414117025183,0.052390902108217875,0.015700983905375415,0.026266702283888013
68670,0.8791828849746125,0.05864655711895151,0.01988098735250353,0.042289570553932426
68700,0.8896185836757523,0.06681195844559262,0.015911338505358433,0.027658119373296732
68730,0.904954372555517,0.059577164052842614,0.015312770125427075,0.020155693266213286
68760,0.9143356448370545,0.048711670935626526,0.013989670476935048,0.02296301375038396
68790,0.8890815143489557,0.07463740163921823,0.012630240428901839,0.02365084358292435
68820,0.9122645744527117,0.04416541865763638,0.014273722269715933,0.029296284619936136
68850,0.910449335501768,0.05411669878316523,0.01504094686450027,0.020393018850566536
68880,0.8693378754544915,0.07417941527374207,0.022133065768701103,0.0343496435030653
68910,0.9120970344571113,0.041973194452412405,0.014300102838405127,0.03162966825207138
68940,0.9028853008725123,0.05676689005656943,0.013239996862537682,0.027107812208380745
68970,0.9131759969778257,0.051575884822726896,0.012802896597535546,0.022445221601911744
69000,0.8767676816727876,0.06202239075550162,0.019585806140681464,0.04162412143102907
69030,0.9142179312869696,0.047314128535978946,0.014231249339095824,0.0242366908379555
69060,0.8776313015344581,0.06852082879902062,0.016802830919096495,0.037045038747424874
69090,0.8471571303555028,0.07419447408074033,0.024624126967745998,0.054024268596011116
69120,0.8297289318329882,0.1015506743974507,0.022951031443327777,0.0457693623262332
69150,0.8787921516587799,0.07796237926148036,0.01595165751149184,0.02729381156824782
69180,0.8607071920463663,0.08376544661724804,0.019111248102970792,0.03641611323341499
69210,0.8640998632401066,0.09046680038273618,0.01940465238889494,0.02602868398826248
69240,0.9144529904001703,0.044740569759459614,0.017092355203297455,0.02371408463707256
69270,0.8235521317666465,0.09522497381342412,0.02304362566035985,0.05817926875956965
69300,0.8791345097532312,0.05785147246069317,0.021781793811363054,0.041232223974712844
69330,0.9040242397205618,0.05784509109750063,0.011067458479212021,0.027063210702725587
69360,0.8272015120871292,0.09351414935092618,0.024223128267019167,0.05506121029492562
69390,0.8723171720100096,0.07425576382006366,0.02049070347291337,0.03293636069701327
69420,0.8642685422333338,0.08877733606484185,0.01630471994374889,0.030649401758075227
69450,0.9172613615521685,0.05727462628408903,0.010834892085561074,0.014629120078181358
69480,0.8955720137315015,0.0680050198013668,0.014387385172605762,0.0220355812945261
69510,0.9038350818261099,0.058504118044087325,0.014865949328729254,0.022794850801073418
69540,0.8523609294913811,0.07998485867688844,0.023424340097665773,0.04422987173406464
69570,0.9057845197902616,0.04489222582173762,0.013865131665983998,0.03545812272201672
69600,0.9039391759036968,0.048484154883575596,0.017898477900102266,0.029678191312625522
69630,0.9425825031661427,0.035570117135559076,0.008215854306814544,0.013631525391483759
69660,0.9284332007159575,0.043405476811651675,0.010463040872477618,0.017698281599913098
69690,0.9027779407304702,0.05081929681373705,0.013346311470577209,0.03305645098521542
69720,0.9294280539552748,0.04044330423139775,0.011091754184613898,0.01903688762871354
69750,0.9059921339323034,0.05060329227106889,0.015119119412451873,0.028285454384175856
69780,0.9153971070998502,0.05772100288796765,0.011404271797643403,0.015477618214538807
69810,0.8902056248885406,0.07646220426343935,0.014491146264276026,0.01884102458374406
69840,0.9214402545878615,0.04516338273626201,0.013025693793644289,0.02037066888223209
69870,0.9172429155902148,0.05142149082140479,0.013549018027525927,0.017786575560854757
69900,0.9023583510195302,0.06039335574759934,0.014118928422508583,0.023129364810362006
69930,0.9103097594207825,0.06039331097361003,0.01403296025749272,0.015263969348114933
69960,0.884203566630301,0.07229112659234992,0.016515474855712947,0.02698983192163618
69990,0.9203944495026033,0.05495047390033401,0.01079876258529131,0.013856314011771453
70020,0.8914410814305354,0.06280739105009957,0.017611730876298994,0.028139796643066255
70050,0.8656420088651816,0.09242426210155731,0.0158285990978641,0.02610512993539712
70080,0.9097445805215689,0.056351687080518055,0.012658383986211112,0.02124534841170204
70110,0.8811666118620849,0.08989181504259028,0.01280976530778648,0.016131807787538043
70140,0.877187291780154,0.08056201581546729,0.019021304178760287,0.0232293882256185
70170,0.8297404390200889,0.10319690311651218,0.026157193437719967,0.0409054644256787
70200,0.9298731709982646,0.03946055680094427,0.010316345682134992,0.020349926518656167
70230,0.865746788190826,0.08862135242583305,0.01706048793079898,0.028571371452541804
70260,0.8621597562294966,0.08703652549614604,0.018255823150073076,0.032547895124284146
70290,0.82815747867806,0.08730978158080673,0.02926726872212535,0.055265471019008
70320,0.8854465205213212,0.07062436005153372,0.016288314216872265,0.027640805210272887
70350,0.8329639793074034,0.10695689026433118,0.023620120612447754,0.03645900981581741
70380,0.877775793434743,0.08258252919685503,0.01656676663165818,0.02307491073674413
70410,0.8740379847268724,0.07788554785685753,0.018536909311890424,0.029539558104379433
70440,0.8814117223888707,0.07900526645991066,0.017430927284488,0.022152083866730544
70470,0.8719929829619343,0.08139280869276169,0.01767383806822021,0.028940370277083637
70500,0.9073765278510885,0.05757178949173193,0.014089855062196151,0.02096182759498347
70530,0.882906186042389,0.07880624860673012,0.014236805713380509,0.02405075963750044
70560,0.8984543425082774,0.06268151696691651,0.016370870195087477,0.02249327032971859
70590,0.8636484676394113,0.09372494554796887,0.019358317192311708,0.02326826962030798
70620,0.8553689880899218,0.09957514787171684,0.018752775430715313,0.026303088607646026
70650,0.8652475439572882,0.07533418554716573,0.02125779861440216,0.038160471881144284
70680,0.9048358092401343,0.06512421183346276,0.012441678654184073,0.01759830027221904
70710,0.9040630711574931,0.048307299055542326,0.01717351009308862,0.03045611969387617
70740,0.8966981718516643,0.06318478814562878,0.014979834207878217,0.025137205794828848
70770,0.8781528331389864,0.07885890778606681,0.018609234217604447,0.02437902485734236
70800,0.9158787221303355,0.05805177492859181,0.010558420789062578,0.01551108215201003
70830,0.910820065756861,0.06212637016498279,0.01181519573351061,0.015238368344645654
70860,0.8930167154340782,0.06907049987167785,0.017009310944559455,0.020903473749684424
70890,0.8814648425135165,0.07822191486418323,0.016280401089490772,0.02403284153280934
70920,0.895125754530416,0.0741032546821143,0.014619429024775437,0.01615156176269436
70950,0.8992974657514821,0.06033398350306299,0.015098455604537079,0.025270095140917683
70980,0.8688863870005156,0.07405177008730832,0.018415348049075658,0.038646494863100594
71010,0.9161111433121699,0.05155143241714856,0.013852063453523442,0.01848536081715817
71040,0.9094311809040833,0.06359675778787462,0.011886009618260864,0.015086051689781308
71070,0.9197277760657643,0.049209079330986075,0.01060403655467169,0.02045910804857817
71100,0.9083612777847839,0.054879224586593695,0.015814228056037192,0.020945269572585173
71130,0.921172297949254,0.051127630993325644,0.012636700995507604,0.015063370061912718
71160,0.8833189087071861,0.06087674951293858,0.020966181681211095,0.03483816009866423
71190,0.8993421995361888,0.06498862859935942,0.015840363788684055,0.019828808075767833
71220,0.9142817606703452,0.059423750923151636,0.012272224946667352,0.014022263459835907
71250,0.883018944608834,0.07502517746334124,0.016770807795083158,0.025185070132741634
71280,0.8606257960659925,0.09178255098054544,0.018391793353581185,0.029199859599880966
71310,0.8405872759387416,0.10228933628967679,0.019069118376138453,0.03805426939544318
71340,0.91721722743598,0.051959868086023354,0.011349923322630691,0.019472981155365922
71370,0.8635199178769961,0.10470607182159306,0.012985958228178728,0.018788052073232045
71400,0.8904927038776705,0.07293372749784113,0.01476730085934187,0.021806267765146332
71430,0.8819043262298881,0.07645907990009816,0.015157337805353102,0.02647925606466101
71460,0.8543296735142667,0.08571698217686524,0.022914079062848567,0.037039265246019255
71490,0.9094881332222805,0.05771182447253526,0.012031224989930972,0.020768817315253277
71520,0.9211201964266048,0.05053306114657468,0.012262351041331783,0.016084391385488752
71550,0.8525033113858062,0.0907720943016218,0.020815920733929058,0.03590867357864292
71580,0.9055977985256316,0.062218413250573104,0.014227703870907911,0.017956084352887508
71610,0.8677605491966425,0.07432923521470165,0.021753640487741123,0.03615657510091456
71640,0.9087134580654873,0.05170137530130431,0.013817249489117129,0.025767917144091507
71670,0.808854297132583,0.1023487704323496,0.029836537182114764,0.05896039525295272
71700,0.8538914064995496,0.06442913871716721,0.02045442248095147,0.06122503230233178
71730,0.8469359002935692,0.08765222441503238,0.021940664676904198,0.04347121061449415
71760,0.8805569748217357,0.06478373925444467,0.018009421216055276,0.03664986470776427
71790,0.9076953657753764,0.05408222707615198,0.013462337629913381,0.024760069518558366
71820,0.8904198429335554,0.06502682463306528,0.014083408554242864,0.030469923879136555
71850,0.8899969578002419,0.06924685408316515,0.014997903089156855,0.025758285027436004
71880,0.8629855687812896,0.0644625880059175,0.021202919577998303,0.0513489236347945
71910,0.8767362233769082,0.05986998117512646,0.019488406492608433,0.04390538895535712
71940,0.7865657241724406,0.09668594659790856,0.033931833578368015,0.08281649565128316
71970,0.8630852135059363,0.07219980112135593,0.019772522952506717,0.04494246242020083
72000,0.9304203966535318,0.040188900079098505,0.010544342526105687,0.018846360741264022
72030,0.8974936803674762,0.056337838190927726,0.017114814778616132,0.029053666662979975
72060,0.8836492998269786,0.06674557321383622,0.01969769197723195,0.029907434981953203
72090,0.8640922450474837,0.079446346571394,0.020284191789618107,0.0361772165915043
72120,0.8984775033384125,0.06288718038814003,0.013995109700106145,0.024640206573341226
72150,0.9105781001793354,0.045780212295148254,0.013750594633936401,0.02989109289157991
72180,0.8773736195086067,0.06519197794394566,0.017856101182987607,0.03957830136445982
72210,0.8707152560496347,0.0655082549142068,0.017357092748506487,0.04641939628765188
72240,0.870119243308382,0.06124321285131918,0.02011402108929178,0.048523522751007124
72270,0.9100186710526889,0.05477674349969486,0.010799824412625279,0.024404761034991024
72300,0.902549186957069,0.06389255708688765,0.012436900802742455,0.02112135515330095
72330,0.894370475737512,0.059323216549994805,0.017630888684781208,0.02867541902771166
72360,0.9031841665412914,0.05640976501086022,0.01520402268605088,0.025202045761797652
72390,0.8507558552032893,0.06544926548401071,0.030731128242026583,0.05306375107067341
72420,0.8717044102767185,0.0683951331849321,0.020206273511594035,0.03969418302675543
72450,0.8126069702864239,0.0869521739759387,0.029553233421623883,0.07088762231601343
72480,0.8870419946939144,0.05873676369030092,0.015669849715372115,0.03855139190041263
72510,0.9093152837695551,0.05417416963857007,0.013032871035643264,0.0234776755562311
72540,0.8794298102763869,0.07878401012967483,0.016623138379229588,0.025163041214708567
72570,0.8668089871301886,0.07717308181721222,0.020178670430166443,0.035839260622432416
72600,0.9337968321609849,0.043195217126182774,0.008419115810410627,0.014588834902421797
72630,0.9141165142312677,0.05196830633022597,0.0127714226733927,0.02114375676511347
72660,0.9229755652532396,0.0495882742008016,0.010028715002786485,0.017407445543172327
72690,0.9375223438270532,0.03972627014821906,0.008616778502055604,0.014134607522672336
72720,0.8942018944572104,0.05576288306146074,0.017980526187223945,0.03205469629410519
72750,0.9157330148462353,0.057011583353937724,0.01055786840557082,0.016697533394256312
72780,0.8725784295070983,0.0878304704717419,0.015676480123101487,0.02391461989805835
72810,0.87956389270837,0.07773646630166695,0.017206542458137464,0.02549309853182563
72840,0.9066331469401505,0.055935125694959884,0.014166963573758075,0.0232647637911317
72870,0.8653679857467629,0.08144262134788785,0.019645203332413593,0.033544189572935576
72900,0.912283558178504,0.05461751954235897,0.013491032033077914,0.019607890246059065
72930,0.9389196856591964,0.03941528768355931,0.00897855219632397,0.012686474460920303
72960,0.8283191237417286,0.10177003554192829,0.028598658212945525,0.04131218250339754
72990,0.838626302270067,0.09870207123012481,0.025176886711766502,0.037494739788041576
73020,0.8633887981844177,0.06987316487256504,0.022698599309111025,0.044039437633906116
73050,0.8586862484822898,0.08826061830936771,0.021883998699560352,0.03116913450878231
73080,0.8874947830601976,0.07016107901660505,0.01657675455183517,0.025767383371362026
73110,0.8689068029877232,0.07802586830833776,0.01859447624731834,0.03447285245662119
73140,0.8936130536488496,0.06361542484624791,0.014442453994337478,0.02832906751056494
73170,0.9114454170131538,0.05709456769826413,0.013556430745410611,0.017903584543171456
73200,0.9067400120948831,0.057849046349466374,0.015440590615625763,0.019970350940024667
73230,0.8855664972298479,0.05854313402814107,0.016468806544212806,0.039421562197798396
73260,0.9150588760050541,0.050745396457830785,0.013738904413106011,0.020456823124009205
73290,0.8756130427720265,0.07585502404020794,0.020757671711560104,0.027774261476205445
73320,0.8468249111478402,0.09475765401238499,0.022328914650047278,0.036088520189727656
73350,0.932945959606559,0.03904368228425268,0.011514435530962153,0.016495922578226272
73380,0.908654183600737,0.05903901868807518,0.013563670519590489,0.01874312719159704
73410,0.8741814329134233,0.06996081259088076,0.02398648951150435,0.031871264984191496
73440,0.8935844124716015,0.06500623289015041,0.018007730090284793,0.023401624547963667
73470,0.8908717127128725,0.05385575967682655,0.019774566072433816,0.03549796153786701
73500,0.8784248884324307,0.08644951522974607,0.013804521380482196,0.02132107495734118
73530,0.8725754381263853,0.08204557652123459,0.01704601285868222,0.02833297249369788
73560,0.8817131098896771,0.06912066556856533,0.016609011515053854,0.03255721302670372
73590,0.8855070286130255,0.06767821327001064,0.015268693048025774,0.03154606506893796
73620,0.9134740756974782,0.05638086667333592,0.012480214699783205,0.01766484292940253
73650,0.8861611614284841,0.0755730470897437,0.01520021120107066,0.023065580280701548
73680,0.8616873242993365,0.07667575556839719,0.021180698631145974,0.040456221501120174
73710,0.8787398762416279,0.07780432948115493,0.0162605804522887,0.027195213824928465
73740,0.8681449109550038,0.09214331872506107,0.016271610158633338,0.023440160161301776
73770,0.8841814358096144,0.0688560138374939,0.017191592798693648,0.029770957554198132
73800,0.8249036993465664,0.09808556794818055,0.02755855670488781,0.04945217600036517
73830,0.8634864794571493,0.059071042102372365,0.023724417785835943,0.05371806065464218
73860,0.8724992479123931,0.0801768217070329,0.01923034585171175,0.028093584528862185
73890,0.8239973486685174,0.11106264330732055,0.02295809478018886,0.04198191324397343
73920,0.8365726945866908,0.0943309381426836,0.022688147045454066,0.046408220225171465
73950,0.9073269058050508,0.05438001898056071,0.013775777762603497,0.024517297451784974
73980,0.8723483151135775,0.08617990615615406,0.01648407412665275,0.024987704603615508
74010,0.8802389313303122,0.0659740734925247,0.023414287563836324,0.03037270761332691
74040,0.9037470231141058,0.06366683031559267,0.013009983898647593,0.019576162671653997
74070,0.9009010321085712,0.06140478974166374,0.01635220790874372,0.021341970241021687
74100,0.8463637791018374,0.10425508502254797,0.02197999925834356,0.027401136617271164
74130,0.8669249533910867,0.08821033295706254,0.01797971447224388,0.02688499917960699
74160,0.9091445209426007,0.06285313017091587,0.011437818259914951,0.016564530626568534
74190,0.8660607543411738,0.09051625931189362,0.018744848902026236,0.024678137444906115
74220,0.8906871142847064,0.07078958222977054,0.012004944499919627,0.02651835898560342
74250,0.8715934775158648,0.08397990426544102,0.016233507962336042,0.028193110256358116
74280,0.9170675812479134,0.05464001108708102,0.011687521733905071,0.01660488593110046
74310,0.8689108384878913,0.08572934081254793,0.021771554599446873,0.02358826610011403
74340,0.8988398216212635,0.0692699687607344,0.01330817106387483,0.018582038554127423
74370,0.8691574252752301,0.07913288947567312,0.019360020182633567,0.032349665066463196
74400,0.8691151885118747,0.08371186778143232,0.019986912003198427,0.027186031703494533
74430,0.881281622224022,0.0797263325821208,0.013505873186214556,0.025486172007642322
74460,0.907672216449923,0.054534679996976226,0.015224654204711195,0.022568449348389336
74490,0.8862991565914794,0.07575102845039147,0.015905282015433026,0.022044532942696135
74520,0.9142642751615873,0.05493934643276691,0.01174886691292215,0.01904751149272362
74550,0.8839694558724394,0.06771138318573539,0.017541857128877205,0.03077730381294817
74580,0.9132720100162361,0.05231845884159259,0.01406333912616825,0.020346192016002802
74610,0.8748146396459232,0.08336842644783181,0.01663329988292075,0.025183634023324304
74640,0.8914793735479969,0.0652513690974288,0.016394416317495063,0.02687484103707928
74670,0.9088614713856701,0.05494060364462658,0.012002651066012846,0.024195273903690726
74700,0.892432272343644,0.058390296015255104,0.015502056970257463,0.03367537467084338
74730,0.8794347911629428,0.07605113058115644,0.017670117439730706,0.026843960816169982
74760,0.8372035137040729,0.1043802329345248,0.027667829046561374,0.030748424314841243
74790,0.8205094102644332,0.13400896801722426,0.01918385512057783,0.026297766597764553
74820,0.8857781026241881,0.0766091307431967,0.014250114546064108,0.023362652086551187
74850,0.8817605765176431,0.06596483714111939,0.02115704287641471,0.031117543464822945
74880,0.88329302569325,0.07059137020035613,0.01682729525312782,0.029288308853266144
74910,0.8718123911117038,0.08075026724538484,0.019723932483586833,0.027713409159324517
74940,0.8900957896004829,0.08163306832206944,0.01264772570063805,0.015623416376809323
74970,0.8760582700183064,0.08189562587196919,0.01821028128795709,0.02383582282176757
75000,0.9085238207556808,0.06096013905297347,0.012416801544245978,0.01809923864709971
75030,0.9054526553409368,0.05640505963548738,0.014506334834775697,0.023635950188799916
75060,0.8655267849653585,0.06929732698289867,0.025057480472189416,0.04011840757955358
75090,0.8795032333300659,0.05654444973712431,0.024589885341369223,0.039362431591440386
75120,0.8663686473083919,0.08683900331765346,0.01772871121679126,0.029063638157163296
75150,0.8706291950563791,0.08742899436307666,0.016129849378006687,0.025811961202537804
75180,0.8857809265149668,0.06484349201419692,0.01840149364488912,0.030974087825946982
75210,0.886650611265615,0.06553548287940025,0.019132009191941784,0.02868189666304291
75240,0.9107209896517965,0.05384987518002709,0.013142011875908056,0.022287123292268313
75270,0.8420521883426205,0.08195731605104323,0.027661751480157825,0.04832874412617846
75300,0.8834800638053638,0.0707098302306838,0.01657392543745186,0.029236180526500472
75330,0.9267997798977573,0.04161462878760979,0.01373766335040655,0.017847927964226337
75360,0.8685468132843366,0.0731600448911341,0.020585449945304552,0.03770769187922489
75390,0.9084223520733252,0.05565367525641427,0.014478298498673147,0.021445674171587544
75420,0.8805108978201512,0.08065217816239675,0.01596988339072613,0.022867040626725715
75450,0.8671408791626433,0.07178650325774645,0.02570334331628657,0.03536927426332366
75480,0.8806204797553265,0.06270295325218182,0.02059936188929269,0.0360772051031987
75510,0.8817193705669447,0.07020304119753082,0.018374096698297464,0.029703491537226952
75540,0.885627375026963,0.07114031767234313,0.016273527522625588,0.026958779778068345
75570,0.9074487061986308,0.051522862030630744,0.013986252950077936,0.027042178820660248
75600,0.8874760205057127,0.06199025602936768,0.018106570552298643,0.032427152912620764
75630,0.8937265352020923,0.0636577986393606,0.015488782825108056,0.027126883333439024
75660,0.9097550566148246,0.059586091754344005,0.012127961093077325,0.018530890537754204
75690,0.9070120062244612,0.06675453474045118,0.00934030807190661,0.016893150963180944
75720,0.9151455118457087,0.05946717114407443,0.010546357736453365,0.014840959273763438
75750,0.9049019470584905,0.048344015010764095,0.01763495123969488,0.029119086691050452
75780,0.8596823151557919,0.07724889896130359,0.02751610787236016,0.03555267801054416
75810,0.82196347345368,0.11581392597856574,0.02502790837967196,0.037194692188082294
75840,0.9212973646023745,0.05054072690167012,0.011278210481513598,0.016883698014441725
75870,0.9346916184505092,0.04835724971445435,0.0072201745019619,0.009730957333074603
75900,0.8874690300247844,0.0729902477138316,0.017217586380927415,0.022323135880456476
75930,0.8870798738922724,0.07670054135732776,0.01582270631284008,0.02039687843755984
75960,0.9116804188636076,0.054578528634309835,0.014303916185583746,0.01943713631649859
75990,0.8893798078994822,0.07423492402969056,0.01458129461456695,0.021803973456260395
76020,0.903221828743363,0.042114932255418826,0.018071351364856544,0.036591887636361786
76050,0.8515950520469517,0.08613288741443782,0.02202716727930738,0.04024489325930308
76080,0.8824211338845352,0.0702847755165502,0.01995109270918866,0.027342997889725867
76110,0.8012578262904857,0.13169521376103532,0.027502259368027412,0.03954470058045172
76140,0.7065165157453228,0.1350369324486234,0.05155301442585978,0.106893537380194
76170,0.7750320398382381,0.11620636080924424,0.035780466368176424,0.07298113298434121
76200,0.7930878918924353,0.10003811060410078,0.03543707299116649,0.07143692451229741
76230,0.8265964375931792,0.08829044553271866,0.027977692622243127,0.05713542425185896
76260,0.8249392619653787,0.08490442723145118,0.027633443190884205,0.06252286761228605
76290,0.882461051788098,0.0702196451909177,0.017122781731921173,0.030196521289063253
76320,0.9209625992210984,0.049204508042960705,0.010538778007935018,0.01929411472800576
76350,0.9024313903586337,0.06285608814000407,0.012836387874158663,0.021876133627203524
76380,0.8865209058523255,0.06611295526841585,0.018844520111994247,0.02852161876726439
76410,0.8891528419510425,0.06968369837184603,0.016236297365512985,0.024927162311598465
76440,0.8931459331061835,0.0668126265659167,0.015828446691477423,0.024212993636422493
76470,0.8579834700517582,0.08008048975191945,0.021146921145137106,0.040789119051185235
76500,0.8790972042073555,0.07691538024321984,0.016639971611438046,0.027347443937986562
76530,0.9017978604971303,0.050327732327646306,0.01613393267479706,0.031740474500425976
76560,0.9137100150210319,0.048668907818629016,0.014471596181419525,0.02314948097891934
76590,0.9169862887593732,0.045823840291015695,0.01442076618594492,0.02276910476366641
76620,0.9147366061415246,0.04409072997636216,0.0148199507706264,0.026352713111486577
76650,0.9148942021699421,0.04246101284661666,0.012783400831287522,0.029861384152153555
76680,0.9314313851804936,0.04081781705178344,0.011188438909594102,0.016562358858129036
76710,0.9117260193230093,0.05638527325323594,0.012010718521592014,0.0198779889021627
76740,0.9215105060283303,0.052314852468720384,0.0120024962523944,0.014172145250554933
76770,0.8605991241474372,0.09242892800158402,0.021170127182950714,0.025801820668028056
76800,0.8945838243570587,0.07579433564684174,0.013690934351854114,0.0159309056442455
76830,0.9029940694420648,0.06579348135669119,0.012882643442435452,0.018329805758808618
76860,0.8525876366196475,0.09429243205637154,0.020318746671626142,0.03280118465235477
76890,0.8905209937023564,0.06504821185610232,0.016660725023591096,0.027770069417950096
76920,0.8936878927835036,0.06501634367705712,0.015667664682203212,0.02562809885723614
76950,0.884963872320761,0.07878697212079995,0.01431373408787659,0.021935421470562357
76980,0.9030403605073777,0.06302220458384783,0.01597088402607139,0.017966550882703176
77010,0.9019834744007327,0.060600077870742265,0.014217875296099233,0.02319857243242571
77040,0.8981757587967293,0.057034437696094516,0.015581778465791606,0.029208025041384707
77070,0.9008112224261412,0.06456178549425792,0.013709914752685503,0.020917077326915435
77100,0.888095575274886,0.06356464739697468,0.020753333522142123,0.02758644380599732
77130,0.8492388654588391,0.08438469250580082,0.028882625720108544,0.037493816315251456
77160,0.8789095735669535,0.07330362721062565,0.019969287491131103,0.02781751173128998
77190,0.8387704245305815,0.12192827236333492,0.018173201725289752,0.021128101380793962
77220,0.899698871514438,0.0673596312621874,0.012173068342439931,0.020768428880934556
77250,0.8957165080987333,0.059987669066998935,0.01504827730490059,0.029247545529367005
77280,0.8802194629721112,0.07984831542798967,0.014992619275085613,0.024939602324813695
77310,0.8746951120341745,0.07977138615174989,0.018846496961590485,0.026687004852485235
77340,0.8598043139215011,0.07974257117105867,0.02227111131164024,0.038182003595800124
77370,0.8999588407123156,0.07007510919972851,0.013234164442667125,0.01673188564528883
77400,0.8629506620686201,0.083120726285684,0.02326416541940237,0.03066444622629367
77430,0.8304300432980687,0.10325279667818062,0.023407886167798892,0.04290927385595181
77460,0.8414480901037563,0.10246535493965658,0.02366362958344397,0.032422925373143466
77490,0.9072006886853735,0.05983712116567422,0.014238759878822593,0.018723430270129692
77520,0.8329069019286404,0.10194975511259308,0.02622188977082396,0.038921453187942705
77550,0.8752067853962695,0.08377544394446468,0.01750492292476524,0.023512847734500745
77580,0.8561520881630194,0.09416011908008314,0.018356103345769665,0.03133168941112796
77610,0.7928754212739477,0.1276513768629948,0.029617725826448706,0.049855476036608774
77640,0.8430656153859504,0.11670694492919016,0.01867020899876874,0.021557230686090806
77670,0.8138787593693436,0.1297713864656238,0.02002228734167064,0.036327566823361974
77700,0.8574100372456247,0.10853195291531129,0.014574901198009027,0.019483108641055156
77730,0.9181251908061845,0.0601281490411904,0.009762107766523424,0.011984552386101698
77760,0.880205691841067,0.08292597323878799,0.015443256198838193,0.021425078721306938
77790,0.8910918336371783,0.07654939881450308,0.014680844755682708,0.01767792279263612
77820,0.8940380793970025,0.07141067303826447,0.013854634401214322,0.0206966131635188
77850,0.8351147995610353,0.11507699600987328,0.02086815923384601,0.028940045195245463
77880,0.8002095327190355,0.1324343032093571,0.023334165473949953,0.04402199859765746
77910,0.8050504545098609,0.13300778567294538,0.021580603940716814,0.04036115587647704
77940,0.7918741987864835,0.1378054825081861,0.0256938662371911,0.04462645246813934
77970,0.8499296832937395,0.09592136429819909,0.021624181435676244,0.03252477097238516
78000,0.8097505073725034,0.13153877831915323,0.02615449906333766,0.03255621524500564
78030,0.8174634912206822,0.11636757051996399,0.027213458187011,0.03895548007234286
78060,0.8077032869170637,0.1391509996632518,0.021116894857085636,0.03202881856259849
78090,0.8896136545936483,0.07587740235475006,0.014198860723604028,0.02031008232799787
78120,0.8656119322898851,0.10526367582300475,0.013060182889256616,0.016064208997853453
78150,0.8536707701969047,0.10025998472751403,0.01907914844875044,0.026990096626830953
78180,0.8077789727205209,0.12335970743703974,0.02655097908792451,0.042310340754514925
78210,0.8648711396294272,0.1001243066408509,0.017855086161937764,0.01714946756778406
78240,0.8639990441466732,0.09817402431929086,0.015529141843329049,0.022297789690707222
78270,0.8358271696212805,0.12109363544002395,0.01985073859348466,0.02322845634521093
78300,0.812394259081553,0.13256303692262972,0.023984694286100797,0.031058009709716453
78330,0.8297544074603364,0.11013741496268833,0.023238110776815424,0.03687006680015996
78360,0.9016151694188556,0.06603776697897822,0.01387541598777593,0.018471647614390185
78390,0.8683040556975973,0.09809698350335343,0.01329151544030162,0.020307445358747664
78420,0.8272115564965062,0.12496818803021065,0.02074579671441494,0.02707445875886799
78450,0.8906882805933586,0.07382032048835328,0.013612928240790226,0.021878470677497833
78480,0.7652926259256376,0.15257871162699974,0.0456716960188428,0.036456966428519796
78510,0.7952204730216386,0.1418551273314975,0.02408329714748162,0.03884110249938226
78540,0.8194258343219526,0.11879181327526386,0.022146700384324553,0.039635652018458804
78570,0.7678262129027161,0.1469526139208854,0.02991878277027456,0.055302390406124
78600,0.8133446334412886,0.11799871486844965,0.023427999335429182,0.0452286523548327
78630,0.8758492055519919,0.08829494136515814,0.01790071253711024,0.01795514054573965
78660,0.8472434969216572,0.1085469272854811,0.019425629400497902,0.024783946392363757
78690,0.8446892159054881,0.10484619185748269,0.022642744946861297,0.027821847290168126
78720,0.8089092096050854,0.13237882131334336,0.0279935069643705,0.030718462117200706
78750,0.8669645887287425,0.0918965555089381,0.018078455330973964,0.02306040043134538
78780,0.8744482012559824,0.09053372842764829,0.014749804960203053,0.020268265356166403
78810,0.7493948509969635,0.14460056323406253,0.03600764730994112,0.06999693845903289
78840,0.7557175935106379,0.17068906014614452,0.03164911900981293,0.04194422733340452
78870,0.8371122320684706,0.10158580284212591,0.02574674604751055,0.035555219041892974
78900,0.8871749280531317,0.07880673139284354,0.014677226633847776,0.01934111392017704
78930,0.8410137171933202,0.11308599630867755,0.020759656073709554,0.025140630424292817
78960,0.8769098716773173,0.08788936273877734,0.016402514535854867,0.01879825104805014
78990,0.9033864672130231,0.06846458500101454,0.013520906346192029,0.01462804143977036
79020,0.9018966668137527,0.07115395573741373,0.012114225421785117,0.014835152027048581
79050,0.8465565899664359,0.09945269155382003,0.01771181117568669,0.03627890730405737
79080,0.8163440938402354,0.1419886371522127,0.02041425945390687,0.02125300955364514
79110,0.872492075367348,0.06429855123185825,0.018444523156050583,0.04476485024474328
79140,0.8797884217608184,0.08034207273795298,0.013935743382773423,0.025933762118455356
79170,0.904625492716843,0.0603101046904043,0.012960377240799964,0.022104025351952775
79200,0.867624725467026,0.10103105270211983,0.01621880489528491,0.015125416935569253
79230,0.9123094534572956,0.06549931506951662,0.010355700316183249,0.011835531157004569
79260,0.8989777337306608,0.0742150397133165,0.01066562099921565,0.01614160555680725
79290,0.791076731758263,0.12204533546426623,0.03194309218292425,0.05493484059454658
79320,0.7827587514449824,0.14196011687275029,0.03210885013019931,0.043172281552068016
79350,0.8342711489104856,0.10118316648649464,0.0253326974951314,0.039212987107888383
79380,0.8768588483378269,0.08046466333190809,0.016990210685370925,0.025686277644894083
79410,0.8075832664278234,0.12158511950113328,0.030700820008767293,0.04013079406227634
79440,0.9025641219684576,0.06283992271144963,0.013859749346607554,0.02073620597348518
79470,0.8461435908594395,0.1032771040879077,0.02206373741136998,0.028515567641282914
